anio,numero,asignatura,tema,enunciado,opcion_1,opcion_2,opcion_3,opcion_4,respuesta_correcta
2015,1,Estadística y Metodología,Bioestadística,El potencial de equilibrio para un ión permeante a través de una membrana se calcula mediante:,El equilibrio de Gibbs-Donnan.,La ecuación de Goldman-Hodgkin-Katz.,La ecuación de Ohm.,La ecuación de Nernst.,4
2015,2,Fisiología y Anatomía,Sistema Nervioso y Sentidos,"Tras la recepción de la luz, la permeabilidad de los fotorreceptores al:",Sodio disminuye.,Potasio disminuye.,AMPc aumenta.,GMPc aumenta.,1
2015,3,Fisiología y Anatomía,Sistema Nervioso y Sentidos,Las fibras sensoriales con mayor velocidad de conducción son de:,Propiocepción.,Tacto discriminativo.,Temperatura.,Dolor.,1
2015,4,Fisiología y Anatomía,Sistema Nervioso y Sentidos,Los conos de la retina:,Poseen mayor sensibilidad a la luz que los bastones.,Se distribuyen homogéneamente en la retina.,Proporcionan elevada agudeza visual.,Tienen un único tipo de opsina.,3
2015,5,Fisiología y Anatomía,Sistema Nervioso y Sentidos,Las células de Purkinje:,Excitan neuronas del núcleo ventral-anterior talámico.,Inhiben neuronas de núcleos cerebelosos profundos.,Excitan neuronas de corteza motora primaria.,Inhiben motoneuronas espinales.,2
2015,6,Fisiología y Anatomía,Sistema Nervioso y Sentidos,Discrimina el tono de un sonido:,Las características de la membrana basilar.,La amplitud del potencial de acción.,El desplazamiento de los cilios.,La frecuencia de impulsos nerviosos.,1
2015,7,Fisiología y Anatomía,Sistema Nervioso y Sentidos,En los reflejos espinales:,Monosinápticos intervienen interneuronas.,Las interneuronas forman la vía final común.,Las neuronas sensitivas entran en la médula por la parte dorsal.,Las motoneuronas gamma inervan las fibras del músculo esquelético.,3
2015,8,Biología Celular e Histología,Membrana y Tráfico,Las fibras trepadoras que llegan a la corteza cerebelosa sinaptan con las células:,De Purkinge.,Granulosas solamente.,Granulosas y estrelladas.,De Golgi.,1
2015,9,Fisiología y Anatomía,Sistema Nervioso y Sentidos,"En el cerebelo, tiene función específica sobre el control de la postura:",El núcleo dentado.,Las áreas laterales de los hemisferios cerebelosos.,El núcleo intermedio.,El lóbulo floculonodular.,4
2015,10,Fisiología y Anatomía,Endocrino y Reproductor,Estimula a las células cromafines de la médula adrenal la:,Acetil-colina.,Noradrenalina.,Dopamina.,Serotonina.,1
2015,11,Biología Celular e Histología,Membrana y Tráfico,Es monosináptico el reflejo:,Extensor cruzado.,Tendinoso de Golgi.,Miotático.,De flexión.,3
2015,12,Fisiología y Anatomía,Sistema Nervioso y Sentidos,Las células ciliadas de los canales semicirculares:,Detectan aceleración lineal.,Se despolarizan por entrada de K+ desde la endolinfa.,Poseen otolitos en su superficie.,Orientan sus estereocilios perpendicularmente a la estriola.,2
2015,13,Fisiología y Anatomía,Sistema Nervioso y Sentidos,Reaccionan a la presión profunda y vibración rápida los corpúsculos de:,Meissner.,Merkel.,Ruffini.,Pacini.,4
2015,14,Fisiología y Anatomía,Cardiovascular y Respiratorio,La inspiración favorece al retorno venoso porque:,Disminuye la presión venosa central.,Aumenta la presión arterial.,Incrementa la presión intratorácica.,Disminuye la presión capilar pulmonar.,1
2015,15,Fisiología y Anatomía,Cardiovascular y Respiratorio,La presión aórtica es mínima durante la fase de:,Llenado ventricular lento.,Relajación isométrica.,Contracción isométrica.,Sístole auricular.,3
2015,16,Fisiología y Anatomía,Cardiovascular y Respiratorio,El descenso de la presión arterial:,Aumenta la tasa de filtración glomerular.,Disminuye la Angiotensina II en plasma.,Disminuye la actividad cardiovascular.,Aumenta la liberación de aldosterona.,4
2015,17,Fisiología y Anatomía,Cardiovascular y Respiratorio,El volumen minuto del ventrículo derecho e izquierdo es:,Similar.,Mucho mayor en el izquierdo porque la post carga es mayor.,Mucho menor en el derecho porque la presión de eyección es menor,Mucho menor en el derecho porque la musculatura del ventrículo derecho es menor.,1
2015,18,Fisiología y Anatomía,Cardiovascular y Respiratorio,La estimulación vagal del corazón fundamentalmente causa:,Bradicardia.,Aumento de la velocidad de conducción en el nodo aurículo-ventricular.,Aumento de la fuerza contráctil.,Aumento del gasto cardiaco.,1
2015,19,Fisiología y Anatomía,Cardiovascular y Respiratorio,La vasodilatación de las arteriolas aumenta:,La resistencia periférica total.,La presión arterial.,El flujo sanguíneo capilar.,La viscosidad de la sangre.,3
2015,20,Fisiología y Anatomía,Cardiovascular y Respiratorio,El primer ruido cardíaco coincide con:,Final de la sístole ventricular.,Inicio de la sístole auricular.,Apertura de la válvula aórtica.,Cierre de las válvulas aurículo-ventriculares.,4
2015,21,Fisiología y Anatomía,Cardiovascular y Respiratorio,La estimulación de los barorreceptores carotídeos induce:,Bradicardia.,Vasoconstricción.,Incremento de la presión arterial.,Aumento del volumen minuto cardiaco.,1
2015,22,Fisiología y Anatomía,Sistema Nervioso y Sentidos,La estimulación simpática inhibe la:,Frecuencia cardiaca.,Digestión.,Producción y liberación de glucosa.,Sudoración.,2
2015,23,Bioquímica y Biología Molecular,Procesos Moleculares,La estimulación de los barorreceptores aumenta la:,Liberación de adrenalina.,Estimulación vagal.,Liberación de ADN.,Vasoconstricción.,2
2015,25,Fisiología y Anatomía,Cardiovascular y Respiratorio,La onda de pulso arterial:,Se amortigua y desaparece en los capilares.,Provoca los cambios de presión en las venas.,Se propaga a la misma velocidad que la sangre.,Es directamente proporcional a la distensibilidad arterial.,1
2015,26,Fisiología y Anatomía,Cardiovascular y Respiratorio,La estimulación de los cuerpos carotídeos:,Disminuye el pH en sangre arterial.,Disminuye la PCO2,Aumenta la concentración de bicarbonato en sangre arterial.,Disminuye la PO2 en sangre arterial.,2
2015,27,Estadística y Metodología,Bioestadística,"NO puede medirse directamente mediante espirometría, el volumen:",Corriente.,De reserva inspiratorio.,De reserva espiratorio.,Residual.,4
2015,28,Fisiología y Anatomía,Cardiovascular y Respiratorio,Las células alveolares de tipo II:,Recubren el 95% del epitelio alveolar.,Forman la superficie para el intercambio gaseoso.,Presentan gránulos con heparina e histamina.,Segregan agente surfactante.,4
2015,29,Fisiología y Anatomía,Cardiovascular y Respiratorio,Durante la inspiración la presión pleural:,Igual a la atmosférica.,Igual a la transpulmonar.,Positiva.,Negativa.,4
2015,30,Fisiología y Anatomía,Cardiovascular y Respiratorio,"La filtración renal de H2O ocurre en los capilares glomerulares y su reabsorción en los peritubulares, porque los primeros tienen mayor:",Permeabilidad.,Presión hidrostática.,Presión coloidosmótica.,Diámetro.,2
2015,31,Fisiología y Anatomía,Renal y Digestivo,La glucosa aparece en orina:,Siempre.,Cuando la cantidad de glucosa filtrada supera su transporte tubular máximo.,Cuando se filtra y se segrega de forma activa.,En la diabetes insípida.,2
2015,32,Fisiología y Anatomía,Renal y Digestivo,La rama ascendente del asa de Henle es impermeable al:,Sodio.,Calcio.,Cloruro.,Agua.,4
2015,33,Fisiología y Anatomía,Renal y Digestivo,"En el túbulo colector, el péptico natriurético atrial inhibe directamente:",La reabsorción de agua.,La acción de la aldosterona.,La acción de la vasopresina.,La reabsorción del sodio.,4
2015,34,Fisiología y Anatomía,Renal y Digestivo,"Si la velocidad de filtración glomerular es 125 ml/min y el aclaramiento plasmático de una sustancia “X” es de 80 ml /min, la sustancia “X”:",Sólo se filtra.,Se filtra y se reabsorbe.,Se filtra y se secreta.,Solo se secreta.,2
2015,35,Fisiología y Anatomía,Renal y Digestivo,La tasa de filtración glomerular en la nefrona aumenta si:,Disminuye la presión hidrostática en los capilares glomerulares.,Aumenta la presión osmótica en los capilares glomerulares.,Disminuye la presión hidrostática en la cápsula de Bowman.,Aumenta la resistencia en la arteriola aferente.,3
2015,36,Fisiología y Anatomía,Cardiovascular y Respiratorio,El riñón corrige la disminución de presión arterial aumentando la:,Diuresis.,Reabsorción de K+.,Excreción de Na+.,Liberación de renina.,4
2015,37,Fisiología y Anatomía,Endocrino y Reproductor,En un hipertiroideo se puede observar:,Movimientos lentos y perezosos.,Aumento de la frecuencia cardiaca.,Intolerancia al frío.,Sobrepeso.,2
2015,38,Fisiología y Anatomía,Endocrino y Reproductor,Estimula la ingesta de alimento:,Leptina.,Colescistocinina.,Neuropéptido Y.,Hormona estimulante del melanocito alfa (MSH-a).,3
2015,39,Fisiología y Anatomía,Renal y Digestivo,Es similar a la del plasma sanguíneo la concentración de electrolitos en:,Jugo pancreático inducido por secretina.,Saliva primaria.,Jugo gástrico inducido por gastrina.,Bilis tras su paso por la vesícula biliar.,2
2015,40,Fisiología y Anatomía,Endocrino y Reproductor,Las hormonas tiroideas:,Se almacenan en la tiroides.,Se unen mayoritariamente a receptores de membrana.,La más potente es la tiroxina.,Se transportan en forma libre en el plasma.,1
2015,42,Bioquímica y Biología Molecular,"Proteínas, Enzimas y Aminoácidos",Transforma la angiotensina I en II la:,Renina.,Enzima convertidora de angiotensina.,Aldosterona.,Angiotensinasa.,2
2015,43,Fisiología y Anatomía,Sistema Nervioso y Sentidos,La pérdida de neuronas dopaminérgicas del hipotálamo aumenta la secreción hipofisaria de:,Prolactina.,L-dopa.,GH.,FSH.,1
2015,44,Fisiología y Anatomía,Renal y Digestivo,La aldosterona:,Actúa en todos los túbulos de la nefrona con la misma intensidad.,Disminuye la actividad Na+/K+/ATPasa.,Estimula la síntesis de canales de Na+.,Es una hormona peptídica.,3
2015,45,Fisiología y Anatomía,Cardiovascular y Respiratorio,El estímulo más potente para la liberación de vasopresina o ADH es:,Un aumento de osmolaridad plasmática.,El aumento de la presión arterial.,El aumento de la volemia.,La saciedad.,1
2015,46,Bioquímica y Biología Molecular,Metabolismo Energético,Las balsas lipídicas son agregados de colesterol y:,Fosfolípidos.,Triacilglicéridos.,Esfingolípidos.,Ácidos grasos.,3
2015,47,Bioquímica y Biología Molecular,"Proteínas, Enzimas y Aminoácidos","En relación con las proteínas, es un proceso que NO se realiza en Golgi:",Glicosilación.,Sulfatación.,Ubiquitinación.,Formación de gránulos de secreción.,3
2015,48,Bioquímica y Biología Molecular,"Proteínas, Enzimas y Aminoácidos","Para su selección, las enzimas lisosomales de nueva síntesis van marcadas con:",Monoubiquitina.,Manosa-6-fosfato.,Secuencia espiral de cuatro aminoácidos.,Fosfatidilinositol.,2
2015,49,Biología Celular e Histología,Membrana y Tráfico,Las caveolas median procesos de:,Exocitosis.,Endocitosis.,Fagocitosis.,Diapédesis.,2
2015,50,Biología Celular e Histología,"Orgánulos, Citoesqueleto y Matriz",Es una función de los peroxisomas:,Oxidación de los ácidos grasos.,Oxidación de proteínas.,Síntesis de catalasa.,Oxidación de ácidos biliares.,1
2015,51,Biología Celular e Histología,"Orgánulos, Citoesqueleto y Matriz",La inestabilidad de los microtúbulos significa que:,Son lábiles.,Crecen por un extremo y se acortan por el otro.,Tienen tendencia a experimentar fragmentación.,Alternan fases de crecimiento con periodos de acortamiento.,4
2015,52,Biología Celular e Histología,"Orgánulos, Citoesqueleto y Matriz",La red citoesquelética del glóbulo rojo está constituida por filamentos cortos de actina unidos mediante:,Miosina.,Tropomiosina.,Espectrina.,Fimbrina.,3
2015,53,Bioquímica y Biología Molecular,"Proteínas, Enzimas y Aminoácidos",La proteína motora encargada de extender el retículo endoplasmático hacia la periferia celular es:,Quinesina.,Dineína.,Dinactina.,Miosina.,1
2015,54,Biología Celular e Histología,"Orgánulos, Citoesqueleto y Matriz",La mayoría de las proteínas mitocondriales son sintetizas por ribosomas situados en:,Citosol.,Retículo endoplásmico.,Matriz mitocondrial.,Envoltura nuclear.,1
2015,55,Biología Celular e Histología,Membrana y Tráfico,La unión intercelular que abarca todo el perímetro celular es:,Unión ocluyente.,Desmosoma.,Hemidesmosoma.,Gap.,1
2015,56,Biología Celular e Histología,"Orgánulos, Citoesqueleto y Matriz",Confiere resistencia mecánica a la matriz extracelular:,Metaloproteasa.,Colágeno.,Fibronectina.,Laminina.,2
2015,57,Biología Celular e Histología,Histología Humana,Un endotelio es un epitelio:,Simple plano.,Estratificado plano.,Seudoestratificado.,De transición.,1
2015,58,Biología Celular e Histología,"Orgánulos, Citoesqueleto y Matriz",Dan forma y estabilidad a la envoltura nuclear:,Ran GTPasa.,Laminas nucleares.,Nucleoporinas.,Filamina.,2
2015,59,Bioquímica y Biología Molecular,Procesos Moleculares,La heterocromatina:,Está poco condensada (fibras de 30-60nm),Es transcripcionalmente activa.,Contiene secuencias de DNA altamente repetitivas.,Se dispone alrededor del complejo de poro nuclear.,3
2015,60,Fisiología y Anatomía,Endocrino y Reproductor,Sostienen y nutren las células germinales masculinas las células de:,Leydig.,Merkel.,Sertoli.,Langerhans.,3
2015,61,Biología Celular e Histología,Membrana y Tráfico,La detoxificación celular de fármacos liposolubles ocurre en:,Lisosomas.,Complejo de Golgi.,Mitocondrias.,Retículo endoplásmico liso.,4
2015,62,Biología Celular e Histología,"Orgánulos, Citoesqueleto y Matriz",Pertenece a la membrana interna mitocondrial:,Monoaminooxidasas.,Porinas.,Enzimas solubles del ciclo de Krebs.,Citocromo.,4
2015,63,Biología Celular e Histología,"Orgánulos, Citoesqueleto y Matriz",Los ribosomas de las mitocondrias de los mamíferos:,Son iguales a los del citoplasma de las células eucariotas.,Poseen RNA ribosómicos 16S y 12S.,Sintetizan todas las proteínas mitocondriales.,Poseen dos subunidades de igual tamaño y estructura.,2
2015,64,Biología Celular e Histología,"Orgánulos, Citoesqueleto y Matriz",Son responsables de la forma y el movimiento de la superficie celular:,Tubulinas.,Filamentos intermedios.,Filamentos de actina.,Filamentos de miosina.,3
2015,65,Biología Celular e Histología,"Orgánulos, Citoesqueleto y Matriz",En las células animales la citocinesis ocurre por:,La presión externa ejercida por las fibras de colágeno tipo VI.,Un anillo contráctil de alfa-tubulina.,La fusión de vesículas secretoras.,Anillo contráctil de filamentos de actina y miosina.,4
2015,66,Fisiología y Anatomía,Sistema Nervioso y Sentidos,NO tiene un origen nervioso:,Células ependimarias.,Microglía.,Astrocitos.,Células quimiosensibles bulbares.,2
2015,67,Fisiología y Anatomía,Endocrino y Reproductor,Las glándulas del colon son:,Tubulares simples.,Tubulares compuestas.,Tuboloacinares.,Acinares.,1
2015,68,Biología Celular e Histología,Membrana y Tráfico,Participan en el tránsito vesicular entre el retículo endoplasmático rugoso (RER) y el aparato de Golgi:,Clatrina.,Coatómeros (COP).,Caveolina.,Emerina.,2
2015,69,Biología Celular e Histología,Membrana y Tráfico,Forman parte de las uniones herméticas o estrechas:,Desmogleínas.,Desmocolinas.,Claudinas.,Integrinas.,3
2015,70,Fisiología y Anatomía,Cardiovascular y Respiratorio,Acompañan a las células endoteliales en los capilares:,Podocitos.,Células mesangiales.,Pericitos.,Miocitos.,3
2015,71,Inmunología,Inmunidad Adaptativa,En el ganglio linfático la mayor parte de los linfocitos T se localizan en:,Corteza periférica.,Corteza profunda.,Cordones medulares.,Senos modulares.,2
2015,72,Biología Celular e Histología,Histología Humana,El epitelio del uréter es:,Cilíndrico estratificado.,Plano estratificado.,Cúbico estratificado.,De transición.,4
2015,73,Fisiología y Anatomía,Endocrino y Reproductor,Las células de las glándulas sudoríparas ecrinas que segregan proteínas son las:,Claras.,Mioepiteliales.,Oscuras.,De los conductos.,3
2015,74,Biología Celular e Histología,Membrana y Tráfico,El movimiento de las vesículas desde su lugar de formación hacia el objetivo final se debe a:,Proteínas motoras asociadas a los largo de los microtúbulos.,Filamentos de actina y miosina.,Filamentos de vimentina.,Filamentos de queratina.,1
2015,75,Biología Celular e Histología,Membrana y Tráfico,La función principal del retículo endoplasmático liso es:,Síntesis de proteínas.,Síntesis de lípidos.,Dirigir el tráfico de las proteínas una vez sintetizada.,Síntesis de polisacáridos.,2
2015,76,Microbiología y Parasitología,Virología,El periodo de latencia de un virus:,Dura menos que su fase eclipse.,También se conoce como fase de eclipse.,Culmina con el ensamblaje de los viriones en el interior de la célula.,Finaliza con la liberación de los nuevos viriones al exterior.,4
2015,77,Microbiología y Parasitología,Virología,¿Cuál de los siguientes virus codifica una transcriptasa inversa?,Parvovirus.,Reovirus.,Hepadnavirus.,Flavivirus.,3
2015,78,Microbiología y Parasitología,Virología,¿Cuál de los siguientes virus se replica en el citoplasma?,Herpesvirus.,Parvovirus.,Poxvirus.,Adenovirus.,3
2015,79,Microbiología y Parasitología,Virología,¿Cuál de los siguientes virus tiene su material genético segmentado en el virión?,Coronavirus.,Rhabdovirus.,Ortomixovirus.,Filovirus.,3
2015,80,Microbiología y Parasitología,Virología,La cápside de los adenovirus se ensambla en:,Núcleo.,Retículo endoplasmático.,Cara interna de la membrana citoplasmática.,Citosol.,1
2015,81,Biología Celular e Histología,Membrana y Tráfico,La liberación de los rotavirus una vez finalizado su ciclo reproductivo en la célula huésped tiene lugar por:,Gemación.,Lisis celular.,Exocitosis.,Puentes intercelulares.,2
2015,82,Microbiología y Parasitología,Virología,El material genético de los filovirus es:,DNA bicatenario.,RNA bicatenario (+).,RNA monocatenario (-).,RNA monocatenario (+).,3
2015,83,Microbiología y Parasitología,Virología,La estructura de la cápside de los paramixovirus presenta simetría:,Compleja.,Icosaédrica.,Esférica.,Helicoidal.,4
2015,84,Microbiología y Parasitología,Virología,Los arbovirus se transmiten a través de:,Murciélagos.,Roedores.,Artrópodos.,Perros.,3
2015,85,Microbiología y Parasitología,Virología,El virus de la rubeola es un:,Togavirus.,Flavivirus.,Arenavirus.,Ortomixovirus.,1
2015,86,Microbiología y Parasitología,Virología,¿Cuál de los siguientes virus es un flavivirus?,Virus respiratorio sincitial.,Rinovirus.,Virus del eritema infeccioso.,Virus del dengue.,4
2015,87,Fisiología y Anatomía,Renal y Digestivo,Característicamente los rotavirus son capaces de infectar:,El sistema linfático.,El tracto digestivo.,El aparato urogenital.,Las vías respiratorias superiores.,2
2015,88,Microbiología y Parasitología,Virología,El virus de la hepatitis A y el de la hepatitis C se diferencian por:,Su tipo de material genético.,La estructura de la cápside.,La presencia o ausencia de una envoltura alrededor de la cápside.,La metodología empleada para su detección.,3
2015,89,Microbiología y Parasitología,Virología,El antiviral saquinavir que se utiliza contra el virus de la inmunodeficiencia humana es un inhibidor de la:,Fusión a la célula diana.,Transcriptasa inversa del virus.,Proteasa viral.,Integrasa viral.,3
2015,91,Microbiología y Parasitología,Bacteriología,¿Cuál es aproximadamente la mejor resolución que se obtiene en la microscopía de campo claro?,20 µm,"2,0 µm","1,0 µm","0,2 µm",4
2015,92,Microbiología y Parasitología,Micología,La tinción con verde malaquita (Schaffer- Fulton) se utiliza para visualizar:,Cápsulas.,Fimbrias.,Flagelos.,Esporas.,4
2015,93,Microbiología y Parasitología,Bacteriología,¿Qué tinción se utiliza para el diagnóstico de laboratorio de las enfermedades debidas a Mycobacterium spp?,Gram.,Ziehl-Neelsen.,Leifson.,Wirtz-Conklin.,2
2015,94,Microbiología y Parasitología,Bacteriología,El lipopolisacárido bacteriano:,Contribuye a neutralizar la carga negativa de la membrana.,Tiene una cadena O constituida por ácidos de cadena larga.,Contribuye a crear una barrera de permeabilidad.,Es un tipo de exotoxina.,3
2015,95,Microbiología y Parasitología,Bacteriología,Los ácidos teicoicos:,Se encuentran en la membrana externa de las bacterias Gram negativas.,Son polímeros de glicerol o ribitol unidos por grupos P.,Están constituidos por unidades repetitivas de glucosa y galactosa unidas por enlaces beta (1-4).,Tienen carga positiva.,2
2015,96,Microbiología y Parasitología,Antimicrobianos y Resistencias,¿A qué tipo de agentes pertenece el óxido de etileno?,Esterilizantes.,Desinfectantes.,Antisépticos.,De acción oligodinámica.,1
2015,97,Bioquímica y Biología Molecular,"Proteínas, Enzimas y Aminoácidos",Los macrólidos inhiben la síntesis de:,La cápsula.,El peptidoglicano.,El lipopolisacárido.,Las proteínas.,4
2015,98,Microbiología y Parasitología,Antimicrobianos y Resistencias,La penicilina inhibe la síntesis de:,La membrana plasmática.,El lipopolisacárido.,El RNA ribosomal.,El peptidoglicano o mureína.,4
2015,99,Microbiología y Parasitología,Bacteriología,El agente causante de la sífilis:,Pertenece al género Spirochaeta.,Tiene flagelos periplasmáticos (endoflagelos).,Es aerobico estricto.,Tiene un flagelo polar.,2
2015,100,Microbiología y Parasitología,Bacteriología,Afectan al funcionamiento normal de la DNA girasa bacteriana las:,Quinolonas.,Macrólidos.,Tetraciclinas.,Penicilinas.,1
2015,101,Microbiología y Parasitología,Parasitología,Es un parásito intracelular obligado:,Helicobacter pylori.,Yersinia enterocolitica.,Rickettsia prowazekii.,Staphylococcus aureus.,3
2015,102,Microbiología y Parasitología,Parasitología,La fiebre Q está causada por:,Coxiella burnetii.,Toxoplasma gondii.,Corynebacterium diphtheriae.,Brucella melitensis.,1
2015,103,Microbiología y Parasitología,Bacteriología,¿Cuál de los siguientes géneros se asocia más comúnmente a infecciones urinaria en el ser humano?:,Escherichia.,Proteus.,Staphylococus.,Serratia.,1
2015,104,Microbiología y Parasitología,Bacteriología,Una colitis pseudomembranosa producida después de un consumo de antibióticos está frecuentemente asociada a una infección por:,Salmonella typhimurium.,Vibrio cholerae.,Shigella dysenteriae.,Clostridium difficile.,4
2015,105,Microbiología y Parasitología,Bacteriología,¿Cuál de los siguientes elementos es un factor de virulencia de Bacillus anthracis?,Endosporas.,Cápsulas.,Fímbrias.,Adhesinas de pared.,2
2015,107,Microbiología y Parasitología,Bacteriología,¿Cuál de los siguientes microorganismos es más sensible a la sequedad?,Neisseria meningitidis.,Bordetella pertussis.,Yersinia pestis.,Neisseria gonorrhoeae.,4
2015,108,Microbiología y Parasitología,Bacteriología,¿A qué género bacteriano pertenece la especie causante de la difteria?,Micoplasma.,Corynebacterium.,Brucella.,Acinetobacter.,2
2015,109,Microbiología y Parasitología,Bacteriología,¿Cuál de las siguientes especies bacterianas es intrínsecamente resistente a muchos antibióticos de amplio uso en clínica?,Klebsiella pneumoniae.,Haemophilus influenzae.,Streptococcus pneumoniae.,Pseudomonas aeruginosa.,4
2015,110,Microbiología y Parasitología,Bacteriología,¿Qué comparten todas las especies de los géneros Mycobacterium y Nocardia?,Presentar ácidos micólicos en su pared.,Ser patógenas de animales.,Formar hifas bien desarrolladas.,Formar endosporas.,1
2015,111,Microbiología y Parasitología,Bacteriología,Puede producir importantes intoxicaciones alimentarias:,Lenconostoc mesenteroides.,Helicobacter pylori.,Coxiella burnetti.,Staphylococcus aureus.,4
2015,112,Microbiología y Parasitología,Bacteriología,Una prueba importante para diferenciar Staphylococcus aureus de Staphylococcus epidermidis es la detección de:,Catalasa.,Coagulasa.,Utilización de citrato.,Reducción de nitrato.,2
2015,113,Microbiología y Parasitología,Bacteriología,¿Cuál es el único reservorio natural de Mycobacterium tuberculosis?,Simio.,Humano.,Ratas.,Ganado bovino.,2
2015,114,Microbiología y Parasitología,Bacteriología,Las bacterias del género Pseudomonas:,Son anaerobias estrictas.,Tienen un metabolismo fermentador.,No tienen falgelos.,Tienen un metabolismo respirador.,4
2015,115,Microbiología y Parasitología,Bacteriología,¿Cuál de las siguientes bacterias puede ser una causa de fiebres reumáticas?,Nocardia brasiliensis,Streptococcus pyogenes.,Staphylococcus epidermidis.,Enterococcus faecium.,2
2015,116,Microbiología y Parasitología,Antimicrobianos y Resistencias,Mycoplasma pneumoniae es intrínsecamente resistente a las penicilinas y cefalosporinas por:,Carecer de peptidoglicano.,Producir beta-lactamasas constitutivamente.,Poseer lípidos que impiden la penetración de estos antibióticos.,Desarrollar su ciclo vital en el interior de las células eucarióticas.,1
2015,117,Microbiología y Parasitología,Bacteriología,Produce una toxina que causa parálisis muscular flácida:,Streptococcus pyogenes.,Treponema pallidum.,Bordetella pertussis.,Clostridium botulinum.,4
2015,118,Microbiología y Parasitología,Bacteriología,La tularemia es una zoonosis causada por una especie del género:,Frankia.,Francisella.,Enterococcus.,Streptococcus.,2
2015,119,Microbiología y Parasitología,Bacteriología,Las enterobacteriaceas:,Son bacterias móviles con flagelación polar.,Pueden respirar los nitratos.,Son catalasa negativas.,No incluyen patógenos de vegetales.,2
2015,120,Microbiología y Parasitología,Bacteriología,¿Qué tipo de enfermedades producen más comúnmente en el ser humano las especies del género Campylobacter?,Infecciones urinarias.,Infecciones de transmisión sexual.,Gastroenteritis aguda.,Abortos.,3
2015,121,Inmunología,Inmunidad Innata y Complemento,"En comparación con las respuestas inmunitarias adaptativas, las innatas se caracterizan por:",Su notable especificidad.,Su gran diversidad.,Su memoria inmunológica.,Ser respuestas tempranas.,4
2015,122,Inmunología,Inmunidad Innata y Complemento,La lectina ligadora de manosa (o manano) tiene una estructura que recuerda a:,La properdina.,Una IgM.,C1q.,Una pentraxina.,3
2015,123,Inmunología,Inmunidad Innata y Complemento,El componente de mayor concentración sérica del sistema del complemento es:,C1q.,C5.,C9.,C3.,4
2015,124,Inmunología,Inmunidad Adaptativa,"Entre los leucocitos circulantes en sangre, los menos abundantes son:",Los basófilos.,Los linfocitos.,Los monocitos.,Los eosinófilos.,1
2015,125,Biología Celular e Histología,Histología Humana,"En el reclutamiento de leucocitos desde la sangre a los tejidos, la selectinas se unen a:",Integrinas.,Estructuras glucídicas.,ICAM-1,VCAM-1,2
2015,126,Inmunología,Inmunidad Innata y Complemento,"En los linfocitos NK humanos, el marcador CD16 es funcionalmente:",Una molécula de adhesión superficial.,Un tipo de receptor antigénico.,Un receptor inhibidor.,Un receptor para IgG.,4
2015,127,Inmunología,Inmunidad Adaptativa,El ligando de Fas (FasL):,Induce apoptosis.,Induce al cambio isotípico de las inmunoglobulinas.,Determina maduración en la afinidad de los anticuerpos.,Media la exocitosis de perforina.,1
2015,128,Inmunología,Inmunidad Adaptativa,Los linfocitos NKT:,Poseen receptores antigénicos de tipo KIR.,Reconocen lípidos unidos a moléculas CD1.,Poseen receptores antigénicos de Tγδ.,Producen IL-17 de forma destacada.,2
2015,129,Inmunología,Inmunidad Adaptativa,Los antígenos TI (independientes del timo):,Son buenos inductores de cambio isotípico.,Están compuestos por epítopos antigénicos repetidos idénticos.,Estimulan preferentemente a los linfocitos B foliculares.,Inducen anticuerpos de alta afinidad.,2
2015,130,Inmunología,Inmunidad Adaptativa,Presenta cadena J en su estructura:,IgM.,IgG.,IgD.,IgE.,1
2015,131,Inmunología,Inmunidad Adaptativa,"En el cambio de isotipo de cadena pesada de inmunoglubina en los linfocitos B, desempeña una función clave:",La recombinasa V(D)J.,La proteína RAG-1.,La tirosina cinasa de Bruton (BTK).,La desaminasa inducida por la activación (AID).,4
2015,132,Inmunología,Inmunidad Adaptativa,"En el procesamiento y presentación de antígenos proteínicos por vía de la clase II del Complejo Principal de Histocompatibilidad humano, intervienen:",El proteasoma.,La tapasina.,Los transportadores TAP.,La molécula HLA-DM.,4
2015,133,Inmunología,Inmunidad Adaptativa,"En la formación de complejos antígenoanticuerpo, no intervienen:",Interacciones electrostáticas.,Puentes de hidrógeno.,Interacciones hidrofóbicas.,Enlaces covalentes.,4
2015,134,Inmunología,Inmunidad Adaptativa,"En el bazo, los linfocitos T se localizan sobre todo en:",La zona marginal.,Los cordones medulares.,Los centros germinales.,Las vainas linfáticas periarteriolares.,4
2015,135,Inmunología,Inmunidad Adaptativa,Los linfocitos Tγδ:,Tienen receptores antigénicos con regiones V invariantes.,Reconocen antígenos peptídicos asociados al Complejo Principal de Histocompatibilidad.,Tienen receptores antigénicos de diversidad antigénica muy variada.,Son especialmente abundantes en los tejidos epiteliales de ciertas especies.,4
2015,136,Inmunología,Inmunidad Adaptativa,En relación a los linfocitos TH1:,Su diferencia está dirigida sobre todo por la IL-4.,Su principal función es activar los macrófagos.,Son cruciales en la inmunidad contra los microbios extracelulares.,Secretan de una manera importante IL-13.,2
2015,137,Inmunología,Inmunidad Adaptativa,En relación a los linfocitos TH2:,Estimulan las reacciones mediadas por mastocitos y esinófilos.,Producen IFN-gamma e IL-12.,Reclutan neutrófilos en las zonas de infección.,Su diferenciación es inducida por citocinas proinflamatorias.,1
2015,138,Inmunología,Inmunidad Adaptativa,"Genéricamente, las citocinas:",Están entre las proteínas de más alto peso molecular.,Tienen una vida media en suero muy corta.,Actúan a concentraciones muy altas.,En cuanto a la expresión del receptor de la IL-2.,2
2015,139,Fisiología y Anatomía,Sistema Nervioso y Sentidos,En cuanto a la expresión del receptor de IL-2:,Los linfocitos T en reposo expresan la forma de alta afinidad.,Los linfocitos T en reposo expresan cadena alfa.,Los linfocitos T en reposo expresan el complejo de cadenas bera y gamma común en alta cantidad.,"Los linfocitos T activados expresan las cadenas alfa, beta y gamma común.",4
2015,140,Inmunología,Inmunidad Adaptativa,"En los linfocitos T, CD28 es:",Un receptor coestimulador.,Un ligando de CD2.,Una molécula accesoria de adhesión celular.,Un receptor inhibidor.,1
2015,141,Inmunología,Inmunidad Adaptativa,Los linfocitos TH17:,Son inducidos por IL-17.,Median reacciones alérgicas.,Cooperan con los TH1 en la inmunidad celular.,Producen TGF-beta de manera importante.,3
2015,142,Fisiología y Anatomía,Sistema Nervioso y Sentidos,"Como en el caso del receptor de los linfocitos B, el receptor antigénico de los linfocitos T:",Experimenta cambio isotípico.,Experimenta hipermutación somática.,Se produce de forma secretada.,Consta de dominios C y dominios V.,4
2015,143,Inmunología,Inmunidad Adaptativa,En el estadío de linfocito B inmaduro:,Aún no ha habido reordenamientos en la cadena ligera.,Se expresa IgM en superficie.,Se expresan sustitutos de la cadena ligera.,Hay diferenciación en respuesta a los antígenos.,2
2015,144,Inmunología,Inmunidad Adaptativa,La mayoría de los linfocitos T reguladores:,Son CD8+.,Expresan niveles altos de CD25.,Expresan niveles altos de IL-7.,Suelen expresar cantidades bajas de CTLA- 4.,2
2015,145,Inmunología,Inmunidad Adaptativa,La miastenia grave en un ejemplo de enfermedad causada por:,Anticuerpos específicos.,Inmunocomplejos.,Citocinas.,Linfocitos T citotóxicos.,1
2015,146,Bioquímica y Biología Molecular,Procesos Moleculares,"Como inmunosupresor, la rapamicina:",Inhibe la transcripción de la IL-2.,Inhibe la síntesis nueva de nucleótidos con guanina.,Bloquea las vías coestimuladoras del linfocito T.,Bloquea la proliferación de linfocitos T.,4
2015,147,Inmunología,Técnicas Inmunológicas,"En la generación de hibridomas por la metodología convencional, la presencia de aminopterina en el medio de selección tiene por objeto inhibir la síntesis de:",Purinas.,Citosinas.,Anticuerpos.,Glutamina.,1
2015,149,Estadística y Metodología,Fiabilidad de Pruebas,"De los siguientes inmunoensayos, el de mayor sensibilidad es:",Inmunofluerescencia.,Inmunoelectroforesis.,ELISA con quimioluminiscencia.,Nefelometría.,3
2015,150,Inmunología,Inmunidad Innata y Complemento,La prueba de la tuberculina es un ejemplo de ensayo de:,La respuesta inmunitaria innata.,La respuesta inmunitaria adaptativa.,Citotoxicidad.,Prueba específica de inmunodeficiencia.,2
2015,151,Genética,Genética de Poblaciones y Evolución,"Si el perceptil 95 de la talla de los recién nacidos de una determinada población es 45 cm, el:",95% de los recién nacidos mide más de 45 cm.,5% de los recién nacidos mide más de 45 cm.,95% de los recién nacidos mide 45 cm.,5% de los recién nacidos mide menos de 45 cm.,2
2015,152,Estadística y Metodología,Bioestadística,"Si una muestra presenta un coeficiente de variación (CV) de 0,15 significa que:",La desviación típica supone el 15% de la media.,La media supone el 25% de la desviación típica.,La media supone el 30% de la varianza.,La desviación típica supone el 85% de la media.,1
2015,153,Estadística y Metodología,Bioestadística,Comparando los test de hipótesis unilaterales (1 cola) y bilaterales (2 colas):,Los tests bilaterales siempre dan valores de p superiores.,Los tests bilaterales siempre dan valores de p menores.,"Si un test unilateral es significativo, también lo será el bilateral.",Un test bilateral es más sensible que un unilateral.,1
2015,154,Estadística y Metodología,Bioestadística,Un test que permite comparar dos muestras independientes cuando la variable se distribuye normalmente y las muestras tienen homogeneidad de varianza es:,t de Student con n1+n2 grados de libertad.,t de Student con (n1+n2)-1 grados de libertad.,t de Student con (n1+n2)-2 grados de libertad.,Welch.,3
2015,155,Estadística y Metodología,Bioestadística,El análisis de la varianza (Anova) de una vía:,Compara medias de 3 o más muestras independientes.,Compara varianzas de 3 o más muestras independientes.,Es un test de hipótesis no paramétrico.,Utiliza la distribución t de Student.,1
2015,156,Fisiología y Anatomía,Endocrino y Reproductor,Respecto a Paragonimus westermani podemos afirmar que:,Miden más de 20 milímetros de longitud.,El ovario y los testículos están localizados en un extremo.,Se puede establecer el diagnóstico por la presencia de huevos en esputo y heces.,Sus huevos son embrionados.,3
2015,157,Microbiología y Parasitología,Parasitología,En la oncocercosis el vector es:,Mosca negra (género Simulium).,Garrapata.,Gasterópodos acuáticos.,Piojos.,1
2015,158,Microbiología y Parasitología,Parasitología,En relación con los flagelados se denomina pleomorfo,El ciclo vital con un solo tipo morfológico.,El ciclo vital en el que ocurren varios tipos morfológicos.,Al bastoncillo central de sostén que muestran algunos flagelados.,Al cuerpo en forma de óvalo o de bastoncillo que se observa en hemoflagelados.,2
2015,159,Biología Celular e Histología,Histología Humana,Los tremátodos:,Son todos monoicos.,Los huevos de todos ellos son operculados.,En su superficie ventral tienen una o más ventosas musculares.,Todos ellos tienen una faringe muscular.,3
2015,160,Microbiología y Parasitología,Parasitología,El vector de la fiebre del valle del Rift es un:,Mosquito.,Garrapata.,Piojo.,Pulga.,1
2015,161,Fisiología y Anatomía,Endocrino y Reproductor,NO es producida por la placenta la:,Hormona Luteinizante (LH).,Gonadotropina coriónica humana (HCG).,Progesterona.,Somatomamotrofína coriónica.,1
2015,162,Fisiología y Anatomía,Endocrino y Reproductor,¿Cuál de los siguientes tipos celulares produce testosterona?,Células de Sertoli.,Células de Leydig.,Células mioides.,Espermatogonias.,2
2015,163,Biología Celular e Histología,Histología Humana,¿Dónde se originan las células de la cresta neural?,El tubo neural.,Los márgenes laterales de la placa neural.,Los somitas.,El endodermo del saco vitelino.,2
2015,164,Biología Celular e Histología,Histología Humana,¿A partir de qué células se origina el esclerotomo?,Mesodermo paraaxial.,Mesodermo intermedio.,Mesodermo lateral.,Cordomesodermo.,1
2015,165,Biología Celular e Histología,Histología Humana,¿Cuál de los siguientes tejidos se introduce a través de la línea primitiva?,El sincitiotrofoblasto.,El citotrofoblasto.,El hipoblasto.,El epiblasto.,4
2015,167,Genética,Genética Mendeliana y Herencia,En el análisis de un pedigrí de un rasgo autosómico recesivo:,El rasgo aparece más frecuentemente.,Las personas afectadas no transmiten el rasgo.,Es rasgo tiende a saltar generaciones.,El rasgo aparece más frecuentemente en mujeres.,3
2015,168,Genética,Genética Mendeliana y Herencia,¿Qué técnica genética podría utilizar para diagnosticar un síndrome de Miller-Diecker?,Citogenética convencional.,Hibridación in situ con fluorescencia (FISH) con sonda centromérica.,Hibridación in situ con fluorescencia (FISH) con sonda telomérica.,Hibridación in situ con fluorescencia (FISH) con sonda locus-específica.,4
2015,169,Genética,Genética Mendeliana y Herencia,En una característica del síndrome de Prader- Willi:,Labio leporino.,Retraso mental severo.,Risa incontrolada.,Obesidad después del año de edad.,4
2015,170,Genética,Citogenética y Alteraciones Cromosómicas,¿Cuántos cromosomas tendrá un varón con monosomía del cromosoma 7 y nulisomía del cromosoma 8?,43.,45.,44.,42.,1
2015,171,Bioquímica y Biología Molecular,Procesos Moleculares,Está bien asociado con su función:,ARN ribosómico –procesamiento del pre – ARN mensajero.,ARN mensajero – unión a aminoácido.,Micro ARN – inhibe la traducción del ARN ribosómico.,ARN nucleolar pequeño – procesamiento del ARN ribosómico.,4
2015,172,Bioquímica y Biología Molecular,"Proteínas, Enzimas y Aminoácidos",En eucariotas los intrones del grupo II están presentes en genes:,De ARNr.,De ARNt.,Que codifican proteínas en el núcleo.,Que codifican proteínas en las mitocondrias.,4
2015,173,Bioquímica y Biología Molecular,Procesos Moleculares,En la edición del ARN intervienen los:,ARNs ribosomales guías.,ARNs transferentes guías.,ARNs mensajeros guías.,ARNs ribosomales moldes.,3
2015,174,Bioquímica y Biología Molecular,Procesos Moleculares,En un codón de iniciación de la traducción:,AUG.,UAU.,UAG.,UGA.,1
2015,175,Biología Celular e Histología,Histología Humana,Es una enfermedad causada por expansión por repetición de trinucleóticos:,Síndrome de Noonan.,Síndrome de Pearson.,Ataxia de Fiedrich.,Distrofia muscular de Duchénne.,3
2015,176,Bioquímica y Biología Molecular,"Proteínas, Enzimas y Aminoácidos",La mutación que cambia la secuencia de aminoácidos de la proteínas sin alterar su función se denomina:,Neutral.,Silenciosa.,Supresora intragénica.,Supresora intergénica.,1
2015,177,Genética,Genética Mendeliana y Herencia,El oncogén C-MYC codifica un:,Factor de crecimiento.,Factor de transcripción.,Receptor de factor de crecimiento.,Regulador de ciclo celular.,2
2015,178,Genética,Genética Mendeliana y Herencia,La proporción fenotípica dihíbrida en la epistasia simple recesiva es:,9:3:4,12:3:1,9:7,13:3,1
2015,179,Bioquímica y Biología Molecular,Procesos Moleculares,Es una enfermedad asociada con defectos en la reparación del ADN:,Enfermedad de Tay-Sachs.,Acatalasemia.,Síndrome de Marfan.,Cáncer colorrectal hereditario no polipósico.,4
2015,180,Bioquímica y Biología Molecular,Procesos Moleculares,El ARN nucleolar pequeño (ARNsno) está implicado en:,El procesamiento del ARNr.,La inhibición de la traducción del ARNm.,La degradación de otras moléculas de ARN.,El procesamiento de los pre-ARNm.,1
2015,181,Genética,Citogenética y Alteraciones Cromosómicas,El mecanismo más frecuente que induce la activación del protooncogen NMYC en el meuroblastoma es:,Mutación puntual.,Amplificación génica.,Deleción.,Translocación.,2
2015,182,Inmunología,Inmunidad Adaptativa,El locus del gen que codifica la cadena ligera lambda de las inmunoglobulinas es:,14q32.,7q22.,22q11.,2p11.,3
2015,183,Genética,Genética Mendeliana y Herencia,La base de datos donde se recoge el catálogo de genes y enfermedades genéticas humanas hereditarias se denomina:,Entrez Gene.,EMBL.,OMIM.,INSDC.,3
2015,184,Genética,Genética Mendeliana y Herencia,Es una enfermedad con herencia autosómica recesiva:,Alcaptonuria.,Hipercolesteronemia familiar.,Corea de Huntington.,Síndrome de Crouzon.,1
2015,185,Genética,Genética Mendeliana y Herencia,El gen implicado en la Hemofilia A se localiza en la región cromosómica:,Xp28.,Xq28,17p12.,18q22.,2
2015,186,Genética,Genética Mendeliana y Herencia,Es una enfermedad con herencia dominante ligada al cromosoma X:,Distrofia muscular de Duchenne.,Enfermedad de Fraby.,Fibrosis quística.,Hipertricosis.,4
2015,187,Bioquímica y Biología Molecular,Procesos Moleculares,Es una enfermedad producida por mutaciones del ADN mitocondrial:,Neuropatía óptica hereditaria.,Síndrome de Goltz.,Síndrome de Hunter.,Neurofibromatosis.,1
2015,188,Biología Celular e Histología,"Orgánulos, Citoesqueleto y Matriz",La hemocromatosis primaria es una enfermedad:,Mitocondrial.,Recesiva ligada al X.,Dominante ligada al X.,Autosómica recesiva.,4
2015,189,Genética,Genética Mendeliana y Herencia,Las mutaciones del gen RAI1 (gen inducido por ácido retinoico) se asocian al síndrome de:,Sotos.,Marfan.,Smith-Magenis.,Rett.,3
2015,190,Genética,Citogenética y Alteraciones Cromosómicas,"Para detectar pequeñas deleciones o duplicaciones a nivel genómico, la técnica de elección será:",Cariotipo de bandas G.,Array CGH.,Microarrays de expresión.,PCR.,2
2015,191,Bioquímica y Biología Molecular,Metabolismo Energético,"La lanzadera de la carnitina al interior de la mitocondria, transporta:",Poder reductor.,ATP y Pi.,Ácidos grasos.,Aminoácidos proteicos.,3
2015,192,Bioquímica y Biología Molecular,Metabolismo Energético,Es una característica de la piruvato quinasa:,Catalizar una reacción reversible.,Catalizar una reacción que da lugar a un producto con un solo grupo fosfato.,Catalizar una reacción que genera ATP.,Participar en la gluconeogénesis.,3
2015,193,Bioquímica y Biología Molecular,Metabolismo Energético,El enlace glucosídico en los disacáridos se caracteriza por:,Implicar al menos a un carbono anomérico.,Tener configuración beta en la maltosa.,Ser un enlace N-glucosídico.,Presentar carga.,1
2015,194,Bioquímica y Biología Molecular,"Proteínas, Enzimas y Aminoácidos",Caracteriza a los puentes de hidrógeno presentes en la hélice alfa el:,Formarse entre cadenas polipeptídicas adyacentes.,Establecerse entre grupos amino y carbonilo de los enlaces peptídicos.,Implicar a grupos cargados positiva y negativamente.,Establecerse entre grupos de cadenas laterales.,2
2015,196,Bioquímica y Biología Molecular,"Proteínas, Enzimas y Aminoácidos",Sobre la metilación del DNA es cierto que:,Inhibe la transcripción.,Puede ser mono- di- o trimetilación.,La introducen enzimas denominadas HAT.,La eliminan enzimas denominadas HDACs.,1
2015,197,Bioquímica y Biología Molecular,"Proteínas, Enzimas y Aminoácidos",¿Cuál es el codón de inicio de la traducción y qué aminoácido codifica?,"GAU, alanina.","UAA, leucina.","AUG, metionina.","AUU, triptófano.",3
2015,198,Bioquímica y Biología Molecular,Procesos Moleculares,Caracteriza a la RNA polimerasa en la transcripción,Sintetizar DNA empleando RNA como molde.,Iniciar la síntesis del RNA sin necesidad de cebadores.,Llevar a cabo la síntesis simultánea de dos cadenas de RNA.,Transcribir todo el DNA a RNA.,2
2015,199,Bioquímica y Biología Molecular,Procesos Moleculares,La telomerasa es una:,Topoisomerasa.,Transcriptasa inversa.,Helicasa.,Exonucleasa.,2
2015,200,Bioquímica y Biología Molecular,"Proteínas, Enzimas y Aminoácidos",Las aminoacil-tRNA sintetasas:,Unen el aminoácido al codón.,Unen el aminoácido al extremo 3´del tRNA.,Unen el aminoácido al brazo del anticodón.,"No son específicas, ni para el tRNA ni para el aminoácido.",2
2015,201,Bioquímica y Biología Molecular,Procesos Moleculares,Los fragmentos de Okazaki son:,El resultado de la proteólisis de la DNA polimerasa.,Fragmentos de DNA que se sinsetizan en dirección 3´->5.,Fragmentos de RNA que actúan como cebadores.,Fragmentos de DNA en la hebra retrasada.,4
2015,202,Bioquímica y Biología Molecular,Metabolismo Energético,Los triglicéridos son los lípidos más abundantes en:,Quilomicrones.,LDL.,VHDL.,HDL.,1
2015,203,Bioquímica y Biología Molecular,Metabolismo Energético,"En relación a la fructosa-2, 6 bifosfato",Es un intermedio glicolítico.,Es un efector alostérico de la triacilglicerollipasa.,Su concentración regula la velocidad de la glicólisis y de la gluconeogénesis.,Es el activador más potente del complejo de la piruvato-deshidrogenasa.,3
2015,204,Bioquímica y Biología Molecular,Metabolismo Energético,Es un intermediario en la síntesis de colesterol:,Malonil-CoA.,3-Hidroxi-3-metilglutaril-CoA.,Propionil-CoA.,Butiril-CoA.,2
2015,205,Bioquímica y Biología Molecular,"Proteínas, Enzimas y Aminoácidos",Los enlaces por puente disulfuro de las proteínas:,Se rompen fácilmente con urea 8M.,Los rompe el tratamiento con betamercaptoetano.,Mantienen la estructura primaria de las proteínas globulares.,El tratamiento por diálisis provoca su ruptura.,2
2015,206,Genética,Mutaciones y Reparación del ADN,La luz ultravioleta produce mutaciones principalmente debido a que:,Induce desanimación oxidativa de la adenina y de la citosina.,Produce la eliminación de una base de la secuencia de bases.,Induce la formación de dímeros en secuencias que tengan TT.,Genera aumento de los tautómeros menos frecuentes de las bases.,3
2015,207,Bioquímica y Biología Molecular,"Proteínas, Enzimas y Aminoácidos",La actividad peptidil transferasa está localizada en:,Nucleótidos del RNA 16S.,La subunidad 30S ribosomal.,La subunidad 50S ribosomal.,Las cadenas laterales de aminoácidos de proteínas de la subunidad grande.,3
2015,208,Bioquímica y Biología Molecular,Procesos Moleculares,La holoenzima RNA polimerasa procariótica:,No se inhibe por rifampicina.,Requiere un cebador para iniciar la transcripción.,Participa en el proceso de replicación del DNA.,Requiere secuencias específicas para iniciar la transcripción.,4
2015,209,Bioquímica y Biología Molecular,Metabolismo Energético,Característicamente los aminoácidos glucogénicos:,Pueden producir acetil-coenzima A.,Son intermediarios del ciclo de la urea.,Podrán contribuir a la síntesis de glucosa.,Son el sustrato de reacciones catalizadas por transaldolasas.,3
2015,211,Bioquímica y Biología Molecular,Metabolismo Energético,Los seres humanos NO pueden sintetizar glucosa a partir de:,Glicerol.,Alanina.,Palmitato.,Propinil-CoA.,3
2015,212,Fisiología y Anatomía,Renal y Digestivo,En el ciclo de Cori el:,Piruvato se convierte en lactato en el hígado.,Lactato es fuente de glucosa en el hígado.,Lactato se convierte en piruvato en el músculo esquelético.,Piruvato es fuente de glucosa en el músculo esquelético.,2
2015,213,Bioquímica y Biología Molecular,Metabolismo Energético,Sobre la succinato deshidrogenasa es correcto afirmar:,Su producto es el malato.,Genera poder reductor en forma de FADH2.,Su sustrato es el fumarato.,Participa en la gluconeogénesis.,2
2015,214,Bioquímica y Biología Molecular,"Proteínas, Enzimas y Aminoácidos",En la inhibición enzimática,Un inhibidor irreversible provoca la desnaturalización del enzima.,Los inhibidores acompetitivos se unen al sustrato de la reacción.,Un inhibidor competitivo actúa aumentando el valor de Km.,Los inhibidores siempre modifican la Vmx.,3
2015,215,Biología Celular e Histología,Histología Humana,De un tejido al que se le añade un desacoplador de la cadena transportadora de electronescabe esperar que:,Consuma oxígeno y no produzca ATP.,No consuma oxígeno y produzca ATP.,Ni consuma oxígeno ni produzca ATP.,Incremente la producción de ATP.,1
2015,216,Bioquímica y Biología Molecular,"Proteínas, Enzimas y Aminoácidos",El enlace peptídico:,Se mantiene por un puente de hidrógeno entre CO y el NH.,Es un enlace de tipo amida.,Se rompe cuando la proteína se desnaturaliza.,"Es un enlace simple covalente, carece de libertad de giro.",2
2015,217,Bioquímica y Biología Molecular,"Proteínas, Enzimas y Aminoácidos",Es una proteína alostérica:,Siempre existe cooperatividad.,Los efectores alostéricos compiten por el sitio de la unión al ligando.,"Puede haber cooperatividad, si el alosterismo es homotrópico.",Todos los sitios de unión de ligandos son equivalentes e independientes.,3
2015,218,Bioquímica y Biología Molecular,"Proteínas, Enzimas y Aminoácidos",Cuando un enzima cataliza una determinada reacción:,"El enzima no se modifica, pero pierde su actividad catalítica.",Siempre requiere la participación de cofactores.,El enzima no se modifica y puede reutilizarse.,El enzima se desnaturaliza para facilitar la unión con el sustrato.,3
2015,219,Bioquímica y Biología Molecular,Metabolismo Energético,Respecto a la síntesis de ácidos grasos:,No requiere bicarbonato.,Proporciona NADPH.,Los ácidos grasos se transportan al citosol mediante la carnitina.,Interviene la proteína portadora de acilo.,4
2015,220,Bioquímica y Biología Molecular,Procesos Moleculares,Respecto a la estructura del DNA,Contiene el azúcar fructosa.,Las bases nitrogenadas se orientan hacia el exterior.,Los componentes monoméricos están unidos por enlaces glicosídicos.,Está estabilizada por puentes de hidrógeno entre cadenas diferentes.,4
2015,221,Bioquímica y Biología Molecular,Metabolismo Energético,¿Qué caracteriza a la lactato deshidrogenasa en la fermentación láctica?:,Tener como sustrato el Acetil-CoA.,Liberar CO2.,Consumir NADH y producir NAD+.,Permitir que continúe la glucolisis en condiciones aerobias.,3
2015,222,Bioquímica y Biología Molecular,Metabolismo Energético,La ATP sintasa mitocondrial:,Hidroliza ATP cuando los electrones pasan a través de su fracción F0.,Presenta un único centro catalítico.,Produce ATP empleando la energía de un gradiente de protones.,Sintetiza un 10% del ATP del organismo.,3
2015,223,Fisiología y Anatomía,Endocrino y Reproductor,Se sintetiza a partir de ácido araquidónico:,Prostaglandinas.,Hormonas esteroideas.,Hemoglobina.,Colesterol.,1
2015,224,Fisiología y Anatomía,Renal y Digestivo,Es propio de la acción del glucagón en el hígado la:,Activación de la glucógeno fosforilasa.,Activación de la glucolisis.,Activación de la glucógeno sintasa.,Inhibición de la proteína cinasa A.,1
2015,226,Fisiología y Anatomía,Cardiovascular y Respiratorio,La filtración capilar es mayor en el capilar:,Sinusoide.,Fenestrado.,Continuo.,De la barrera hematoencefálica.,1
2015,227,Fisiología y Anatomía,Endocrino y Reproductor,Es de secreción exclusivamente serosa la glándula:,Parótida.,Submaxilar o submandibular.,Sublingual.,Hígado.,1
2015,228,Microbiología y Parasitología,Virología,La replicación inicial del virus varicela-zóster tiene lugar en:,El bazo.,El hígado.,Las vías respiratorias y ganglios linfáticos regionales.,Epitelios orales.,3
2015,229,Microbiología y Parasitología,Bacteriología,¿Cuáles de los siguientes patógenos es avirulento si no presenta cápsula?,Staphylococcus aureus.,Campylobacter coli.,Bordetella pertussis.,Strepptococcus pneumoniae.,4
2015,230,Microbiología y Parasitología,Bacteriología,Los superantígenos bacterianos:,Tiene una estructura antigénica polimérica.,Son procesados por vía endocítica.,Se unen a moléculas HLA-B.,Pueden activar una gran diversidad de linfocitos.,4
2015,231,Estadística y Metodología,Bioestadística,"En una Anova de dos vías, la “p” de la interacción (fármaco x edad) es 0,82. ¿Cómo se interpreta?",El efecto del fármaco despende de la edad de los pacientes.,El fármaco no es efectivo.,El fármaco es más efectivo en jóvenes.,El efecto del fármaco no depende de la edad de los pacientes.,4
2015,232,Fisiología y Anatomía,Endocrino y Reproductor,Actúa sobre las células de Sertoli:,Testosterona.,Hormona luteinizante (LH).,Hormona folículo estimulante (FSH).,Hormonas liberadoras de FSH/LH.,3
2015,233,Genética,Genética Mendeliana y Herencia,El número de genotipos heterocigóticos distintos en la descendencia de un polihíbrido es:,2n.,4n.,3n-2n.,4n-3n.,3
2015,234,Biología Celular e Histología,Histología Humana,La fibra muscular cardiaca:,Se une a otras fibras mediante discos intercalares.,Está inervada por el Sistema Nervioso Somático.,Presenta triadas bien desarrolladas.,Posee de 2 a 3 núcleos en posición central.,1
2015,235,Fisiología y Anatomía,Renal y Digestivo,El ion amonio liberado en el músculo se exporta al hígado en forma de:,Aminoácidos ramificados.,Glutamato.,Alanina.,Aminoácidos aromáticos.,3
2016,1,Microbiología y Parasitología,Antimicrobianos y Resistencias,Forma fibras extracelulares con gran resistencia a la tensión:,Fibronectina.,Colágeno.,Integrinas.,Proteoglucanos.,2
2016,2,Biología Celular e Histología,"Orgánulos, Citoesqueleto y Matriz",El fosfolípido cardiolipina es abundante en la membrana:,Mitocondrial interna.,Mitocondrial externa.,Plasmática.,Lisosomal.,1
2016,3,Microbiología y Parasitología,Antimicrobianos y Resistencias,NO es una función de los filamentos intermedios:,Proporcionar apoyo estructural a la célula.,Fijar el núcleo en su sitio.,Proveer resistencia mecánica.,Locomoción celular.,4
2016,4,Biología Celular e Histología,"Orgánulos, Citoesqueleto y Matriz",Los cuerpos multivesiculares son:,Peroxisomas.,Mitocondrias.,Polisomas.,Endosomas.,4
2016,5,Fisiología y Anatomía,Sistema Nervioso y Sentidos,Forman la envuelta de mielina de los axones en el sistema nervioso periférico:,Oligodendrocitos.,Células de Schwann.,Células microgliales.,Células ganglionares.,2
2016,6,Biología Celular e Histología,Histología Humana,El fibrocartílago se localiza en:,Laringe.,Extremos ventrales de costillas.,Discos intervertebrales.,Epiglotis.,3
2016,7,Bioquímica y Biología Molecular,Procesos Moleculares,La molécula lineal de ADN asociada a proteínas es:,Nucleosoma.,Cromatina.,Cromosoma eucariótico.,Gen.,3
2016,8,Biología Celular e Histología,Histología Humana,Son células multinucleadas:,Condroblastos.,Osteoblastos.,Fibroblastos.,Osteoclastos.,4
2016,9,Biología Celular e Histología,Histología Humana,Es un tejido conjuntivo avascular:,Conjuntivo laxo.,Adiposo.,Óseo.,Cartílago.,4
2016,10,Biología Celular e Histología,Histología Humana,La formación de hueso a partir de un molde de cartílago hialino se denomina:,Intramembranosa.,Trabecular.,Endocondral.,Aposicional.,3
2016,11,Bioquímica y Biología Molecular,"Proteínas, Enzimas y Aminoácidos",Realizan la degradación de proteínas asociada al retículo endoplásmico (ERAD):,Proteosomas.,Lisosomas.,Peroxisomas.,Fagosomas.,1
2016,12,Biología Celular e Histología,Membrana y Tráfico,Desde la red cis del Golgi (CGN) parten vesículas con destino a:,Retículo endoplásmico.,Membrana plasmática.,Lisosomas.,Peroxisomas.,1
2016,13,Biología Celular e Histología,"Orgánulos, Citoesqueleto y Matriz",El complejo proteico responsable de la ramificación de los filamentos de actina es:,Gamma tubulina.,Formina.,Arp 2/3.,Apoptosoma.,3
2016,14,Biología Celular e Histología,"Ciclo Celular, Mitosis y Apoptosis",El conjunto formado por un par de centriolos perpendiculares y el material amorfo que los envuelve se denomina:,Axonema.,Centrosoma.,Cinetocoro.,Cuerpo basal.,2
2016,15,Biología Celular e Histología,"Ciclo Celular, Mitosis y Apoptosis",En la anafase I de la meiosis se separan:,Cromátidas hermanas.,Cromátidas homólogas.,Cromosomas hermanos.,Cromosomas homólogos.,4
2016,16,Biología Celular e Histología,"Orgánulos, Citoesqueleto y Matriz",El glucosaminoglucano no sulfatado de gran tamaño y que rellena los espacios entre las moléculas de la matriz extracelular es :,Colágeno.,Proteoglucano.,Ácido hialurónico.,Fibronectina.,3
2016,17,Inmunología,Inmunidad Innata y Complemento,Está especializado en la fagocitosis de bacterias:,Neutrófilo.,Eosinófilo.,Basófilo.,Linfocito.,1
2016,18,Biología Celular e Histología,Histología Humana,El mesénquima es un tipo de tejido:,Muscular.,Conjuntivo.,Epitelial.,Nervioso.,2
2016,19,Biología Celular e Histología,Histología Humana,Los discos intercalares son una característica del tejido muscular:,Esquelético.,Cardiaco.,Liso vascular.,Liso visceral.,2
2016,20,Fisiología y Anatomía,Sistema Nervioso y Sentidos,La sustancia gris ocupa la parte central de:,Cerebro.,Cerebelo.,Nervio.,Médula espinal.,4
2016,21,Biología Celular e Histología,Membrana y Tráfico,En la membrana plasmática:,Solo se desplazan las proteínas integrales.,Las partículas que se observan con criofractura son proteínas periféricas.,El componente glucídico de glicoproteínas se orienta hacia el citoplasma.,Una de las funciones de las proteínas transmembrana es la recepción de ligandos.,4
2016,22,Genética,Citogenética y Alteraciones Cromosómicas,Señale la respuesta correcta:,Los cromosomas X e Y son de tamaño parecido.,Los cariotipos clásicos se confeccionan con cromosomas metafásicos.,Durante toda la mitosis los cromosomas están libres en el citoplasma.,Los dos cromosomas X originan en la mujer la aparición de dos corpúsculos de Barr.,2
2016,23,Biología Celular e Histología,Membrana y Tráfico,Los poros nucleares:,Son de apertura regulada por el ligando.,Presentan un canal acuoso.,Sólo permiten el transporte de iones y pequeñas moléculas polares.,Comunican el núcleo con el interior del retículo endoplásmico.,2
2016,24,Biología Celular e Histología,"Orgánulos, Citoesqueleto y Matriz",Señala la respuesta verdadera:,Cinesinas y dineínas se asocian a los filamentos intermedios.,"Son ejemplos de filamentos intermedios la queratina, la desmina o la actina.",Los microtúbulos se forman por polimerización.,Los centriolos están formados por 9 dobletes de microtúbulos.,3
2016,25,Biología Celular e Histología,Histología Humana,El epitelio que tapiza:,El intestino es cilíndrico biestratificado.,Las vías urinarias es el de transición.,Los vasos linfáticos y sanguíneos es el mesotelio.,Las vías respiratorias (tráquea y bronquios) es cúbico simple.,2
2016,26,Biología Celular e Histología,Histología Humana,"Puede derivarse de las tres hojas embrionarias (endo-, meso- y ecto-dermo) el tejido:",Epitelial.,Conjuntivo.,Muscular.,Nervioso.,1
2016,27,Biología Celular e Histología,Histología Humana,El tejido conjuntivo:,Laxo puede ser modelado (regular) o no modelado (irregular).,Denso constituye la capa conjuntiva subepitelial (lamina propia) en muchos órganos.,Denso presenta escasas células y abundantes fibras.,Mucoso es propio de las vías aéreas.,3
2016,28,Biología Celular e Histología,Histología Humana,En relación con el tejido adiposo:,Los adipocitos uniloculares poseen una gota de triglicéridos delimitada por membrana.,La función más importante del adiposo pardo es la termogénesis.,"Los adipocitos segregan leptina, que estimula la ingesta.",El adiposo blanco está poco irrigado.,2
2016,29,Biología Celular e Histología,Histología Humana,En relación con el cartílago:,El colágeno tipo I predomina en el hialino.,Los condrocitos forman pequeños grupos denominados agrecanos.,El disco epifisario es cartílago fibroso.,El cartílago presenta dos modalidades de crecimiento: por aposición e intersticial.,4
2016,30,Fisiología y Anatomía,Renal y Digestivo,La porción secretora o adenómero es acinosa (acinar) en:,Glándulas sudoríparas.,Glándulas intestinales.,Páncreas exocrino.,Glándulas del estómago (píloro).,3
2016,31,Fisiología y Anatomía,Sistema Nervioso y Sentidos,La mayor representación en el homúnculo sensorial corresponde a:,Cara.,Espalda.,Pierna.,Pie.,1
2016,32,Fisiología y Anatomía,Sistema Nervioso y Sentidos,En las uniones neuromusculares esqueléticas los receptores de la membrana postsináptica son:,Alfa adrenérgicos.,Beta adrenérgicos.,Muscarínicos.,Nicotínicos.,4
2016,33,Fisiología y Anatomía,Sistema Nervioso y Sentidos,Los túbulos T:,Propagan el potencial de acción al interior celular.,Son almacenes de calcio.,Están muy desarrollados en el musculo liso.,Unen las células musculares.,1
2016,35,Fisiología y Anatomía,Sistema Nervioso y Sentidos,Es una neurona el receptor del:,Olfato.,Gusto.,Vista.,Oído.,1
2016,36,Fisiología y Anatomía,Sistema Nervioso y Sentidos,"Cuando el punto focal está detrás de la retina, la lente correctora debe ser:",Bicóncava.,Biconvexa.,Plana.,Polarizada.,2
2016,37,Fisiología y Anatomía,Sistema Nervioso y Sentidos,Los ganglios basales:,Integran la información sensitiva.,Participan en el control neuroendocrino.,Participan en la planificación de los movimientos voluntarios.,Desencadenan el sueño de ondas lentas.,3
2016,38,Fisiología y Anatomía,Sistema Nervioso y Sentidos,"En la retina, el antagonismo centro-periferia del campo receptor de las células ganglionares lo causa:",El tipo de fotorreceptor activado.,Células horizontales.,Células bipolares.,Eferencias del núcleo geniculado lateral.,2
2016,39,Fisiología y Anatomía,Sistema Nervioso y Sentidos,"Es importante para la comprensión del lenguaje, el lóbulo:",Parietal.,Temporal.,Occipital.,Frontal.,2
2016,40,Fisiología y Anatomía,Sistema Nervioso y Sentidos,En el músculo estriado esquelético de mamíferos:,Una motoneurona inerva todas sus fibras.,Cada motoneurona inerva una sola fibra.,Cada fibra recibe inervación de una sola motoneurona.,Se requiere sumación de potenciales sinápticos para alcanzar el umbral de excitación.,3
2016,41,Fisiología y Anatomía,Sistema Nervioso y Sentidos,Los corpúsculos de Pacini:,Están inervados por fibras amielínicas.,Median sensibilidad térmica.,Son terminaciones nerviosas libres.,Son receptores de adaptación rápida.,4
2016,42,Biología Celular e Histología,Membrana y Tráfico,El órgano miotendinoso de Golgi:,Monitoriza cambios en la tensión muscular.,Informa de la longitud del músculo.,Está inervado por fibras sensoriales tipo Ia.,Evoca el reflejo miotático.,1
2016,43,Fisiología y Anatomía,Sistema Nervioso y Sentidos,El hipotálamo se localiza en:,Mesencéfalo.,Protuberancia.,Diencéfalo.,Telencéfalo.,3
2016,44,Fisiología y Anatomía,Endocrino y Reproductor,Aumenta la lipogénesis:,Insulina.,Glucagón.,Cortisol.,Somatotropina.,1
2016,46,Fisiología y Anatomía,Endocrino y Reproductor,La adrenocorticotropina (ACTH) inhibe la:,Síntesis de cortisol.,Respuesta al estrés.,Síntesis de aldosterona.,Síntesis y liberación de corticoliberina (CRH).,4
2016,47,Fisiología y Anatomía,Endocrino y Reproductor,La insulina inhibe la:,Incorporación del GLUT4 en la membrana plasmática.,Neoglucogénesis.,Glucolisis.,Síntesis de triglicéridos.,2
2016,48,Fisiología y Anatomía,Endocrino y Reproductor,Aumenta la producción de calcitriol:,Parathormona.,"23,25 (OH)2 colecalciferol.",Calcitonina.,Hipercalcemia.,1
2016,49,Bioquímica y Biología Molecular,Metabolismo Energético,Los glucocorticoides:,Inhiben la gluconeogénesis desde el primer momento.,Estimulan la formación del hueso.,Son inmunosupresores.,Antagonizan la acción de las catecolaminas,3
2016,50,Fisiología y Anatomía,Endocrino y Reproductor,Las principales hormonas de la adenohipófisis son:,Tróficas.,Neurohormonas.,Esteroideas.,Liposolubles.,1
2016,51,Fisiología y Anatomía,Renal y Digestivo,La relajación receptiva gástrica:,Está modulada por el vago.,Es estimulada por la motilina.,Es inhibida durante la deglución.,Ocurre en el antro gástrico.,1
2016,52,Fisiología y Anatomía,Sistema Nervioso y Sentidos,El simpático:,Inicia la deglución.,Estimula las ondas peristálticas intestinales.,Relaja el esfínter anal interno.,Inhibe la contracción del cuerpo y antro gástricos.,4
2016,53,Fisiología y Anatomía,Renal y Digestivo,Los acinos del páncreas segregan:,Pepsinógeno.,Tripsinógeno.,Insulina.,Tripsina.,2
2016,54,Fisiología y Anatomía,Renal y Digestivo,Tras la ingesta empiezan las contracciones en el colon debido a:,Histamina.,Colecistocinina.,Reflejo gastrocólico.,Reflejo enterogástrico.,3
2016,55,Fisiología y Anatomía,Endocrino y Reproductor,La regresión de los conductos de Müller:,Determina la diferenciación del sexo masculino.,Se inhibe por la sustancia inhibidora de Müller.,Se estimula por la testosterona.,Es paralela a la regresión de los conductos de Wolff.,1
2016,56,Fisiología y Anatomía,Endocrino y Reproductor,En los varones la LH:,Estimula la secreción de andrógenos por las células de Leydig.,Favorece el desarrollo del cuerpo lúteo.,Es regulada por la inhibina.,Se segrega de forma cíclica.,1
2016,58,Hematología,Hemostasia y Coagulación,La plasmina induce:,Formación del tapón plaquetario.,Adhesión plaquetaria.,Fibrinolisis.,Activación de trombina.,3
2016,59,Hematología,Fisiología y Patología Eritrocitaria,El hematocrito indica el:,% en volumen de hemoglobina respecto a plasma.,Número de glóbulos rojos por mm3.,Volumen de plasma contenido en la sangre.,% en volumen de glóbulos rojos respecto a sangre.,4
2016,60,Fisiología y Anatomía,Cardiovascular y Respiratorio,La contracción auricular y ventricular no coinciden porque:,Hay un retraso en el nódulo aurículoventricular.,El impulso se inicia en el nódulo senoauricular.,Las fibras de Purkinje conducen muy rápidamente.,Ocurren a diferente velocidad.,1
2016,61,Fisiología y Anatomía,Cardiovascular y Respiratorio,La frecuencia marcapasos es mayor en:,Nodo aurículo-ventricular.,Nodo sinusal.,Haz de His.,Células miocárdicas ventriculares.,2
2016,62,Fisiología y Anatomía,Endocrino y Reproductor,Tiene efecto cronotrópico positivo:,Estimulación vagal.,Aumento de la concentración de hormona tiroidea.,Aumento de la postcarga.,Activación de los barorreceptores arteriales.,2
2016,63,Fisiología y Anatomía,Cardiovascular y Respiratorio,Durante la relajación isovolumétrica cardiaca:,La presión en la aorta es inferior a la del ventrículo izquierdo.,Las válvulas aurículo-ventriculares están cerradas.,Aparece la onda P en el ECG.,El volumen ventricular es casi cero.,2
2016,64,Fisiología y Anatomía,Cardiovascular y Respiratorio,La inhibición de los barorreceptores arteriales induce:,Estimulación vagal.,Secreción de ADH.,Vasodilatación periférica.,Reducción del gasto cardíaco.,2
2016,65,Fisiología y Anatomía,Cardiovascular y Respiratorio,En el electrocardiograma la velocidad de conducción del impulso cardíaco a través del nodo A-V se refleja en:,El complejo QRS.,La onda T.,El intervalo PR.,El intervalo QT.,3
2016,66,Fisiología y Anatomía,Cardiovascular y Respiratorio,Aumenta la presión arterial la estimulación:,Parasimpática.,De los barorreceptores.,Vagal.,Simpática.,4
2016,67,Fisiología y Anatomía,Cardiovascular y Respiratorio,Al inicio de la espiración en reposo:,La presión alveolar es negativa.,El gas espirado proviene del espacio muerto anatómico.,Los músculos intercostales internos se contraen.,La presión intrapleural es positiva.,2
2016,68,Fisiología y Anatomía,Cardiovascular y Respiratorio,La presión alveolar es negativa:,A lo largo de todo el ciclo respiratorio.,Durante la inspiración.,Durante la espiración.,Si no hay flujo de aire.,2
2016,69,Fisiología y Anatomía,Cardiovascular y Respiratorio,El surfactante pulmonar aumenta:,La tensión superficial de los alveolos.,El trabajo respiratorio.,La distensibilidad pulmonar.,La resistencia a la entrada del aire.,3
2016,70,Fisiología y Anatomía,Cardiovascular y Respiratorio,El volumen corriente es el volumen de aire que:,Hay en el pulmón tras la inspiración.,Se intercambia con el exterior en una respiración normal.,Queda en los pulmones tras la espiración.,Se intercambia con el exterior en un minuto.,2
2016,71,Microbiología y Parasitología,Virología,"Si un virión es más sensible al éter que otro virión, se puede afirmar que el primero:",Posee una estructura compleja.,Presenta una morfología helicoidal.,Posee una envoltura lipídica.,Tiene peplómeros.,3
2016,72,Microbiología y Parasitología,Virología,¿Qué es un protómero?:,Cada una de las proteínas que forman un pre-virus.,Cada una de las proteínas que constituyen la cápside de un virus.,Cada uno de los monómeros que forman parte de las espículas víricas.,Cada uno de los pentámeros que constituyen la cápside de los virus icosaédricos.,2
2016,73,Microbiología y Parasitología,Virología,¿Cuál será el material genético de un virus que puede sintetizar sus proteínas inmediatamente después de la descapsidación?:,ADN de cadena sencilla (+).,ADN de cadena sencilla (-).,ARN de cadena sencilla (+).,ARN de cadena sencilla (-).,3
2016,74,Inmunología,Inmunopatología,¿Cómo actúa el indinavir sobre el virus de la inmunodeficiencia humana?:,Inhibe la retrotranscriptasa.,Inhibe la unión a la célula diana.,Afecta a la funcionalidad de la integrasa vírica.,Inhibe la proteasa.,4
2016,75,Microbiología y Parasitología,Virología,¿Cuál de los siguientes fármacos se utiliza contra el virus de la varicela-zóster?:,Trifluridina.,Penciclovir.,Aciclovir.,Yododesoxiuridina.,3
2016,76,Microbiología y Parasitología,Virología,El virus de la fiebre amarilla es un:,Flavivirus.,Alfavirus.,Bornavirus.,Arenavirus.,1
2016,77,Microbiología y Parasitología,Virología,¿Cuál de los siguientes virus contiene una ARN polimerasa en su virión?:,Coronavirus.,Togavirus.,Calicivirus.,Rabdovirus.,4
2016,79,Microbiología y Parasitología,Virología,¿Qué virus de los que se indican presenta un genoma segmentado?:,Hepadnavirus.,Ortomixovirus.,Poxvirus.,Herpesvirus.,2
2016,80,Microbiología y Parasitología,Virología,¿Cuál de los siguientes virus puede originar con facilidad una infección latente?:,Parotiditis.,Citomegalovirus.,Rabia.,Hepatitis A.,2
2016,81,Microbiología y Parasitología,Virología,¿Cuál de los siguientes virus utiliza la transcriptasa inversa durante su replicación?:,Poliomavirus.,Parvovirus.,Hepadnavirus.,Flavivirus.,3
2016,82,Bioquímica y Biología Molecular,Procesos Moleculares,¿Cuál de los siguientes virus requiere ADN polimerasas de la célula hospedadora para su replicación?:,Papilomavirus.,Virus de la hepatitis B.,Togavirus.,Poxvirus.,1
2016,83,Bioquímica y Biología Molecular,Procesos Moleculares,¿Qué virus de ADN posee secuencias palindrómicas en sus extremos para facilitar su replicación por la ADN polimerasa del huésped?:,Poliomavirus.,Papilomavirus.,Parvovirus.,Baculovirus.,3
2016,84,Microbiología y Parasitología,Virología,¿Cómo se denominan las estructuras visibles al microscopio óptico que origina el virus de la rabia en las células que infecta?:,Granulosis rábica.,Sincitios.,Cuerpos de Negri.,Cuerpos de Cowdry.,3
2016,85,Microbiología y Parasitología,Virología,¿En qué animal se produce la recombinación entre el virus de la gripe humana y el aviar que genera el cambio antigénico?:,Pollo.,Rata.,Pato.,Cerdo.,4
2016,86,Biología Celular e Histología,Histología Humana,¿Cómo se denomina a los productos que matan o inhiben el crecimiento microbiano y que son lo suficientemente inocuos para utilizarlos en tejidos vivos?:,Antiséptico.,Agente esterilizante.,Agente higienizante.,Desinfectante.,1
2016,87,Microbiología y Parasitología,Antimicrobianos y Resistencias,Para la esterilización de líquidos termosensibles se emplean filtros con poros de:,1 μm.,"0,22 μm.","0,1 μm.","0,02 μm.",2
2016,88,Bioquímica y Biología Molecular,"Proteínas, Enzimas y Aminoácidos",El recuento de microorganismos por microscopía se facilita tiñendo la muestra con el fluoróforo DAPI que se une de forma específica a:,El peptidoglicano.,Las proteínas de membrana.,El ADN.,Los complejos respiratorios transportadores de electrones.,3
2016,89,Bioquímica y Biología Molecular,Metabolismo Energético,El óxido de etileno esteriliza por su actividad:,Disolvente de lípidos y desnaturalizante de membranas.,Alquilante.,Oxidante.,Desnaturalizante de proteínas.,2
2016,90,Microbiología y Parasitología,Bacteriología,¿Por qué los medios de cultivo de bacterias anaerobias obligadas suelen contener cisteína o tioglicolato?:,Son requerimientos nutritivos específicos de la mayoría de estas bacterias.,Son indicadores de la contaminación del medio con bacterias aerobias.,Son indicadores redox.,Son agentes reductores.,4
2016,91,Microbiología y Parasitología,Bacteriología,¿Cuál de las siguientes sustancias hidroliza el enlace N-acetilglucosamina-N-acetilmurámico del peptidoglicano?:,Lisozima.,Tetraciclina.,Penicilina.,Cloranfenicol.,1
2016,92,Microbiología y Parasitología,Bacteriología,"Si el genoma de una bacteria codifica todas las enzimas implicadas en la síntesis del ácido dipicolínico, ésta puede formar:",Cápsulas.,Endosporas.,Flagelos.,Capas S.,2
2016,93,Inmunología,Inmunidad Adaptativa,¿Qué región del lipopolisacárido es la principal responsable de que esta molécula sea una endotoxina?:,Lípido A.,Región central “core”.,Antígeno O.,Toda la molécula.,1
2016,94,Microbiología y Parasitología,Bacteriología,¿Qué proteína forma el anillo ecuatorial sobre el que se forma el septo de la división bacteriana?:,MreB.,PepS.,FtsZ.,MinD.,3
2016,95,Microbiología y Parasitología,Bacteriología,¿Cuál de los siguientes elementos genéticos bacterianos codifica necesariamente una transposasa?:,Secuencia de inserción.,Plásmido.,Integrón.,Replicón.,1
2016,96,Microbiología y Parasitología,Bacteriología,Si linearizamos el cromosoma de Escherichia coli y lo extendemos medirá:,Lo mismo que la longitud de la bacteria.,Mil veces menos que la longitud de la bacteria.,El diámetro de la bacteria multiplicado por π (pi).,Mil veces más que la longitud de la bacteria.,4
2016,97,Microbiología y Parasitología,Bacteriología,Las llamadas Proteínas Ácidas Solubles Pequeñas (SASP) son un componente de las esporas bacterianas cuya función es:,Sintetizar dipicolinato.,Dar resistencia mecánica al exosporio.,Unir grandes cantidades de iones Ca2+.,Unirse al ADN protegiéndolo del calor y la radiación ultravioleta.,4
2016,98,Microbiología y Parasitología,Antimicrobianos y Resistencias,La unión de un beta-lactámico a las denominadas proteínas de unión a penicilina (PBP) bloquea la:,Actividad del transportador bactoprenol.,Síntesis del N-acetil-murámico.,Actividad de las autolisinas.,Transpeptidación.,4
2016,99,Microbiología y Parasitología,Antimicrobianos y Resistencias,¿Cuál de los siguientes antibacterianos es un análogo del ácido p-aminobenzoico?:,Sulfanilamida.,Metronidazol.,Rifampicina.,Eritromicina.,1
2016,100,Microbiología y Parasitología,Antimicrobianos y Resistencias,¿Qué grupo de antibióticos afecta al superenrollamiento del ADN por inhibir la DNA girasa?:,Los aminoglucósidos.,Las fluoroquinolonas.,Las rifamicinas.,Los macrólidos.,2
2016,101,Microbiología y Parasitología,Bacteriología,"Respecto a los plásmidos bacterianos, es correcto afirmar que:",Siempre codifican resistencia a los antimicrobianos.,Nunca contienen transposones.,Se transfieren aquellos que contienen el operón tra y el sitio oriT.,Todos son circulares.,3
2016,102,Microbiología y Parasitología,Bacteriología,Un resultado positivo en la prueba de Voges- Proskauer indica que la bacteria:,Realiza una fermentación ácida-mixta.,Es no-fermentadora.,"Realiza la fermentación butilén glicólica (2,3 butanodiol).",No es una enterobacteria.,3
2016,103,Microbiología y Parasitología,Bacteriología,¿A qué género pertenecen las bacterias que en medios sólidos presentan colonias en forma de “huevo frito”? :,Bartonella.,Mycoplasma.,Francisella.,Mycobacterium.,2
2016,104,Microbiología y Parasitología,Bacteriología,"¿A qué género pertenecen las bacterias que pueden producir impétigo, neumonía, meningitis, endocarditis e intoxicaciones alimentarias?:",Paenibacillus.,Propionibacterium.,Salmonella.,Staphylococcus.,4
2016,105,Microbiología y Parasitología,Bacteriología,¿Cuál es el hospedador intermedio de Yersinia pestis?:,Pulgas.,Roedores.,Murciélagos.,Aves salvajes.,1
2016,106,Microbiología y Parasitología,Bacteriología,¿Cuál de las siguientes asociaciones es correcta?:,Rickettsia prowazekii / erliquiosis.,Coxiella burnetti / fiebre Q.,Rickettsia rickettsii / enfermedad de Lyme.,Borrelia burgdorferi / tifus.,2
2016,107,Microbiología y Parasitología,Bacteriología,No crecen en medios de cultivo artificiales de laboratorio las:,Brucelas.,Micobacterias.,Rickettsias.,Neisserias.,3
2016,108,Microbiología y Parasitología,Bacteriología,La prueba del aliento para el diagnóstico de Helicobacter pylori depende de la producción por la bacteria de:,Antígenos de superficie del tipo de los del grupo sanguíneo.,Ureasa.,Toxina efectora secretada CagA.,Catalasa.,2
2016,110,Microbiología y Parasitología,Bacteriología,"¿A qué género pertenecen las bacterias que causan enfermedades como escarlatina, fiebre reumática o caries dental?:",Streptococcus.,Fusobacterium.,Actinomyces.,Nocardia.,1
2016,111,Microbiología y Parasitología,Bacteriología,¿Cuál de las siguientes metodologías se utiliza para el diagnóstico de Treponema pallidum?:,Siembra directa en agar sangre.,Siembra en un medio selectivo.,Microscopía de campo claro.,Microscopía de campo oscuro.,4
2016,112,Microbiología y Parasitología,Bacteriología,Las bacterias del género Mycobacterium se caracterizan por:,Ser anaerobias estrictas.,Poseer un lipopolisacárido muy hidrófobo.,Ser ácido-alcohol resistentes.,Ser catalasa negativas.,3
2016,113,Bioquímica y Biología Molecular,Técnicas de Biología Molecular,¿En qué elemento está codificada la toxina de la difteria?:,Plásmido.,Transposón.,Isla de patogenicidad.,Profago atenuado.,4
2016,114,Inmunología,Inmunidad Adaptativa,Una prueba clave para diferenciar pseudonomas de enterobacterias permite detectar la:,Citocromo c oxidasa.,Presencia del antígeno O.,Presencia de cápsula.,Producción de coagulasa.,1
2016,115,Microbiología y Parasitología,Bacteriología,La diferencia entre bacterias Gram-positivas y Gram-negativas que explica por qué las primeras retienen el complejo cristal violeta-yodo es:,El mayor contenido en peptidoglicano.,La presencia de ácidos teicoicos.,La ausencia de porinas.,La ausencia de membrana externa.,1
2016,116,Microbiología y Parasitología,Micología,"De entre los siguientes, el medio más comúnmente usado para el crecimiento de hongos es el:",Agar triptona.,Agar sabouraud-dextrosa.,Agar extracto de levadura.,Agar sangre.,2
2016,117,Biología Celular e Histología,"Ciclo Celular, Mitosis y Apoptosis",¿Qué proceso inhiben los antimicóticos denominados azoles?:,Síntesis de ergosterol.,Mitosis.,Síntesis de quitina.,Síntesis de DNA.,1
2016,118,Microbiología y Parasitología,Micología,¿A qué género pertenece el hongo causante de la tiña?:,Thrichophyton.,Sporothrix.,Coccidioides.,Histoplasma.,1
2016,119,Microbiología y Parasitología,Micología,¿Qué microorganismo sintetiza aflatoxinas?:,Histoplasma capsulatum.,Cryptococcus neoformans.,Cryptococcus gattii.,Aspergillus flavus.,4
2016,120,Microbiología y Parasitología,Micología,Candida albicans:,Es un zigomiceto dimórfico.,Es un patógeno obligado.,Puede formar parte de la microbiota normal del cuerpo humano.,Es sensible a la estreptomicina.,3
2016,121,Inmunología,Inmunidad Adaptativa,"En respuesta al reconocimiento de patógeno y tras recibir ayuda del linfocito T, un macrófago:",Incrementa la expresión de moléculas MHC de clase II.,Entra en estado de anergia.,Activa al complejo RAG1-RAG2.,Inactiva el complejo NADPH oxidasa.,1
2016,122,Inmunología,Inmunidad Adaptativa,"En relación a su función como células presentadoras de antígeno, los linfocitos B:",Captan el antígeno mediante macropinocitosis y/o fagocitosis.,Procesan el antígeno a través de la vía endosómica.,Presentan el antígeno a los linfocitos T a través de la unión BCR-TCR.,Presentan antígeno tanto a los linfocitos Th como a los T vírgenes.,2
2016,123,Fisiología y Anatomía,Sistema Nervioso y Sentidos,Identifique un receptor fagocítico:,TLR-3 (Toll-Like Receptor).,Receptor de manosa.,NLR (NOD-Like Receptor).,FcεR.,2
2016,124,Inmunología,Inmunidad Adaptativa,Qué marcador celular seleccionaría para diferenciar a cualquier linfocito T de uno B?:,CD4.,CD45.,CD8.,CD3.,4
2016,125,Inmunología,Inmunidad Adaptativa,La inhibición de linfocitos B por anticuerpos preformados está mediada por:,lgA.,lgE.,lgG.,lgM.,3
2016,126,Inmunología,Inmunidad Adaptativa,Las proteínas TAP-1 y TAP-2 actúan en el procesamiento de antígeno:,Transportando péptidos desde los endosomas al retículo endoplásmico.,Colaborando con HLA-DM en el corte del péptido CLIP.,Transportando péptidos desde el citoplasma al retículo endoplásmico.,Como chaperonas para evitar la degradación del MHC naciente.,3
2016,127,Hematología,Serie Blanca y Neoplasias,¿Qué mecanismo de generación de diversidad tiene lugar en órganos linfoides secundarios?:,Recombinación somática.,Cambio de isotipo.,Adición de nucleótidos N (no codificados en la línea germinal).,Hipermutación somática.,4
2016,128,Inmunología,Inmunidad Adaptativa,La hipersensibilidad tuberculínica se genera por una reacción inflamatoria mediada por linfocitos:,Th1.,Th2.,B.,Th17.,1
2016,129,Inmunología,Inmunidad Adaptativa,Las moléculas MHC clase I y II son reconocidas respectivamente por el:,TCR de los linfocitos Th1 y Th2.,TCR de los linfocitos CD8+ y CD4+.,BCR de los linfocitos B y TCR de los T.,TCR de los linfocitos CD4+ y CD8+.,2
2016,130,Inmunología,Inmunidad Innata y Complemento,"Durante una inflamación, el endotelio vascular activa la expresión de la molécula de adhesión:",VCAM-1.,LFA-1.,Selectina-L.,PSGL-1 (P-Selectin Glycoprotein Ligand-1).,1
2016,131,Inmunología,Inmunidad Innata y Complemento,¿Cuál de las siguientes proteínas del complemento se encuentra involucrada en la inflamación?:,C5a.,C3b.,Properdina.,Factor H.,1
2016,132,Inmunología,Inmunidad Adaptativa,La tolerancia central en los linfocitos T se adquiere:,Gracias a la expresión de la enzima AID.,Durante su maduración y desarrollo en el timo.,Durante las fases de desarrollo inicial en la médula ósea.,Durante el encuentro con el antígeno en los ganglios linfáticos.,2
2016,133,Inmunología,Inmunidad Adaptativa,¿Qué proceso molecular tiene lugar en los linfocitos B durante el cambio de isotipo?:,Edición del BCR mediada por RAG1 y 2.,"Recombinación entre los segmentos V, D y J.",Recombinación entre los segmentos VDJ reordenados y los genes constantes.,Ensamblaje de las cadenas H y VpreB.,3
2016,134,Inmunología,Inmunidad Adaptativa,La diferenciación de los linfocitos Th a Th1 es promovida por la citocina:,IL-2.,IL-10.,IL-12.,IL-17.,3
2016,135,Fisiología y Anatomía,Sistema Nervioso y Sentidos,La citotoxicidad celular dependiente de anticuerpo es mediada por el receptor:,CD16 (FcRγIIIA).,NKG2A.,KIR-L.,CD69-NKG2D.,1
2016,136,Inmunología,Inmunidad Adaptativa,Los linfocitos T reguladores inhiben la función efectora de los linfocitos T mediante secreción de:,IL-17.,IL-10 y TGF-β.,Perforina.,Péptidos citolíticos.,2
2016,137,Fisiología y Anatomía,Sistema Nervioso y Sentidos,¿Cuál de las siguientes moléculas se une al receptor neonatal para el Fc (FcRn)?:,lgG.,C5a.,lgA.,C5b.,1
2016,138,Inmunología,Inmunidad Adaptativa,Las vacunas conjugadas mejoran la respuesta a:,Lípidos.,Virus.,Polisacáridos.,Proteínas.,3
2016,139,Bioquímica y Biología Molecular,"Proteínas, Enzimas y Aminoácidos","En el proceso de presentación de péptidos de origen extracelular, ¿qué enzima es la responsable del intercambio peptídico en los compartimentos de carga?:",CLIP.,Cadena invariante (li).,HLA-DM.,TAP.,3
2016,140,Inmunología,Inmunidad Innata y Complemento,¿Cuál de las siguientes moléculas es una proteína reguladora del sistema de complemento?:,C5a.,C1 inhibidor.,C3b.,Factor B.,2
2016,141,Inmunología,Inmunidad Adaptativa,Una de las siguientes órdenes NO emana del pre-BCR:,Proliferación celular.,Inhibición de nuevos reordenamientos de las cadenas pesadas.,Inhibición de nuevos reordenamientos de las cadenas ligeras.,Inicio del reordenamiento de las cadenas ligeras.,3
2016,142,Inmunología,Inmunidad Adaptativa,NO forma parte del correceptor del linfocito B:,Receptor del complemento tipo 2 (CR2 o CD21).,CD81 (TAPA-1).,CD79α.,CD19.,3
2016,143,Inmunología,Inmunidad Adaptativa,La hipermutación somática afecta a:,Los genes variables de las inmunoglobulinas.,Los genes constantes de la cadena pesada.,La totalidad de la inmunoglobulina.,Los genes constantes de la cadena ligera.,1
2016,144,Inmunología,Inmunidad Adaptativa,La pérdida de moléculas de histocompatibilidad de clase I hace a las células susceptibles a la lisis por linfocitos:,Th.,NK.,Tc.,B.,2
2016,145,Inmunología,Inmunidad Adaptativa,La inmunoterapia antitumoral mediante linfocitos LAK (linfocitos citolíticos activados por linfocinas) se basa en la acción de:,IL-2 e IL-8.,Mastocitos infiltrantes.,Células NK activadas por citocinas.,Macrófagos activados por citocinas.,3
2016,146,Inmunología,Inmunidad Adaptativa,¿Los linfocitos que se encuentran disminuidos en la agammaglobulinemia ligada al cromosoma X (XLA) son los:,Tc.,Th.,NK.,B.,4
2016,147,Inmunología,Inmunopatología,El rechazo hiperagudo se evita transplantando sólo :,Entre donantes emparentados.,Cuando la prueba cruzada es positiva.,Si donante y receptor comparten dos alelos HLA-DR.,Cuando la prueba cruzada es negativa.,4
2016,148,Inmunología,Inmunidad Adaptativa,"En el rechazo agudo, ¿qué células del sistema inmunitario participan en la vía directa del reconocimiento alogénico?:",Células presentadoras de antígeno del donante/Linfocitos T del receptor.,Células presentadoras de antígeno del donante/Linfocitos T del donante.,Células presentadoras de antígeno del receptor/Linfocitos T del receptor.,Células presentadoras de antígeno del receptor/Linfocitos T del donante.,1
2016,149,Microbiología y Parasitología,Bacteriología,Un individuo esplenectomizado es más vulnerable a infecciones por:,Helmintos.,Virus.,Bacterias encapsuladas.,Micobacterias.,3
2016,150,Inmunología,Inmunidad Adaptativa,La dermatitis de contacto causado por níquel esta mediada por:,Linfocitos Th1.,Linfocitos Th2.,lgE.,Inmunocomplejos.,1
2016,151,Genética,Citogenética y Alteraciones Cromosómicas,¿Qué técnica se podría utilizar para diagnosticar un Síndrome Williams-Beuren?:,Citogenética convencional (cariotipo de bandas G).,Hibridación in situ con fluorescencia (FISH) con sonda centromérica.,FISH con sonda telomérica.,FISH con sonda locus-específica.,4
2016,152,Genética,Citogenética y Alteraciones Cromosómicas,"Respecto al cariotipo, una de las ventajas de la técnica de hibridación in situ con fluorescencia (FISH) es que permite:",Utilizar material fresco.,Analizar cualquier alteración en el ARN.,Utilizar material parafinado.,Su bajo coste.,3
2016,153,Bioquímica y Biología Molecular,Procesos Moleculares,"En el genoma humano, los microsatélites o STR consisten en repeticiones en tándem de ¿cuántos nucleótidos?:",50-100.,10-20.,2-4.,20-50.,3
2016,154,Genética,Genética Mendeliana y Herencia,El gen implicado en la Corea de Huntington se localiza en la región cromosómica:,2q31.,7p15.,19p13.,4p16.,4
2016,155,Genética,Genética Mendeliana y Herencia,¿Cuál es la probabilidad de que el hijo de una mujer con Síndrome de Charge y un padre normal padezca la enfermedad?:,"0,25.","0,75.","1,00.","0,50.",4
2016,156,Bioquímica y Biología Molecular,Procesos Moleculares,La base de datos del National Institute for Health (NIH) que contiene secuencias de ADN de libre acceso se denomina:,COG.,Ensembl Genomes.,PDB.,GenBank.,4
2016,157,Bioquímica y Biología Molecular,Procesos Moleculares,"En eucariotas, la ARN polimerasa que transcribe los genes de ARN de trasferencia es la:",I.,II.,III.,IV.,3
2016,158,Genética,Genética Mendeliana y Herencia,El Síndrome de Smith-Magenis se caracteriza por una microdeleción del brazo largo del cromosoma:,17.,18.,16.,8.,1
2016,159,Genética,Genética Mendeliana y Herencia,¿Cuál de los siguientes síndromes de cáncer hereditario se asocia con mutaciones del gen TP53?:,Von Hippel-Lindau.,Li-Fraumeni.,Mama/ovario familiar.,Poliposis adenomatosa familiar.,2
2016,160,Genética,Citogenética y Alteraciones Cromosómicas,"Un cariotipo 45,XY,rob(13;21)(q10;q10) puede corresponder a un varón:",Con Síndrome de Down con una translocación robertsoniana.,Con Síndrome de Williams-Beuren.,Con Síndrome de Patau.,"Sano, portador de una translocación robertsoniana.",4
2016,161,Genética,Genética Mendeliana y Herencia,El locus del gen NF1 asociado con la neurofibromatosis tipo I es:,21q.,16q.,17q.,13p.,3
2016,162,Bioquímica y Biología Molecular,Procesos Moleculares,Es un gen de reparación del ADN:,APC.,ABL1.,ATM.,MYC.,3
2016,163,Estadística y Metodología,Bioestadística,La heredabilidad en sentido restringido h2 se calcula dividiendo:,La varianza genética por la varianza genotípica.,La heredabilidad en sentido amplio por la varianza fenotípica.,La varianza genética aditiva por la varianza fenotípica.,La heredabilidad en sentido amplio por la varianza genotípica.,3
2016,164,Biología Celular e Histología,Histología Humana,Es una enfermedad causada por expansión por repetición de trinucleótidos:,Síndrome de Noonan.,Ataxia de Friedrich.,Síndrome de Pearson.,Distrofia muscular de Duchenne.,2
2016,165,Microbiología y Parasitología,Bacteriología,La secuencia de Shine-Dalgarno en el ARN mensajero bacteriano:,Se encuentra a unos 27 nucleótidos en dirección 5’ del codón de iniciación.,Sirve como sitio de unión de los ribosomas para la traducción.,Sirve como sitio de unión del ARNt para la traducción.,Se encuentra en la región codificante.,2
2016,166,Genética,Genética Mendeliana y Herencia,¿Qué proporción fenotípica dihíbrida modificada por epistasis dominante doble se produce en un cruzamiento AaBb x AaBb?:,9:3:4.,12:3:1.,9:7.,15:1.,4
2016,167,Bioquímica y Biología Molecular,Procesos Moleculares,¿Cuántas moléculas de ADN contiene una célula en metafase de un organismo diploide de 2n=26 cromosomas?:,18.,52.,26.,22.,2
2016,168,Hematología,Serie Blanca y Neoplasias,La translocación t(14;18)(q32;q21) se asocia a:,Linfoma de manto.,Leucemia mieloide crónica.,Linfoma folicular.,Sarcoma de Ewing.,3
2016,169,Genética,Citogenética y Alteraciones Cromosómicas,El patrón de segregación de una translocación recíproca en la que los centrómeros homólogos se segregan juntos se denomina:,Adyacente tipo 2.,Alterna tipo 1.,Adyacente tipo 1.,Alterna tipo 2.,1
2016,170,Bioquímica y Biología Molecular,Procesos Moleculares,El síndrome de Cockayne está relacionado con defectos en el mecanismo de la reparación del ADN:,Por escisión de bases.,Por error del apareamiento.,Directo.,Por escisión de nucleótidos.,4
2016,171,Genética,Genética Mendeliana y Herencia,El rasgo de vértebras en “alas de mariposa” corresponde al síndrome de:,Rubinstein-Taybi.,Alagille.,Smith-Magenis.,Langer-Giedion.,2
2016,172,Genética,Genética Mendeliana y Herencia,¿Cuál de las siguientes enfermedades tiene una herencia dominante ligada al cromosoma X?:,Enfermedad de Fabry.,Corea de Huntington.,Fibrosis quística.,Síndrome de Rett.,4
2016,173,Hematología,Serie Blanca y Neoplasias,El mecanismo más frecuente de activación del protooncogen MYC en el linfoma de Burkitt es:,Amplificación génica.,Deleción.,Translocación.,Mutación puntual.,3
2016,174,Estadística y Metodología,Bioestadística,"Si los resultados de un test de normalidad ofrecen un valor p=0,03, ¿cómo se interpreta el test?:",No se puede asumir que la variable sigue una distribución normal.,Se puede asumir que la variable sigue una distribución normal.,El test no es informativo.,El resultado no es significativo.,1
2016,175,Genética,Genética de Poblaciones y Evolución,Un intervalo de confianza para estimar la media poblacional será tanto más preciso cuanto:,Menor sea el nivel de confianza.,Mayor sea la dispersión de la muestra.,Menor sea el tamaño de la muestra.,Mayor sea el nivel de confianza.,1
2016,176,Fisiología y Anatomía,Cardiovascular y Respiratorio,"Para evaluar la posible asociación entre la presión arterial y el peso en un grupo de 100 individuos, cuando ambas variables siguen una distribución normal se utiliza el test de:",t de Student.,Correlación de Pearson.,Correlación de Spearman.,Regresión.,2
2016,177,Bioquímica y Biología Molecular,Procesos Moleculares,Las bases nitrogenadas del DNA son:,"Citosina, adenina, uracilo y timina.","Timina, guanidina, citosina, adenina.","Adenina, timina, citosina y guanina.","Citosina, adenina, tirosina y guanina.",3
2016,178,Bioquímica y Biología Molecular,Procesos Moleculares,En la estructura de una cadena de ácido nucleico:,El enlace fosfodiéster se establece entre las posiciones 2’ y 5’ de los azúcares.,Las bases nitrogenadas se unen a la molécula de pentosa por su carbono 1’.,La pentosa puede ser glucosa o fructosa.,Sus dos extremos son estructuralmente similares.,2
2016,179,Bioquímica y Biología Molecular,Procesos Moleculares,En la estructura de doble hélice de Watson y Crick para el DNA:,Dos cadenas polinucleotídicas se asocian formando una doble hélice a izquierdas.,Las bases nitrogenadas de las dos cadenas se unen a través de 2 o 3 puentes disulfuro.,Los pares de bases formados se sitúan en planos paralelos al eje de la doble hélice.,Los grupos fosfato quedan expuestos hacia el exterior de la doble hélice.,4
2016,180,Bioquímica y Biología Molecular,Procesos Moleculares,En la replicación del DNA:,La DNA-polimerasa I es responsable de la síntesis de la primera hebra del nuevo DNA.,La primera hebra es sintetizada en sentido 5’->3’ y la segunda en sentido 3’->5’.,"Para la corrección de los errores incorporados, la polimerasa actúa en sentido 3’->5’.",Los fragmentos de Okazaki son cebadores en la síntesis de la hebra retrasada.,3
2016,181,Bioquímica y Biología Molecular,Procesos Moleculares,La enzima fundamental en la replicación del genoma de un retrovirus es una:,RNA-replicasa.,RNA-polimerasa dependiente de DNA.,DNA-polimerasa dependiente de RNA.,DNA-polimerasa dependiente de DNA.,3
2016,182,Bioquímica y Biología Molecular,Procesos Moleculares,"Si la secuencia de la hebra molde del DNA es 5’ATTGCCATT3’, la secuencia correspondiente a su RNA transcrito será:",AATGGCAAT.,UAACGGUAA.,TAACGGTAA.,AAUGGCAAU.,4
2016,183,Bioquímica y Biología Molecular,Procesos Moleculares,Un marco de lectura abierto es:,El conjunto lineal de tripletes comprendido entre el codón de iniciación y el de terminación.,La región transcrita del gen.,La secuencia que existe entre el promotor y el terminador.,La región del DNA presente en el complejo abierto formado por la RNA-polimerasa.,1
2016,184,Microbiología y Parasitología,Bacteriología,Los RNAs mensajeros bacterianos:,Tienen siempre un triplete AUG en su extremo 5’ terminal.,Pueden contener más de un sitio de unión para el ribosoma.,Tienen tripletes de bases que solapan en su tercera base.,Son leídos por la RNA-polimerasa en la traducción.,2
2016,185,Bioquímica y Biología Molecular,Procesos Moleculares,La causa inicial que desencadena la terminación de la traducción es:,La llegada del ribosoma al final del mRNA.,La interacción del ribosoma con el factor de liberación.,La disociación de las dos subunidades del ribosoma.,La aparición de un codón stop en el sitio A del ribosoma.,4
2016,186,Bioquímica y Biología Molecular,"Proteínas, Enzimas y Aminoácidos",En el código genético:,Cada codón codifica siempre el mismo aminoácido.,Hay un único codón de terminación.,Cada aminoácido está codificado por un único codón.,El codón de iniciación codifica el aminoácido alanina.,1
2016,187,Bioquímica y Biología Molecular,Técnicas de Biología Molecular,El factor determinante de la especificidad de una reacción de PCR es la:,Temperatura de desnaturalización.,Naturaleza de la polimerasa.,Secuencia de los cebadores.,Longitud del DNA molde o template.,3
2016,188,Microbiología y Parasitología,Bacteriología,La característica esencial de un típico vector plasmídico para el clonaje en bacterias es que:,Se pueda integrar en el genoma de la célula hospedadora.,Sea capaz de dirigir el proceso de conjugación bacteriana.,Contenga genes que codifiquen su encapsidación.,Pueda replicarse autónomamente.,4
2016,189,Microbiología y Parasitología,Bacteriología,En un experimento de clonaje de DNA recombinante artificial:,El marcador clásico para seleccionar las células transformadas es un gen que codifica un antibiótico.,El número de copias del recombinante en el cultivo depende de la potencia del promotor del gen marcador.,El clonaje en monocopia implica la integración del transgén en el cromosoma celular.,La estabilidad de un plásmido recombinante en el cultivo hospedador depende de su número de copias.,3
2016,190,Microbiología y Parasitología,Parasitología,¿Cuál de los siguientes vectores de clonaje permite transportar mayores fragmentos de DNA?:,Fagos.,Plásmidos.,YACs (yeast artificial chromosomes).,Cósmidos.,3
2016,191,Bioquímica y Biología Molecular,Procesos Moleculares,En una molécula bicatenaria de DNA se cumple que:,%A / %T = %G / %C = 1,%A + %T = %G + %C,%A / %G = %T / %C = 1,% bases púricas / % bases pirimidínicas = 1/2,1
2016,192,Bioquímica y Biología Molecular,Técnicas de Biología Molecular,¿Cuál de las siguientes aseveraciones es cierta?:,El procedimiento automatizado para la secuenciación del DNA se basa en el método de la rotura química desarrollado por Maxam y Gilbert.,La técnica del “Northern Blot” permite analizar proteínas separadas por electroforesis.,La metilación de una de las bases de la secuencia diana protege a ésta de la rotura por la endonucleasa correspondiente.,La técnica del “Southern Blot” combina la electroforesis y la inmunodifusión.,3
2016,193,Bioquímica y Biología Molecular,Técnicas de Biología Molecular,Una hibridación por el método de Northern es apropiada para:,Detectar la transcripción de un gen en un organismo con una sonda de cDNA.,Detectar la presencia de un gen en el genoma de un microorganismo.,Detectar la presencia de un plásmido en una bacteria.,Comprobar la expresión de una proteína en una bacteria.,1
2016,194,Bioquímica y Biología Molecular,Metabolismo Energético,La ruta de las pentosas fosfato NO sirve para:,Producir ATP por fosforilación a nivel de sustrato.,Proporcionar ribosa para la biosíntesis de nucleótidos.,Generar poder reductor en forma de NA- DPH.,Generar otros azúcares de 3 a 7 átomos de carbono.,1
2016,195,Bioquímica y Biología Molecular,Metabolismo Energético,Al proceso que convierte una molécula de hexosa en dos moléculas de lactato más dos protones se le denomina fermentación:,Ácido mixta.,Alcohólica.,Homoláctica.,Heteroláctica.,3
2016,196,Bioquímica y Biología Molecular,Procesos Moleculares,¿Qué subunidad de la RNA polimerasa de Escherichia coli es responsable del reconocimiento de los promotores?:,α (alfa).,β (beta).,σ (sigma).,ω (omega).,3
2016,198,Biología Celular e Histología,"Orgánulos, Citoesqueleto y Matriz",La estructura básica del colágeno está constituida por:,Una elevada proporción de alfa-hélice.,Una estructura secundaria rica en lámina beta.,Una estructura primaria rica en aminoácidos aromáticos.,Asociaciones intermoleculares de 3 hélices extendidas.,4
2016,199,Bioquímica y Biología Molecular,"Proteínas, Enzimas y Aminoácidos",Un inhibidor acompetitivo (o incompetitivo) de una enzima:,No se une a la enzima en tanto no se haya formado el complejo enzima-sustrato.,"Solo se une a la enzima libre, no al complejo enzima-sustrato.",Se une a la enzima en el sitio activo.,Se puede unir tanto a la enzima libre como al complejo enzima-sustrato.,1
2016,200,Bioquímica y Biología Molecular,"Proteínas, Enzimas y Aminoácidos",¿Qué es el glutatión?:,Un péptido natural con actividad reductora.,Un péptido con actividad vasopresora.,Un aminoácido que contiene azufre en su cadena lateral.,Un metabolito que estimula la glucogenolisis hepática.,1
2016,201,Bioquímica y Biología Molecular,Metabolismo Energético,La consecuencia metabólica más probable de la deficiencia de glucosa-6-fosfato deshidrogenasa es:,Aumento del número de ramificaciones del glucógeno.,Disminución de los niveles de glucógeno.,Reducción de los niveles de NADPH.,Hipoglucemia persistente.,3
2016,202,Bioquímica y Biología Molecular,Metabolismo Energético,¿Qué compuesto es el producto final de la degradación de purinas en humanos?:,Urea.,Amoníaco.,Ácido úrico.,Hipoxantina.,3
2016,203,Bioquímica y Biología Molecular,"Proteínas, Enzimas y Aminoácidos",¿Qué enzima cataliza la reducción del oxígeno a agua?:,ATP sintasa.,Citocromo c oxidasa.,Ciclooxigenasa.,NADPH reductasa.,2
2016,204,Bioquímica y Biología Molecular,Metabolismo Energético,¿Qué vitamina controla el metabolismo del calcio?:,A.,C.,D.,E.,3
2016,205,Bioquímica y Biología Molecular,Metabolismo Energético,El escualeno es un precursor de:,Esfingosina.,Prostaglandinas.,Ácido araquidónico.,Colesterol.,4
2016,206,Bioquímica y Biología Molecular,Metabolismo Energético,La producción de urea es catalizada por:,Ureasa.,Arginasa.,Ornitin succinasa.,Carbamil fosfatasa.,2
2016,207,Bioquímica y Biología Molecular,Metabolismo Energético,El principal donador de grupos metilo en el organismo es:,S-Adenosilmetionina.,Malonil-CoA.,Acetil-CoA.,CO2.,1
2016,208,Bioquímica y Biología Molecular,"Proteínas, Enzimas y Aminoácidos",El glicerol liberado por la lipolisis es sustrato de la enzima:,Glicerol quinasa.,Triosa fosfato isomerasa.,Gliceraldehído 3-fosfato deshidrogenasa.,Lactato deshidrogenasa.,1
2016,209,Bioquímica y Biología Molecular,"Proteínas, Enzimas y Aminoácidos",La acción enzimática:,No altera la velocidad de las reacciones.,Facilita la formación del estado de transición.,Disminuye la energía de los sustratos.,Altera el equilibrio de la reacción.,2
2016,210,Bioquímica y Biología Molecular,Metabolismo Energético,¿Cuál es la finalidad de las reacciones anapleróticas?:,Proporcionar equivalentes reductores a la cadena respiratoria.,Reponer intermediarios del ciclo del ácido cítrico.,Eliminar el nitrógeno de las bases púricas.,Degradar metabolitos para suministrar energía.,2
2016,212,Hematología,Fisiología y Patología Eritrocitaria,La enfermedad de Wilson está asociada a una acumulación anormal de:,Zinc.,Hierro.,Cromo.,Cobre.,4
2016,213,Bioquímica y Biología Molecular,Metabolismo Energético,Respecto al transporte a través de membranas biológicas:,Solamente afecta a las membranas plasmáticas.,La glucosa muestra más permeabilidad que el agua.,En ningún caso los iones son transportados.,A veces consume ATP.,4
2016,214,Bioquímica y Biología Molecular,Bioquímica Clínica,Las porfirias se caracterizan por una acumulación anormal de precursores de:,Grupo hemo.,Citocromo c.,Fitol.,Bilirrubina.,1
2016,215,Bioquímica y Biología Molecular,Metabolismo Energético,El ciclo de la urea ocurre en:,Los organismos uricotélicos.,Los organismos ureotélicos.,Los organismos amoniotélicos.,Todos los organismos vivos.,2
2016,216,Bioquímica y Biología Molecular,Metabolismo Energético,El escorbuto es un síntoma de carencia grave de vitamina C que impide la:,Hidroxilación de prolinas y lisinas en el colágeno.,Incorporación de glicinas al colágeno.,Acetilación de prolinas en el tropocolágeno.,Metilación de lisinas en el colágeno.,1
2016,217,Fisiología y Anatomía,Endocrino y Reproductor,¿Qué estructura actúa como inductor en la formación de la placa neural en el desarrollo embrionario humano?:,Trofoblasto.,Línea primitiva.,Notocorda.,Somitos.,3
2016,218,Fisiología y Anatomía,Endocrino y Reproductor,¿En qué parte del aparato reproductor femenino se produce la segmentación durante el desarrollo embrionario humano?:,Vagina.,Cérvix.,Útero.,Trompa uterina.,4
2016,219,Fisiología y Anatomía,Endocrino y Reproductor,"¿Cómo se denomina a la implantación de un blastocisto en el segmento inferior del útero, en la proximidad del orificio cervical interno?:",Placenta previa.,Embarazo heterotópico.,Embarazo tubárico.,Placenta acreta.,1
2016,220,Bioquímica y Biología Molecular,Metabolismo Energético,Es una tinción para glucógeno y moléculas ricas en carbohidratos:,Hematoxilina-eosina.,Tricrómico de Mallory.,Ácido periódico-reactivo de Schiff (PAS).,Orceína acética.,3
2016,221,Biología Celular e Histología,Histología Humana,El primer paso del procesamiento histológico de una muestra de tejido u órgano es:,Inclusión.,Fijación.,Deshidratación y aclarado.,Tinción.,2
2016,222,Microbiología y Parasitología,Parasitología,La hembra de Trichinella spiralis es:,Vivípara y tiene casi el doble de longitud que el macho.,Ovípara y tiene casi el doble de longitud que el macho.,Ovípara y tiene la misma longitud que el macho.,Vivípara y mide la mitad que el macho.,1
2016,223,Microbiología y Parasitología,Parasitología,El hombre se infecta ocasionalmente por Dicrocelium dentriticum por ingestión de:,Hormigas (Formica fusca) que contienen metacercarias.,Hormigas (Formica fusca) que contienen redias.,Huevos.,Penetración cutánea de cercarías.,1
2016,224,Microbiología y Parasitología,Parasitología,El paludismo se transmite a través de un mosquito del género:,Aedes.,Anopheles.,Flebotomus.,Toxorhynchites.,2
2016,225,Microbiología y Parasitología,Parasitología,En relación con los cestodos se denomina estróbilo a:,La parte anterior protuberante del escólex de algunas tenias.,La ranura longitudinal en el escólex de los pseudofilideos.,Cada segmento de la tenia.,El cuerpo de la tenia.,4
2016,226,Microbiología y Parasitología,Micología,Los hongos patógenos dimórficos son aquellos que:,Forman un micelio con dos tipos de conidios.,Tienen aspecto de levaduras o de hongos filamentosos según las condiciones.,Causan enfermedades con dos tipos de síntomas clínicos.,Son patógenos facultativos.,2
2016,227,Bioquímica y Biología Molecular,"Proteínas, Enzimas y Aminoácidos",¿Cuál de los siguientes enzimas glucolíticas cataliza la rotura de una molécula de 6 carbonos en dos moléculas de 3 carbonos?:,Hexocinasa.,Aldolasa.,Enolasa.,Fosfofructocinasa.,2
2016,228,Microbiología y Parasitología,Bacteriología,"Los géneros Vibrio, Yersinia, Legionella y Pasteurella son todos proteobacterias:",Alfa.,Beta.,Delta.,Gamma.,4
2016,229,Microbiología y Parasitología,Virología,¿Cuál es la estructura del ADN de los adenovirus en el interior del virión?:,Lineal bicatenario con una proteína unida a cada extremo 5’.,Lineal bicatenario con una proteína unida a cada extremo 3’.,Lineal bicatenario con los extremos 5’ y 3’ libres.,Circular bicatenario.,1
2016,230,Biología Celular e Histología,"Ciclo Celular, Mitosis y Apoptosis",En el ciclo celular:,Los cromosomas se replican en la fase G2.,"Existe un único punto de control, el del paso de la fase G1 a la S.",La fase G2 es la más variable del ciclo celular.,El complejo proteico entre ciclina y la cinasa dependiente de ciclina (Cdk) es un importante factor regulador del ciclo.,4
2016,231,Bioquímica y Biología Molecular,Metabolismo Energético,"¿Qué test estadístico es el más adecuado para evaluar la posible asociación entre la presión sanguínea y el nivel de colesterol en un grupo de 20 individuos, cuando ambas variables se miden cuantitativamente pero no siguen una distribución normal?:",t de Student.,Correlación de Pearson.,Correlación de Spearman.,U de Mann – Whitney.,3
2016,232,Inmunología,Inmunopatología,¿Cuál de las siguientes enfermedades autoinmune está causada por autoanticuerpos que bloquean la función de la célula diana?:,Enfermedad de Graves.,Miastenia grave.,Pénfigo vulgar.,Síndrome de Goodpasture.,2
2016,233,Biología Celular e Histología,Histología Humana,Las meninges son:,Tejido conjuntivo.,Sustancia gris.,Sustancia blanca.,Mielina.,1
2016,234,Fisiología y Anatomía,Renal y Digestivo,El aumento de la osmolaridad plasmática aumenta la secreción de:,Vasopresina o ADH.,Factor natriurético auricular o FNA.,Aldosterona.,Angiotensina.,1
2016,235,Genética,Citogenética y Alteraciones Cromosómicas,"Exceptuando el cromosoma Y, ¿cuántos pares de cromosomas acrocéntricos hay en el cariotipo humano?:",3.,2.,5.,4.,3
2017,1,Fisiología y Anatomía,Sistema Nervioso y Sentidos,El periodo refractario absoluto de una fibra nerviosa se debe a:,Inactivación de canales de Ca2+.,Inactivación de canales de K+.,Inactivación de canales de Na+.,La posthiperpolarización que sigue al potencial de acción.,3
2017,2,Fisiología y Anatomía,Sistema Nervioso y Sentidos,Las células ciliadas de la cóclea:,Se despolarizan por entrada de K+.,Tienen estereocilios embebidos en la membrana otolítica.,Tienen estereocilios embebidos en la cúpula.,Se activan con el giro de la cabeza.,1
2017,3,Fisiología y Anatomía,Sistema Nervioso y Sentidos,En relación a los fotorreceptores:,Los bastones proporcionan visión en color.,Al iluminarse aumenta la corriente de entrada de Na+.,La luz disocia la rodopsina en sus componentes.,Sinaptan con células ganglionares.,3
2017,4,Biología Celular e Histología,Histología Humana,"Para la contracción de fibras musculares estriadas, el Ca2+ se une a:",Miosina.,Troponina.,Tropomiosina.,Actina.,2
2017,5,Fisiología y Anatomía,Sistema Nervioso y Sentidos,El reflejo extensor cruzado se produce por activación de:,Nocireceptores.,Receptores Ia del huso muscular.,Receptores Ib del órgano tendinoso de Golgi.,Ganglios basales.,1
2017,6,Fisiología y Anatomía,Sistema Nervioso y Sentidos,En relación al sistema nervioso simpático:,La neurona preganglionar se localiza en el bulbo raquídeo.,La neurona preganglionar libera noradrenalina.,Su activación aumenta la frecuencia cardíaca.,Su activación estimula la micción.,3
2017,7,Hematología,Fisiología y Patología Eritrocitaria,El factor de von Willebrand:,Es un lípido.,Favorece la vasodilatación.,Estimula la formación de eritrocitos.,Se une tanto al colágeno como a las plaquetas.,4
2017,8,Fisiología y Anatomía,Sistema Nervioso y Sentidos,La despolarización del potencial de acción en células del nodo sinoauricular está medida por:,Na+.,Ca2+.,K+.,Cl‒.,2
2017,9,Fisiología y Anatomía,Cardiovascular y Respiratorio,"Según la ley de Posseuille, si se duplica el radio de una arteriola el flujo de sangre será:",La mitad.,El doble.,8 veces mayor.,16 veces mayor.,4
2017,10,Fisiología y Anatomía,Renal y Digestivo,La reabsorción de glucosa y aminoácidos en la nefrona ocurre en:,Túbulo proximal.,Asa de Henle.,Túbulo distal.,Túbulo colector.,1
2017,11,Fisiología y Anatomía,Cardiovascular y Respiratorio,Cuando la presión arterial media sube de 100 hasta 150 mmHg:,Se produce vasodilatación de la arteriola aferente al glomérulo renal.,Se produce vasoconstricción de la arteriola aferente al glomérulo renal.,"La filtración glomerular aumenta 1,5 veces.","La filtración glomerular disminuye 1,5 veces.",2
2017,12,Fisiología y Anatomía,Cardiovascular y Respiratorio,"Durante un ciclo respiratorio en reposo, la presión:",Intrapleural es siempre positiva.,Transpulmonar se hace negativa en la espiración.,Intrapleural no cambia.,Transpulmonar es siempre positiva.,4
2017,13,Fisiología y Anatomía,Cardiovascular y Respiratorio,El surfactante pulmonar:,Aumenta el trabajo realizado para insuflar el pulmón.,Es una mezcla de monosacáridos y polisacáridos.,Disminuye la tensión superficial de los alveolos.,Se produce por las células endoteliales de los capilares alveolares.,3
2017,14,Fisiología y Anatomía,Sistema Nervioso y Sentidos,La contracción del músculo liso del tubo digestivo:,Requiere la unión del Ca2+ a la troponina.,"Está mediada por Ca2+ procedente, principalmente, del medio extracelular.","A diferencia del músculo estriado, no está mediada por Ca2+.",Está mediada por el Na+ que entra en cada potencial de acción.,2
2017,15,Fisiología y Anatomía,Renal y Digestivo,La fase faríngea de la deglución:,Está controlada por el centro de la deglución.,Es totalmente voluntaria.,Se inicia con la apertura de la glotis.,Termina con la apertura del esfínter pilórico.,1
2017,16,Fisiología y Anatomía,Renal y Digestivo,La secreción de HCl en el estómago puede afirmarse que:,Disminuye por estimulación vagal.,Disminuye por administración de histamina.,Aumenta por acción de la gastrina.,Aumenta por un pH menor de 2 en el estómago.,3
2017,17,Fisiología y Anatomía,Renal y Digestivo,La pepsina:,La secreta el páncreas en forma inactiva.,La secreta el estómago en forma inactiva.,Se activa en el intestino por la enterocinasa o enteropeptidasa.,Actúa activando el tripsinógeno.,2
2017,18,Fisiología y Anatomía,Sistema Nervioso y Sentidos,El plexo mientérico o de Auerbach del tubo digestivo:,Contiene neuronas postganglionares del sistema nervioso simpático.,Está situado entre las capas de músculo liso longitudinal y circular.,Inerva las glándulas secretoras de la mucosa intestinal.,Está situado entre la capa de músculo liso circular y la submucosa.,2
2017,19,Fisiología y Anatomía,Endocrino y Reproductor,El cortisol estimula la:,Captación de glucosa en muchos tejidos.,Síntesis de lípidos.,Síntesis de proteínas en el músculo.,Síntesis de glucosa.,4
2017,20,Fisiología y Anatomía,Renal y Digestivo,La angiotensina II:,Se sintetiza exclusivamente en el riñón.,Favorece la formación de renina.,Es un potente vasodilatador.,Estimula la secreción de aldosterona.,4
2017,21,Fisiología y Anatomía,Endocrino y Reproductor,Las hormonas tiroideas:,Son péptidos.,Requieren yoduro para su síntesis.,Se transportan libres en plasma.,Se almacenan en forma de gránulos de secreción.,2
2017,22,Fisiología y Anatomía,Endocrino y Reproductor,Estimula la secreción de la hormona del crecimiento:,Hiperglucemia.,Somatostatina.,Ácidos grasos libres en plasma.,Aminoácidos en plasma.,4
2017,23,Biología Celular e Histología,Membrana y Tráfico,Un medio que causa un aumento del volumen celular es:,Hipertónico.,Hipotónico.,Hiperosmótico.,Hiposmótico.,2
2017,24,Microbiología y Parasitología,Antimicrobianos y Resistencias,La superficie celular puede determinarse conociendo la:,Resistencia específica de la membrana.,Constante de tiempo de la membrana.,Constante de espacio de la membrana.,Capacitancia de la membrana.,4
2017,25,Fisiología y Anatomía,Sistema Nervioso y Sentidos,El umbral gustativo es menor para:,Sacarosa.,Cloruro sódico.,Ácido cítrico.,Quinina.,4
2017,26,Biología Celular e Histología,Histología Humana,Los husos musculares:,Están inervados sólo por fibras aferentes.,Están inervados sólo por fibras eferentes.,Se localizan sólo en músculos extensores.,Están inervados sólo por fibras mielínicas.,4
2017,27,Fisiología y Anatomía,Endocrino y Reproductor,El núcleo supraquiasmático:,Regula la osmolaridad plasmática.,Sintetiza oxitocina.,Recibe aferencias de neuronas ganglionares retinianas.,Media el reflejo pupilar.,3
2017,28,Fisiología y Anatomía,Sistema Nervioso y Sentidos,El reflejo fotomotor:,Es monosináptico.,Está mediado por fibras parasimpáticas.,Involucra a neuronas de la corteza cerebral.,Induce midriasis en ambos ojos.,2
2017,29,Fisiología y Anatomía,Endocrino y Reproductor,La secreción de insulina aumenta por:,Estímulo parasimpático.,Ejercicio.,Hipoglucemia.,Somatostatina.,1
2017,30,Biología Celular e Histología,Histología Humana,La parathormona estimula la :,Secreción de osteoprotegerina por osteoblastos.,Reabsorción renal de fosfato.,Resorción ósea por osteoclastos.,"Formación de 24,25 dihidroxicolecalciferol.",3
2017,31,Fisiología y Anatomía,Endocrino y Reproductor,La testosterona:,Se sintetiza en células de Sertoli.,Es anabolizante.,Disminuye el hematocrito.,Estimula la secreción de LH.,2
2017,32,Bioquímica y Biología Molecular,Bioquímica Clínica,La albúmina:,Contribuye a la presión coloidosmótica plasmática.,Se excreta por orina.,Transporta catecolaminas en plasma.,Es una globulina plasmática.,1
2017,33,Fisiología y Anatomía,Cardiovascular y Respiratorio,Las células del haz de His:,Carecen de canales de Ca2+ dependientes de voltaje.,Establecen la frecuencia cardíaca.,Su contracción determina el volumen sistólico.,Transmiten el impulso cardíaco más rápidamente que el nodo aurículo-ventricular.,4
2017,34,Fisiología y Anatomía,Cardiovascular y Respiratorio,El reflejo de Bainbridge:,Induce taquicardia.,Inhibe los barorreceptores arteriales.,Reduce la contractilidad del miocardio.,Se activa por reducción del retorno venoso.,1
2017,35,Fisiología y Anatomía,Cardiovascular y Respiratorio,El primer sonido de Korotkoff indica el:,Valor de la presión arterial sistólica.,Cierre de la válvula aórtica.,Valor de la presión de pulso.,Paso a flujo sanguíneo laminar ocasionado por un manguito de presión.,1
2017,36,Fisiología y Anatomía,Cardiovascular y Respiratorio,"En bipedestación, la perfusión pulmonar es mayor:",En las bases pulmonares que en los vértices.,En una espiración forzada.,Cuando disminuye la PO2 alveolar.,En hipotensión arterial.,1
2017,37,Fisiología y Anatomía,Cardiovascular y Respiratorio,Si la ventilación alveolar se duplica (condiciones ambientales y metabólicas constantes):,La PO2 alveolar se reduce a la mitad.,La PCO2 alveolar se reduce a la mitad.,El contenido de O2 en sangre arterial se duplica.,Se induce acidosis respiratoria.,2
2017,38,Fisiología y Anatomía,Cardiovascular y Respiratorio,Un espirómetro simple (sin analizador de gases) mide:,Volumen residual.,Volumen de reserva espiratorio.,Capacidad pulmonar total.,Capacidad residual funcional.,2
2017,39,Fisiología y Anatomía,Renal y Digestivo,Aumenta la excreción renal de sodio:,Péptido natriurético auricular.,Aldosterona.,Estímulo simpático.,Angiotensina II.,1
2017,40,Fisiología y Anatomía,Renal y Digestivo,"La concentración de una sustancia “X” en plasma es 2 mM y en orina es 100 mM. Si el flujo urinario es de 2ml/min, el aclaramiento renal de “X” es:",25 mM.,50 mM.,50 ml/min.,100 ml/min.,4
2017,41,Fisiología y Anatomía,Renal y Digestivo,La mayor parte del calcio filtrado se reabsorbe en:,Túbulo proximal.,Asa descendente de Henle.,Túbulo distal.,Túbulo colector.,1
2017,42,Fisiología y Anatomía,Renal y Digestivo,La llegada de grasas y/o soluciones con bajo pH al duodeno reduce:,La secreción de secretina.,El vaciado gástrico.,La secreción de colecistoquinina.,La secreción de motilina.,2
2017,43,Fisiología y Anatomía,Renal y Digestivo,La absorción intestinal de hierro es más eficaz:,En forma de ión férrico.,En forma de grupo hemo.,Mediante el transportador de membrana transferrina.,Si hay oxalatos en la luz digestiva.,2
2017,44,Fisiología y Anatomía,Renal y Digestivo,La hormona antidiurética:,Actúa a nivel del túbulo proximal de la nefrona.,Se secreta al disminuir la osmolaridad plasmática.,Aumenta la reabsorción renal de agua.,Estimula la endocitosis de acuaporinas.,3
2017,45,Fisiología y Anatomía,Renal y Digestivo,La secreción biliar se reduce por:,Las sales biliares que recirculan por la circulación enterohepática,Secretina.,Colecistoquinina.,Somatostatina.,4
2017,46,Biología Celular e Histología,Histología Humana,Es característico de los epitelios:,Presentar un complejo de unión en su región basal.,Unirse a la membrana basal mediante hemidesmosomas y adhesiones focales.,Presentar desmosomas justo debajo de su superficie libre.,Contener filamentos intermedios de vimentina y desmina (tonofilamentos),2
2017,47,Biología Celular e Histología,Membrana y Tráfico,En la secreción apocrina se libera al medio:,"Sólo el producto de secreción, por exocitosis.","Sólo el producto de secreción, por transporte transmembrana (canales y transportadores).","El producto de secreción, algo de citoplasma y membrana plasmática.",Toda la célula.,3
2017,49,Biología Celular e Histología,Histología Humana,El tendón se caracteriza por presentar un tejido conjuntivo:,Laxo.,Denso modelado (regular).,Denso no modelado (irregular).,Elástico.,2
2017,50,Biología Celular e Histología,Histología Humana,En el tejido óseo:,Hay dos variedades: trabecular y esponjoso.,La variedad trabecular está formada por los sistemas de Havers.,Hay escasa irrigación.,Los conductos de Volkmann conectan con los conductos de Havers.,4
2017,51,Biología Celular e Histología,Histología Humana,Los osteoblastos:,Se ubican en el periostio y endostio activos.,Contienen abundantes lisosomas.,Contienen abundante retículo endoplasmático liso.,Son macrófagos.,1
2017,52,Biología Celular e Histología,Histología Humana,En relación con la osificación:,"La osificación endocondral ocurre en los huesos planos, como los del cráneo.",La osificación de los huesos largos comienza en las epífisis.,El cartílago articular constituye el denominado cartílago de crecimiento o disco epifisiario.,Los túneles de resorción (o conos perforantes) permiten la remodelación ósea.,4
2017,53,Fisiología y Anatomía,Cardiovascular y Respiratorio,"Una célula alargada, de gran tamaño, con numerosos núcleos periféricos corresponde a:",Músculo esquelético.,Músculo liso.,Músculo cardíaco.,Célula mioide.,1
2017,54,Fisiología y Anatomía,Sistema Nervioso y Sentidos,Las células que mielinizan axones en el sistema nervioso central son:,Astrocitos.,Oligodendrocitos.,Microglia.,Glia ependimaria.,2
2017,55,Fisiología y Anatomía,Sistema Nervioso y Sentidos,Es una vénula postcapilar el vaso:,Formado por endotelio.,Formado por endotelio y pericitos.,Formado por endotelio y una o dos capas de músculo liso.,Que presenta membrana elástica interna.,2
2017,56,Biología Celular e Histología,Histología Humana,¿En cuál de los siguientes órganos hemotopoyéticos el estroma es un epitelio reticular?:,Médula ósea.,Ganglio linfático.,Bazo.,Timo.,4
2017,57,Fisiología y Anatomía,Renal y Digestivo,Las células de Paneth son:,Zimogénicas presentes en el estómago.,Zimogénicas presentes en el intestino.,Defensivas presentes en el estómago.,Defensivas presentes en el intestino.,4
2017,58,Fisiología y Anatomía,Endocrino y Reproductor,¿A cuál de las siguientes glándulas endocrinas humanas pertenecen las células C o parafoliculares?:,Hipófisis.,Corteza suprarrenal.,Médula suprarrenal.,Tiroides.,4
2017,59,Fisiología y Anatomía,Sistema Nervioso y Sentidos,La estría vascular:,Se ubica en el cuerpo ciliar del ojo.,Forma parte del sistema de drenaje del humor acuoso.,Es el epitelio posterior de la córnea.,Es un epitelio del oído interno que contiene capilares.,4
2017,60,Bioquímica y Biología Molecular,"Proteínas, Enzimas y Aminoácidos",Los puentes disulfuro de las proteínas se forman en:,Polirribosomas.,Retículo endoplásmico.,Citosol.,Complejo de Golgi.,2
2017,61,Bioquímica y Biología Molecular,"Proteínas, Enzimas y Aminoácidos",La selección en el Golgi de las enzimas lisosomales depende de:,Oligomerización.,Glicosilación.,Proteólisis.,Sulfatación.,2
2017,62,Biología Celular e Histología,Membrana y Tráfico,La ubicación perinuclear del complejo de Golgi es obra de:,Quinesina.,Dineína.,Miosina.,Queratina.,2
2017,63,Biología Celular e Histología,"Orgánulos, Citoesqueleto y Matriz",La catalasa es un componente habitual de:,Lisosomas.,Peroxisomas.,Endosomas.,Mitocondrias.,2
2017,64,Biología Celular e Histología,"Orgánulos, Citoesqueleto y Matriz",Se disponen radialmente a partir del centrosoma:,Microtúbulos.,Filamentos de actina.,Filamentos de queratina.,Centriolos.,1
2017,65,Biología Celular e Histología,"Orgánulos, Citoesqueleto y Matriz",La lámina nuclear está constituida por:,Filamentos de actina.,Filamentos intermedios.,Laminina.,Heterocromatina.,2
2017,66,Biología Celular e Histología,"Orgánulos, Citoesqueleto y Matriz",La anafase B consiste en:,Desplazamiento de los cromosomas hacia los polos del huso.,Acortamiento de los microtúbulos cinetocóricos.,Acortamiento de los microtúbulos polares.,Separación de los polos del huso.,4
2017,67,Genética,Citogenética y Alteraciones Cromosómicas,Son lugares de recombinación entre cromosomas homólogos:,Cinetocoros.,Sinapsis.,Quiasmas.,Centrómeros.,3
2017,68,Biología Celular e Histología,Histología Humana,La presencia de pliegues basales en las células epiteliales se relaciona con:,Captación de señales.,Actividad secretora.,Transporte de iones.,Adhesión al tejido conjuntivo.,3
2017,69,Bioquímica y Biología Molecular,"Proteínas, Enzimas y Aminoácidos",Son proteínas transmembrana responsables de la formación de uniones focales:,Cadherinas.,Integrinas.,Selectinas.,Ocludinas.,2
2017,70,Fisiología y Anatomía,Sistema Nervioso y Sentidos,Están rodeados por una lámina basal o externa:,Fibroblastos.,Neuronas.,Eritrocitos.,Adipocitos.,4
2017,71,Biología Celular e Histología,"Orgánulos, Citoesqueleto y Matriz",Glicoproteína adhesiva abundante en la matriz extracelular:,Calmodulina.,Fibronectina.,Catenina.,Adaptina.,2
2017,72,Biología Celular e Histología,"Orgánulos, Citoesqueleto y Matriz",Deriva de la célula precursora de monocitos:,Adipocito.,Hepatocito.,Osteoclasto.,Fibroblasto.,3
2017,73,Biología Celular e Histología,Membrana y Tráfico,Anclan las vesículas sinápticas a la membrana del terminal presináptico:,Integrinas.,Cadherinas.,SNAREs.,Neurofilamentos.,3
2017,74,Fisiología y Anatomía,Renal y Digestivo,Las tríadas portales:,Son características de la vesícula biliar.,"Contienen un conducto biliar, una arteria o arteriola, y una vena o vénula muscular.",Se sitúan en el centro de los lobulillos hepáticos.,Se denominan también acinos hepáticos.,2
2017,75,Fisiología y Anatomía,Cardiovascular y Respiratorio,Los sinusoides son un tipo de:,Capilar sanguíneo.,Arteria.,Vena.,Vaso linfático.,1
2017,76,Fisiología y Anatomía,Endocrino y Reproductor,El compartimiento basal del tubo seminífero contiene:,Espermatogonias.,Espermatocitos secundarios.,Espermátides.,Espermatozoides.,1
2017,77,Fisiología y Anatomía,Endocrino y Reproductor,"En la espermatogénesis, las primeras células con dotación haploide son:",Espermatogonias B.,Espermatocitos primarios.,Espermatocitos secundarios.,Espermatozoides.,3
2017,78,Fisiología y Anatomía,Endocrino y Reproductor,¿Qué parte del embrión contacta con el endometrio durante la implantación?:,Sincitiotrofoblasto.,Mesodermo extraembrionario.,Corona radiada.,Masa celular interna.,1
2017,79,Estadística y Metodología,Epidemiología y Diseño de Estudios,"Al aumentar la edad materna de gestación, se incrementa la incidencia de:",Monosomía X.,Trisomía XXY.,Trisomía XXX.,Trisomía 21.,4
2017,80,Fisiología y Anatomía,Endocrino y Reproductor,La capacitación espermática tiene lugar en:,Epidídimo.,Útero y trompas uterinas.,Túbulos seminíferos.,Uretra.,2
2017,81,Inmunología,Inmunidad Innata y Complemento,"En los macrófagos, ¿qué enzima cataliza la halogenación de los microbios fagocitados?:",NADPH oxidasa.,Mieloperoxidasa.,Sintasa del óxido nítrico inducible.,Catalasa.,2
2017,82,Inmunología,Inmunidad Innata y Complemento,"La activación del sistema del complemento origina moléculas con distinta actividad biológica, entre las que C3b y C4b:",Actúan como anafilotoxina para los fagocitos.,Activan la secreción de histamina.,"Activan la opsonización del microbio, promoviendo su fagocitosis.",Impiden la formación del complejo de ataque de la membrana.,3
2017,83,Inmunología,Inmunidad Adaptativa,Son diriginas o adresinas:,Las moléculas de adhesión celular dependientes de glicosilación (GlyCAM).,Las moléculas de adhesión celular de la familia de las inmunoglobulinas (IgCAM).,Las moléculas de adhesión celular vascular (VCAM).,La integrina α4β1 (VLA-4).,1
2017,85,Inmunología,Inmunidad Adaptativa,"Los centros germinales, son zonas donde proliferan los linfocitos:",B.,Th.,NK,Tc.,1
2017,86,Estadística y Metodología,Bioestadística,¿Cuál de los siguientes mediadores inflamatorios ejerce un efecto sinérgico con la prostglandina E2 (PGE2) en el aumento de la permeabilidad vascular?:,C3a.,Leucotrieno B4 (LTB4).,IL-8.,Factor quimiotáctico de neutrófilos (NCF).,2
2017,87,Fisiología y Anatomía,Sistema Nervioso y Sentidos,En la señalización celular a través de receptores de tipo Toll 3 (TLR3) NO interviene:,Adaptador con dominio TIR (TRIF).,Factor asociado al receptor del factor de necrosis tumoral 6 (TRAF-6),Factor de diferenciación mieloide 88 (MyD88).,Factor nuclear Kappa-B (NF-κB).,3
2017,88,Estadística y Metodología,Bioestadística,¿Cuál de los siguientes mediadores de señalización NO está implicado en la activación del infocito T?:,Cinasa regulada por señales extracelulares (ERK).,Cinasa c-Jun N-terminal (JNK).,Proteínas Ras.,Cinasa Lyn.,4
2017,89,Inmunología,Inmunidad Adaptativa,"Los linfocitos T cooperadores 17 (Th17) producen citocinas proinflamatorias, entre las que se encuentra:",IL-22.,IL-12.,IL-5.,IL-13.,1
2017,90,Inmunología,Inmunidad Innata y Complemento,El inicio de la vía alternativa de activación del complemento sanguíneo necesita de la:,Unión de C3 al factor B.,Hidrólisis espontánea de C3.,Acción del factor D sobre el factor B.,Formación de la C3 convertasa.,2
2017,91,Fisiología y Anatomía,Renal y Digestivo,Los macrófagos que se localizan en los sinusoides hepáticos se conocen como células:,De Kupffer.,De Ito.,Dendríticas.,Sinusoidales.,1
2017,92,Inmunología,Inmunidad Innata y Complemento,Los radicales de superóxido son producidos por:,Plaquetas.,Macrófagos.,Linfocitos T.,Linfocitos NK.,2
2017,93,Inmunología,Inmunidad Innata y Complemento,Forma parte de la inmunidad adaptativa:,Complemento.,Lisozima.,Leucocitos polimorfonucleares.,Linfocitos T.,4
2017,94,Inmunología,Inmunidad Innata y Complemento,NO es función del complemento:,Lisis.,Quimiotaxis.,Glucólisis.,Opsonización.,3
2017,95,Microbiología y Parasitología,Parasitología,¿Cuál de estos leucocitos se especializa en la defensa frente a grandes parásitos como los helmintos?:,Granulocitos eosinófilos.,Macrófagos.,Linfocitos T.,Células dendríticas.,1
2017,96,Fisiología y Anatomía,Sistema Nervioso y Sentidos,NO son receptores inhibidores de los linfocitos citolíticos naturales (NK) los:,Receptores del linfocito citolítico de tipo Ig (KIR).,Transcritos de tipo Ig (ILT).,Receptores CD16.,Receptores CD94/NKG2.,3
2017,97,Genética,Genética Mendeliana y Herencia,"En relación al complejo principal de hiscocompatibilidad, haplotipo es el conjunto de:",Genes de clase I.,Genes de clase II.,Alelos existentes en un determinado cromosoma.,Alelos existentes en un determinado locus.,3
2017,98,Inmunología,Inmunidad Adaptativa,"En la sinapsis inmunitaria, mientras que la cinasa ZAP-70 se asocia al TCR, la talina lo hace a:",Los correceptores CD4 o CD8.,La integrina LFA-1.,La enzima ZAP-70.,Las enzimas MAP cinasas.,2
2017,99,Inmunología,Inmunidad Adaptativa,NO es un factor de transcripción en la mayoría de las respuestas de los linfocitos T:,El factor nuclear de los linfocitos T activados (NFAT).,El factor nuclear kappa-B (NF-κB).,AP-1.,MYC.,4
2017,100,Inmunología,Inmunidad Adaptativa,En las respuestas humorales dependientes de los linfocitos T:,Los linfocitos B expresan en la superficie CD40L.,Los linfocitos B activados migran hacia el folículo siguiendo un gradiente de IL-2.,El antígeno es captado por los linfocitos B y presentado a los linfocitos Tγδ.,"Los linfocitos B procesan y presentan el antígeno, alteran su perfil de receptores de quimiocinas y migran hacia la zona de los linfocitos T.",4
2017,101,Inmunología,Inmunidad Adaptativa,NO se encuentra entre los mecanismos que activan la eliminación por apoptosis de los linfocitos:,Receptores de la familia del factor de necrosis tumoral (TNF).,Daño en el ADN.,Estrés oxidativo.,La interleucina-2 (IL-2).,4
2017,102,Inmunología,Inmunidad Innata y Complemento,El interferón (IFN) de tipo I:,Aumenta la expresión de las moléculas del complejo principal de histocompatibilidad (CPH) de la clase I.,Disminuye la expresión de las moléculas del complejo principal de histocompatibilidad (CPH) de la clase I.,Aumenta la expresión de las moléculas del complejo principal de histocompatibilidad (CPH) de la clase II.,Disminuye la expresión de las moléculas del complejo principal de histocompatibilidad (CPH) de la clase II.,1
2017,103,Inmunología,Inmunidad Adaptativa,"Mientras que la IL-4 y la IL-5 son las citocinas producidas por los linfocitos T cooperadores de tipo 2 (TH2), los linfocitos T cooperadores de tipo 1 (TH1) producen como citocina característica el:",Interferón-α (IFN-α).,Interferón-γ (IFN-γ).,Interferón-β (IFN-β).,Factor de crecimiento transformante-β (TGF- β).,2
2017,104,Inmunología,Inmunidad Adaptativa,NO participa en la diferenciación de linfocitos T cooperadores-1 (TH1) el:,Transductor de señal y activador de la transcripción-1 (STAT1).,Transductor de señal y activador de la transcripción-6 (STAT6).,Factor de transcripción T-bet.,Transductor de señal y activador de transcripción-4 (STAT4).,2
2017,106,Inmunología,Inmunidad Innata y Complemento,"En las linfohistiocitosis hemofagocíticas familiares, las debidas a deficiencias de perforina causan:",Activación incontrolada de los macrófagos y defectos de la función de los linfocitos NK.,Defectos de la expresión de moléculas del complejo principal de histocompatibilidad (CPH) de clase II.,Reducción de los linfocitos T CD8+.,Defectos de la movilidad de los leucocitos.,1
2017,107,Microbiología y Parasitología,Virología,"En relación con el virus de la inmunodeficiencia humana (VIH), las personas con mutación del receptor de esta quimiocina son resistentes a la infección:",CXCR4.,CCR5.,CXCR13.,CCR2.,2
2017,108,Hematología,Hemostasia y Coagulación,"La púrpura trombocitopénica autoinmunitaria, que se caracteriza por un descenso en el número de plaquetas, está causada por autoanticuerpos anti:",CD18.,CD94a.,CD41a.,ITGB6.,3
2017,109,Hematología,Banco de Sangre e Inmunohematología,"La enfermedad hemolítica del recién nacido, también llamada eritoblastosis fetal, puede ocurrir en mujeres:",Rh positivas que han tenido un hijo Rh positivo.,Rh negativas que han tenido un hijo Rh positivo.,Rh positivas que han tenido un hijo Rh negativo.,Rh negativas que han tenido un hijo Rh negativo.,2
2017,110,Inmunología,Inmunopatología,"En relación con la displasia ectodérmica anhidrótica con inmunodeficiencia (DEA-ID), ¿qué gen de la vía del factor nuclear –κB (NF-κB) está mutado?:",Inhibidor de la cinasa α de κB (IKKα).,Inhibidor de la cinasa β de κB (IKKβ).,Inhibidor de la cinasa γ de κB (IKKγ).,Cinasa 4 asociada al receptor de la interleucina-1 (IRAK-4).,3
2017,111,Hematología,Fisiología y Patología Eritrocitaria,"¿Qué efecto causa en la hemoglobina un aumento de la concentración de 2,3-bisfosfoglicerato (2,3-BPG)?:","Los cuatro grupos hemo se saturan con 2,3- BPG.",Se estabiliza la conformación oxigenada.,Aumenta la afinidad por el O2.,Disminuye la afinidad por el O2.,4
2017,112,Bioquímica y Biología Molecular,"Proteínas, Enzimas y Aminoácidos","Respecto a la enzima glucoquinasa, se puede afirmar que:",Se expresa en el hígado y en las células beta de los islotes pancreáticos.,Cataliza la escisión fosforolítica del glucógeno hepático liberando glucosa-1-fosfato.,La reacción de fosforilación de la glucosa por la enzima sigue una cinética michaeliana.,La insulina reprime la transcripción del gen de la glocoquinasa hepática.,1
2017,113,Bioquímica y Biología Molecular,"Proteínas, Enzimas y Aminoácidos",La biotina es el grupo prostético de las:,Descarboxilasas.,Carboxilasas.,Quinasas.,Transferasas.,2
2017,114,Fisiología y Anatomía,Renal y Digestivo,La adrenalina estimula la:,Degradación de glucógeno en el músculo esquelético.,Síntesis de glucógeno en el hígado.,Lipogénesis en el tejido adiposo.,Síntesis de triacilgliceroles en el hígado.,1
2017,115,Bioquímica y Biología Molecular,Metabolismo Energético,La ruta de las pentosas genera:,NADH para la biosíntesis de colesterol.,NADPH para la biosíntesis de ácidos grasos y esteroides.,Glucosa a partir de pentosas fosforiladas.,Especies reactivas del oxígeno y pentosas oxidadas.,2
2017,116,Bioquímica y Biología Molecular,Metabolismo Energético,¿Qué compuesto NO puede ser utilizado como precursor para la síntesis neta de glucosa en humanos?:,Lactato.,Alanina.,Ácido palmítico (16:0).,Glicerol.,3
2017,117,Bioquímica y Biología Molecular,Metabolismo Energético,Cada ciclo de la β-oxidación de los ácidos grasos sigue la siguiente secuencia de reacciones:,Oxidación dependiente de NAD+; oxidación dependiente de FAD; hidratación; tiolisis.,Oxidación dependiente de FAD; oxidación dependiente de NAD+; hidratación; tiolisis.,Oxidación dependiente de FAD; hidratación; oxidación dependiente de NAD+; tiolisis.,Tiolisis; oxidación dependiente de FAD; hidratación; oxidación dependiente de NAD+.,3
2017,118,Bioquímica y Biología Molecular,Metabolismo Energético,La degradación del ácido graso 17:0 rinde:,8 moléculas de acetil-CoA y un fragmento monocarbonado.,7 moléculas de acetil-CoA y 1 molécula de propionil-CoA.,7 moléculas de acetil-CoA y 1 molécula de malonil-CoA.,6 moléculas de acetil-CoA y 1 molécula de succinil-CoA.,2
2017,119,Fisiología y Anatomía,Endocrino y Reproductor,Los cuerpos cetónicos:,"Son acetoacetil-CoA, hidroxibutiril-CoA y acetona.",Se sintetizan en las mitocondrias hepáticas.,Se transportan hacia tejidos periféricos unidos a lipoproteínas.,Disminuyen en sangre en la diabetes tipo 1 no tratada.,2
2017,120,Bioquímica y Biología Molecular,Metabolismo Energético,¿Cuál es el componente lipídico mayoritario de las VLDL?:,Ácidos grasos.,Colesterol.,Triacilgliceroles.,Fosfatidilcolina.,3
2017,121,Bioquímica y Biología Molecular,"Proteínas, Enzimas y Aminoácidos","Durante el recambio proteico, ¿cuál de las siguientes moléculas se une a las proteínas marcándolas para su degradación por el proteasoma?:",Catepsina.,Ubiquinona.,Ubiquitina.,Carnitina.,3
2017,122,Bioquímica y Biología Molecular,Bioquímica Clínica,El grupo prostético de las aminotransferasas (transaminasas) es:,Piridoxal-5’-fosfato.,Pirofosfato de tiamina.,N5-N10-metilen-tetrahidrofolato.,Cobalamina.,1
2017,123,Bioquímica y Biología Molecular,Metabolismo Energético,¿Cuál de las siguientes enzimas está implicada en la biosíntesis de urea?:,Glutamato deshidrogenasa.,Carbamoil-fosfato sintetasa I.,Succinato sintetasa.,Ornitina descarboxilasa.,2
2017,124,Bioquímica y Biología Molecular,"Proteínas, Enzimas y Aminoácidos",El aminoácido precursor de la serotonina es:,Tirosina.,Triptófano.,Homocisteína.,Histidina.,2
2017,125,Bioquímica y Biología Molecular,"Proteínas, Enzimas y Aminoácidos",En la síntesis de nucleótidos de pirimidina participa la enzima:,Xantina oxidasa.,Uricasa.,Carbamoil-fosfato sintetasa II.,Ornitina transcarbamilasa.,3
2017,126,Bioquímica y Biología Molecular,Metabolismo Energético,¿Cuál de los siguientes compuestos no puede ser sintetizados por los humanos?:,Ácido oleico (∆9 18:1).,Fosfatidiletanolamina.,Carnitina.,Tetrahidrofolato.,4
2017,127,Bioquímica y Biología Molecular,Metabolismo Energético,Los electrones procedentes del FADH2 de las flavoproteínas se incorporan a la cadena respiratoria a través de:,El complejo I.,El complejo III.,La ubiquinona.,El citocromo c.,3
2017,128,Bioquímica y Biología Molecular,Metabolismo Energético,El ácido pantoténico es necesario para la síntesis de:,Coenzima A.,Biotina.,FAD.,Vitamina B12.,1
2017,129,Bioquímica y Biología Molecular,"Proteínas, Enzimas y Aminoácidos",Una dependencia sigmoidea de la velocidad de la reacción catalizada con la concentración de sustrato es señal de que la enzima responsable está sometida a:,Inhibición por exceso de sustrato.,Inhibición acompetitiva.,Regulación alostérica.,Cooperatividad negativa.,3
2017,130,Bioquímica y Biología Molecular,"Proteínas, Enzimas y Aminoácidos",Las enzimas actúan como catalizadores porque:,Reducen la energía libre de la reacción.,Reducen la energía de activación de la reacción.,Aceleran la formación del estado estacionario.,Incrementan la constante de equilibrio de la reacción.,2
2017,131,Bioquímica y Biología Molecular,Metabolismo Energético,La sacarosa es un disacárido compuesto por:,Una glucosa y una fructopiranosa unidas por enlace glicosídico.,Dos moléculas de glucosa unidas por enlace glicosídico.,Una glucosa y una galactosa unidas por enlace glicosídico.,Una glucosa y una maltosa unidas por enlace glicosídico.,1
2017,132,Bioquímica y Biología Molecular,Metabolismo Energético,La esfingomielina es un esfingolípido formado por una:,"Esfingosina, un ácido graso y un azúcar.",Ceramida y un ácido graso.,Esfingosina esterificada por un ácido graso.,Ceramida y un grupo de fosforilcolina.,4
2017,133,Bioquímica y Biología Molecular,"Proteínas, Enzimas y Aminoácidos",Un inhibidor enzimático que reduce la Vm y la Km de una enzima en la misma proporción es un inhibidor de tipo:,No competitivo.,Mixto.,Acompetitivo.,Competitivo.,3
2017,134,Bioquímica y Biología Molecular,"Proteínas, Enzimas y Aminoácidos",La alfa-hélice es un elemento de estructura secundaria de las proteínas que se estabiliza mediante puentes de hidrógeno:,Paralelos al eje longitudinal de la hélice.,Intercatenarios.,Entre los carbonilos de los enlaces peptídicos.,Entre cadenas peptídicas paralelas o antiparalelas.,1
2017,135,Bioquímica y Biología Molecular,Procesos Moleculares,Los snRNPs o “snurps” son:,ARN nucleares pequeños.,Ribonucleoproteínas nucleolares pequeñas.,Ribonucleoproteínas citoplasmáticas pequeñas.,Ribonucleoproteínas nucleares pequeñas.,4
2017,136,Bioquímica y Biología Molecular,Procesos Moleculares,En la estructura de doble hélice definida por Watson y Crick para el DNA:,El porcentaje de los pares de bases A=T es igual al porcentaje de los pares de bases G=C.,El par de bases G=C está unido por tres enlaces covalentes y el par A=T por dos.,Los pares de bases nitrogenadas se sitúan en el interior de la doble hélice unidos por fuerzas de stacking o apilamiento.,Las cadenas polinucleotídicas implican enlaces fosfodiéster establecidos entre la posición 1’ de la base nitrogenada y la posición 5’ del resto de azúcar.,3
2017,137,Microbiología y Parasitología,Bacteriología,El mecanismo de la replicación del DNA en bacterias y en los cromosomas nucleares de eucariotas es:,Unidireccional y semiconservativo.,Bidireccional y semiconservativo.,Unidireccional y conservativo.,Bidireccional y conservativo.,2
2017,139,Microbiología y Parasitología,Bacteriología,En relación con los promotores bacterianos:,La caja -10 de los promotores de E.coli es el sitio de contacto inicial con la RNA- polimerasa.,Una mutación que cambie la secuencia TA- TAGT de la caja -10 de un promotor y la convierta en TGTAGT es de esperar que provoque un aumento significativo en el nivel de expresión del gen.,La secuencia de nucleótidos de las regiones promotora de E.coli está muy conservada.,La longitud de la región que separa las secuencias -10 y -35 de los promotores bacterianos es crítica para su reconocimiento por parte de la RNA-polimerasa.,4
2017,140,Bioquímica y Biología Molecular,Procesos Moleculares,En la traducción:,El ensamblaje comienza por la unión de la secuencia de Shine-Dalgarno presente en el RNA mensajero y una secuencia complementaria y muy conservada del RNA 16S de la subunidad pequeña del ribosoma.,El aminoacil-tRNA iniciador es el N-acetilmetionil-tRNA.,Los mensajeros son leídos por el ribosoma en sentido 3’→ 5’ y la cadena polipeptídica crece por el extremo C-terminal.,Los mensajeros son leídos por el ribosoma en sentido 5’ → 3’ y la cadena polipeptídica crece por el extremo N-terminal.,1
2017,141,Bioquímica y Biología Molecular,Procesos Moleculares,En la regulación de la expresión génica:,El operador es el sitio del DNA que recibe a la RNA-polimerasa para iniciar la transcripción.,La represión es la capacidad de impedir la expresión de una enzima cuando el producto de su reacción está ausente.,La represión catabólica se ejerce a través del cAMP (AMP cíclico).,La atenuación es un segundo nivel de control de la expresión del operón trp basado en la acción del regulador TrpR.,3
2017,142,Bioquímica y Biología Molecular,Técnicas de Biología Molecular,Las endonucleasas de restricción de tipo II:,Deshacen los puentes de hidrógeno que mantienen unidas a las dos hebras del DNA.,Causan la rotura de los enlaces covalentes de una hebra del DNA en una secuencia específica.,Catalizan la hidrólisis de los enlaces azúcarfosfato de los extremos de las dos cadenas del DNA.,Reconocen y rompen las dos hebras del DNA por sitios con secuencia palindrómica.,4
2017,143,Microbiología y Parasitología,Bacteriología,En la tecnología de clonaje de DNA los:,"Genes reporter o testigo, se usan para seleccionar las células transformadas por DNA.",Vectores derivados de fagos son los que tienen más capacidad para el clonaje de grandes fragmentos de DNA.,Cósmidos son vectores para el clonaje de DNA en bacterias.,Vectores YAC sólo son activos en levadura.,3
2017,144,Bioquímica y Biología Molecular,Técnicas de Biología Molecular,La movilidad electroforética de un fragmento de DNA depende de su:,Forma lineal o circular.,Secuencia de pares de bases.,Contenido en pares GC.,Concentración en la disolución.,1
2017,145,Bioquímica y Biología Molecular,Técnicas de Biología Molecular,La PCR:,Es un procedimiento usado para separar los clones de una biblioteca genómica.,Requiere el uso de polimerasas termoresistentes.,Es una reacción basada en la actividad de la RNA-polimerasa.,Tiene lugar en el citoplasma celular.,2
2017,146,Estadística y Metodología,Bioestadística,"Se comprueba mediante un Anova de dos vías si el efecto de un determinado fármaco depende del sexo de los pacientes. Si dicha interacción presenta una p=0,28 ¿Cómo se interpreta?:",El efecto del fármaco es mejor en hombres.,El efecto del fármaco depende del sexo de los pacientes.,El efecto del fármaco no depende del sexo de los pacientes.,El fármaco no es efectivo.,3
2017,147,Estadística y Metodología,Bioestadística,¿Qué test estadístico permite comparar proporciones de dos muestras independientes?:,Test McNemar.,Test de la Mediana.,Test exacto de Fisher.,Test U de Mann-Whitney.,3
2017,149,Estadística y Metodología,Bioestadística,El test que permite comparar dos medias de muestras independientes cuando la variable no se distribuye normalmente es:,t de Student de dos muestras independientes con n1+n2 grados de libertad.,t de Student de dos muestras independientes con (n1+n2) -2 grados de libertad.,t de Student de dos muestras independientes con (n1+n2) -1 grados de libertad.,U de Mann-Whitney.,4
2017,150,Fisiología y Anatomía,Sistema Nervioso y Sentidos,¿Qué test estadístico se aplicaría para comparar dos colirios administrando uno distinto en cada ojo de un mismo paciente?:,t de Student de muestras independientes.,Exacto de Fisher.,McNemar.,Welch.,3
2017,151,Microbiología y Parasitología,Bacteriología,Las artemisinas son fármacos:,Activos frente a las diferentes especies y estadíos del ciclo vital de Plasmodium.,Usados en la profilaxis de infección por Uncinarias.,Usados tópicamente contra Tunga penetrans.,Usados frecuentemente en meningoencefalitis por Naegleria fowleri.,1
2017,152,Fisiología y Anatomía,Renal y Digestivo,Anisakis simplex:,Es un trematodo cuyas larvas se hayan en los peces y cefalópodos.,Es una platelminto que en su estadio adulto se localiza en el interior de la mucosa del intestino delgado de diversos animales.,Los huéspedes definifivos son mamíferos marinos.,El hombre es su único huésped definitivo.,3
2017,153,Hematología,Fisiología y Patología Eritrocitaria,Puede ocasionar anemia megalobástica en el paciente parasitado:,Taenia saginata.,Taenia solium.,Diphyllobothrium latum.,Hymenolepis diminuta.,3
2017,154,Hematología,Fisiología y Patología Eritrocitaria,RARAMENTE se supera en infecciones por Plasmodium ovale o Plasmodium vivax el % de hematíes parasitados del:,2%.,7%.,10%.,12%.,1
2017,155,Inmunología,Inmunidad Adaptativa,En la prueba rápida de inmunocromatografía para la detección inmunológica de Leismaniasis visceral se utiliza como antígeno:,Quinesia recombinante (rK39).,Extracción de cultivo de promastigotes.,Antígeno recombinante rK26.,Domperidona.,1
2017,156,Microbiología y Parasitología,Virología,La clasificación de Baltimore:,"Establece tres dominios taxonómicos: Eucaria, Bacteria y Archaeobacteria.",Clasifica los virus en función de la forma de su cápside.,Distingue entre virus desnudos y envueltos.,Clasifica a los virus por su estrategia en la síntesis del mRNA.,4
2017,157,Microbiología y Parasitología,Virología,"En el bacteriófago T4, el fenómeno genético de la permutación cíclica está en relación con:",La existencia de viriones descendientes del mismo virus con genes distribuidos en un orden distinto.,La alternancia de ciclos líticos y lisogénicos.,Encapsulaciones defectuosas.,La alternancia de dos tipos de bacterias huésped en su ciclo vital.,1
2017,158,Microbiología y Parasitología,Virología,NO pertenece a la familia de los herpesvirus:,Epstein-Barr.,Vaccinia.,Citomegalovirus.,Virus del sarcoma de Kaposi.,2
2017,159,Microbiología y Parasitología,Virología,¿Cuál de los siguientes virus hepáticos requiere de la presencia (preinfección) de otro virus para replicarse?:,Hepatitis A.,Hepatitis B.,Hepatitis C.,Hepatitis D.,4
2017,160,Microbiología y Parasitología,Virología,Son virus con DNA de cadena doble (dsDNA) los de:,La poliomielitis.,La gripe.,El Ébola.,La viruela.,4
2017,161,Microbiología y Parasitología,Virología,Usan una transcriptasa inversa los:,Rabdovirus.,Herpesvirus.,Adenovirus.,Hepadnavirus.,4
2017,162,Microbiología y Parasitología,Virología,Los virus de la familia Poxviridae de interés clínico para humanos:,"Incluyen el de la viruela humana, la viruela bovina, el vaccinia y el del molusco contagioso.",Se replican en la mitocondria de la célula.,Requieren la retrotranscripción de su genoma.,Sus infecciones están asociadas comúnmente a hepatitis víricas.,1
2017,163,Microbiología y Parasitología,Virología,Los rotavirus son:,Virus ARN de doble cadena y uno de los principales responsables de gastroenteritis vírica.,Virus ARN de doble cadena causantes de patologías respiratorias.,Virus ADN con envuelta muy resistentes a desinfectantes.,Uno de los principales virus causantes de hepatitis agudas.,1
2017,164,Microbiología y Parasitología,Virología,El poliovirus es un virus:,Con membrana plasmática que se replica en células nerviosas causando alteraciones neurológicas.,Que se transmite por vías respiratorias y por eso es tan contagioso.,Cuya infección conlleva la replicación dentro del tracto gastrointestinal y la ulterior excreción del virus en las heces.,Prácticamente erradicado de la población humana.,4
2017,165,Microbiología y Parasitología,Virología,Indica la afirmación correcta respecto a los virus que causan hepatitis:,Tienen ARN como material génico.,Las hepatitis A y E son causadas por la infección de los virus A y E tras la ingestión de agua o alimentos contaminados.,"Las hepatitis B, C y D se producen tras el contacto con sangre y fluidos corporales humanos contaminados con los virus B, C y D, pero también se transmiten a través de picaduras de mosquitos infectados.","El virus de la hepatitis C, al igual que el virus de la inmunodeficiencia humana (VIH) son retrovirus y se transmiten por vía sexual.",2
2017,166,Microbiología y Parasitología,Virología,La fiebre amarilla es transmitida por un mosquito portador de un:,Viroide.,Flavivirus.,Poliovirus.,Rotavirus.,2
2017,167,Inmunología,Inmunidad Adaptativa,La parotiditis o paperas:,Es causada por un paramixovirus.,Carece de vacuna efectiva.,Se combate de forma efectiva con β- lactámicos.,Es producida por el virus de la rubeola.,1
2017,168,Microbiología y Parasitología,Virología,El virus Marburg:,Causa afecciones catarrales.,Es similar al Ébola.,Causa la llamada neumonía asiática transmitida por mosquitos.,Es un pneumovirus causante de infecciones letales aislado en Alemania a finales de los años 60.,2
2017,169,Microbiología y Parasitología,Virología,Es FALSO en relación con el tratamiento frente al virus de la inmunodeficiencia humana (VIH) que se:,Utiliza una vacuna recombinante.,Utilicen inhibidores frente al a transcriptasa inversa.,Utilicen inhibidores frente a la proteasa del virus.,Utilicen inhibidores de la integrasa del virus.,1
2017,170,Microbiología y Parasitología,Virología,El virus del papiloma humano (VPH):,Tiene membrana plasmática y genoma compuesto por ARN.,Sus serotipos 16 y 18 están asociados al cáncer cervical.,Una de sus principales vías de trasmisión es la transfusión sanguínea.,Su tratamiento incluye inhibidores de la transcriptasa reversa viral.,2
2017,171,Microbiología y Parasitología,Virología,El virus de la viruela es un:,Poxvirus.,Adenovirus.,Poliomavirus.,Coronavirus.,1
2017,172,Microbiología y Parasitología,Bacteriología,Son inclusiones celulares bacterianas:,Los anamoxosomas.,Los gránulos de polifosfato.,Las vesículas gaseosas.,Los cuerpos de Negri.,2
2017,173,Microbiología y Parasitología,Bacteriología,La principal enzima polimerizadora del DNA bacteriano es la DNA polimerasa:,I.,III.,IV.,V.,2
2017,174,Microbiología y Parasitología,Bacteriología,Los sistemas de secreción de tipo III que poseen algunas bacterias gram-negativas que:,Participan en la síntesis de la membrana externa.,Incluyen sistemas de expulsión de antibióticos.,Secretan enzimas líticas para la digestión extracelular de macromoléculas.,Inyectan proteínas en células eucarióticas.,4
2017,175,Microbiología y Parasitología,Bacteriología,"En las bacterias, la proteína FtsZ es un componente esencial del:",Sistema fostotransferasa de incorporación de azúcares.,Divisoma.,Ribosoma.,Filamento del flagelo.,2
2017,176,Microbiología y Parasitología,Bacteriología,"En un quimiostato inoculado con un cultivo puro, al aumentar el flujo disminuye constantemente:",La concentración del sustrato limitante.,La densidad del cultivo.,El tiempo de generación.,El tiempo de generación y la densidad del cultivo.,3
2017,177,Microbiología y Parasitología,Bacteriología,Una diferencia esencial entre desinfectantes generales y antisépticos es que los segundos:,Son compuestos orgánicos.,Matan las endosporas.,Deben ser lo bastante inocuos como para poder aplicarlos en tejidos vivos.,Se utilizan sólo sobre objetos inanimados.,3
2017,179,Microbiología y Parasitología,Antimicrobianos y Resistencias,Actúa(n) sobre la subunidad 30 del ribosoma procariótico:,La eritromicina.,La rifampicina.,Las tetraciclinas.,Las quinolonas.,3
2017,180,Bioquímica y Biología Molecular,"Proteínas, Enzimas y Aminoácidos",El ribotipado es un método para identificar microorganismos a partir del análisis de:,Mapa de péptidos ribosomales.,Secuencias del gen de la subunidad beta de la RNA polimerasa.,Secuencias del gen de la subunidad alfa de la RNA polimerasa.,Fragmentos de restricción de los genes de RNA ribosómico.,4
2017,181,Microbiología y Parasitología,Bacteriología,Característicamente los estreptococos del subgrupo pyogenes:,Son parte de la microbiota normal de la boca.,Están asociados con la caries dental.,Causas neumonías.,Son beta-hemolíticos,4
2017,182,Microbiología y Parasitología,Bacteriología,La infección meningocócica (Neisseria meningitidis):,Se trata con tetraciclinas combinadas con aminoglucósidos.,Se contrae comúnmente por contacto directo.,Puede prevenirse con vacunas que contienen polisacáridos capsulares.,Tiene una incidencia mayor en adultos que en jóvenes o niños.,3
2017,183,Microbiología y Parasitología,Bacteriología,Staphylococcus aureus se diferencia de Staphylococcus epidermidis por que el primero:,Rara vez produce infecciones piogénicas (purulentas).,"Produce coagulasa, una enzima que convierte el fibrinógeno en fibrina.",Crece en concentraciones salinas muy altas.,No se encuentra en la microbiota normal humana.,2
2017,184,Microbiología y Parasitología,Bacteriología,¿Cuál de las siguientes afirmaciones es correcta?:,Para detectar Treponema pallidum en muestras clínicas se emplea la microscopía de campo oscuro.,Helicobacter pilori es una espiroqueta que penetra la mucosa gástrica humana.,Las borrelias (Borrelia spp.) se transmiten por picaduras de mosquitos.,Mycobacterium tuberculosis es un patógeno intracelular obligado.,1
2017,185,Microbiología y Parasitología,Bacteriología,¿Cuál de las siguientes afirmaciones es correcta?:,Pseudomonas aeruginosa es una casusa común de infecciones nosocomiales.,Escherichia coli lleva a cabo una fermentación butanodiólica.,Las fiebres tifoideas son causadas por una especie de Rickettsia.,Las bacterias del género Serratia son cocos gram-positivos.,1
2017,186,Microbiología y Parasitología,Bacteriología,¿Cuál de las siguientes afirmaciones es correcta?:,La fiebre Q es causada por Coxiella burnetti.,El reservorio de Bacillus anthracis son los animales salvajes.,La gangrena gaseosa es causada por estreptococos.,Salmonella typhi (S. entérica serovar typhi) se transmite por contacto directo.,1
2017,187,Microbiología y Parasitología,Micología,Causan micosis superficiales en los seres humanos los hongos del género:,Sporothrix.,Trichophyton.,Crytococcus.,Histoplasma.,2
2017,189,Microbiología y Parasitología,Micología,Con respecto del género Aspergillus ¿cuál de las siguientes afirmaciones es correcta?:,Produce esporas sexuales llamadas conidios.,Es un zigomiceto.,Incluye especies productoras de potentes toxinas.,Causa sólo micosis superficiales.,3
2017,190,Fisiología y Anatomía,Cardiovascular y Respiratorio,¿Cuál de las siguientes afirmaciones es correcta?:,Candida albicans es un zigomiceto.,Histoplasma capsulatum puede causas infecciones cutáneas en el ser humano.,Pneumocystis puede causar infecciones pulmonares en el ser humano.,Algunas especies de Penicillium son patógenas para el ser humano.,3
2017,191,Microbiología y Parasitología,Antimicrobianos y Resistencias,Las cepas productoras de Betalactamasas de espectro ampliado (BLEA) no son capaces de hidrolizar:,Las cefalosporinas.,Los monobactámicos.,La penicilina.,Los carbapenems.,4
2017,192,Microbiología y Parasitología,Bacteriología,La diarrea asociada al consumo de antibióticos suele estar producida por:,Campylobacter spp.,Staphylococcus aureus.,Clostridium difficile.,Yersinia enterocolítica.,3
2017,193,Fisiología y Anatomía,Renal y Digestivo,La detección rápida de antígeno de Legionella pneumophila en orina se realiza mediante:,PCR.,Fijación del complemento.,Contrainmunoelectroforesis.,Inmunocromatografía.,4
2017,194,Microbiología y Parasitología,Bacteriología,¿Cuál es el agar selectivo de elección para el aislamiento del Género Bordetella?:,Schaedler.,Thayer-Martin.,Regan-Lowe.,BCYE (Buffered Charcoal Yeast extract).,3
2017,195,Bioquímica y Biología Molecular,Metabolismo Energético,La prueba de la eliminación de urea marcada con 13C en el aire espirado sirve para la identificación de:,Helicobacter pylori.,Tropheryma whipplei.,Borrelia burgdorferi.,Coxiella burnetti.,1
2017,197,Genética,Citogenética y Alteraciones Cromosómicas,"Un cariotipo 45,XX,rob(14;21)(q10;q10) puede corresponder a una mujer:",Con Síndrome de Down con una translocación robertsoniana.,"Sana, portadora de una translocación robertsoniana.",Con Síndrome de Prader-Willi.,Con Síndrome de Edwards.,2
2017,198,Genética,Genética Mendeliana y Herencia,La lisencefalia se asocia al síndrome de:,Angelman.,Smith-Magenis.,Rubinstein-Taybi.,Mieller-Dieker.,4
2017,199,Genética,Genética Mendeliana y Herencia,La deleción del (20)(p12) se asocia al síndrome de:,Alagille.,Williams.,Di George.,Langer-Giedion.,1
2017,200,Bioquímica y Biología Molecular,Procesos Moleculares,La enfermedad xerodermia pigmentosa está relacionada con defectos en el mecanismo de la reparación del ADN:,Por escisión de bases.,Por errores de apareamiento.,Directo.,Por escisión de nucleótidos.,4
2017,201,Genética,Mutaciones y Reparación del ADN,En las mutaciones por transición una:,Purina es sustituida por una pirimidina.,Pirimidina es sustituida por una purina.,Pirimidina es sustituida por otra pirimidina.,Purina es sustituida por otras dos purinas.,3
2017,202,Bioquímica y Biología Molecular,"Proteínas, Enzimas y Aminoácidos","En eucariotas, los intrones del grupo II están presentes en genes:",De rARN.,De tARN.,Que codifican proteínas en el núcleo.,Que codifican proteínas en las mitocondrias.,4
2017,203,Bioquímica y Biología Molecular,Procesos Moleculares,"En la cromatina, se denomina cromatosoma al:",Nucleosoma sin la histona H.,Nucleosoma con la histona H1.,Conjunto de histonas de un nucleosoma.,ADN e histonas de dos nucleosomas adyacentes.,2
2017,204,Bioquímica y Biología Molecular,Procesos Moleculares,¿Cuántas copias de la histona H3 habrá en cromatina con 200 cromatosomas?:,50.,100.,200.,400.,4
2017,205,Genética,Citogenética y Alteraciones Cromosómicas,¿Qué tipo de ploidía define a un individuo 2n-2- 2?:,Monosomía doble.,Monosomía simple.,Euploidia doble.,Nulisomía doble.,4
2017,206,Bioquímica y Biología Molecular,Procesos Moleculares,¿Cuántas moléculas de ADN contiene una célula diploide 2n=40 durante la fase G2 del ciclo celular?:,20.,40.,80.,120.,3
2017,207,Genética,Genética Mendeliana y Herencia,¿Qué técnica genética podría utilizar para diagnosticar un síndrome de Angelman?:,Citogenética convencional (cariotipo de bandas G).,Hibridación in situ con fluorescencia (FISH) con sonda centromérica.,(FISH) con sonda telomérica.,(FISH) con sonda locus-específica.,4
2017,208,Bioquímica y Biología Molecular,Técnicas de Biología Molecular,ASO-PCR es una técnica de:,Detección de mutaciones sin identificar el tipo.,Detección de mutaciones específicas.,Secuenciación.,Amplificación del ADN.,2
2017,209,Genética,Citogenética y Alteraciones Cromosómicas,"Una de las ventajas del cariotipo, respecto a la técnica de hibridación in situ con fluorescencia (FISH) es que permite:",Utilizar material fresco y parafinado.,Utilizar todo el genoma.,Detectar microdeleciones.,Detectar translocaciones.,2
2017,210,Genética,Citogenética y Alteraciones Cromosómicas,Las bandas R de los cromosomas metafásicos humanos:,Tienen alta densidad de genes.,Contienen ADN pobre en pares GC.,Se replican al final de la fase S.,Tienen baja densidad de genes.,1
2017,211,Genética,Genética Mendeliana y Herencia,¿Qué proporción aproximada del genoma humano se estima que es codificante?:,"1,5 – 2 %.",4 – 10 %.,10 – 25 %.,Más del 25 %.,1
2017,212,Bioquímica y Biología Molecular,Procesos Moleculares,Los marcadores de ADN de tipo minisatélite pueden detectarse por:,PCR.,ARMS PCR.,Southern-blot.,ASO PCR.,3
2017,213,Genética,Citogenética y Alteraciones Cromosómicas,"Para detectar pequeñas deleciones o duplicaciones a nivel genómico, la técnica de elección sería:",Cariotipo de bandas G.,Microarrays genómicos.,Microarrays de expresión.,RT-PCR.,2
2017,214,Bioquímica y Biología Molecular,Técnicas de Biología Molecular,"Con respecto al FISH, la PCR presenta la ventaja de que:",Es una técnica de cribado de todo el genoma.,Puede realizarse en tejido fijado y/o congelado.,Detecta alteraciones crípticas menores de 5Mb.,Es más sensible.,4
2017,215,Bioquímica y Biología Molecular,Procesos Moleculares,En la técnica de Northern-Blot la molécula que se separa y transfiere es:,ADN + ARN.,ADN.,Proteína.,ARN.,4
2017,216,Hematología,Serie Blanca y Neoplasias,El mecanismo más frecuente que induce la activación del protooncogén BCL2 en el linfoma folicular es:,Amplificación génica.,Translocación.,Mutación puntual.,Deleción.,2
2017,217,Hematología,Serie Blanca y Neoplasias,La translocación t(15;17)(q22;q11) se asocia a leucemia:,Linfocítica aguda.,Mieloide crónica.,Promielocítica aguda.,Linfocítica crónica.,3
2017,218,Genética,Citogenética y Alteraciones Cromosómicas,"La fórmula correcta para describir un cariotipo de un varón con monosomía del cromosoma 6, y un isocromosoma de brazo largo del cromosoma 17 es:","45,XY,-6,iso (17) (p10).","45,XY,6,i (12) (q10).","45,XY,-6,i (17) (q10).","45,XY,6,i (12) (p10).",3
2017,219,Fisiología y Anatomía,Sistema Nervioso y Sentidos,En la profase de la meiosis I los cromosomas homólogos permanecen unidos durante la sinapsis mediante:,El huso celular.,Los centrómeros.,El complejo sinaptonémico.,La membrana celular.,3
2017,220,Biología Celular e Histología,"Ciclo Celular, Mitosis y Apoptosis",En la prometafase de la mitosis los cromosomas se unen al huso mitótico mediante los:,Cinetocoros.,Nucléolos.,Centriolos.,Satélites.,1
2017,221,Bioquímica y Biología Molecular,Procesos Moleculares,Es una enfermedad producida por mutaciones en el ADN mitocondrial:,Síndrome de Rett.,Síndrome de Hunter.,Porfiria aguda intermitente.,Síndrome de Pearson.,4
2017,222,Genética,Genética Mendeliana y Herencia,¿Cuál de las siguientes enfermedades tiene una herencia recesiva ligada al cromosoma X?:,Hipofosfatemia.,Hipertricosis.,Enfermedad de Fabry.,Síndrome de Rett.,3
2017,223,Genética,Genética Mendeliana y Herencia,Es una enfermedad con herencia autosómica recesiva:,Fibrosis quística.,Corea de Huntington.,Hipercolesterolemia familiar.,Síndrome de Crouzon.,1
2017,224,Genética,Genética de Poblaciones y Evolución,¿Cuál de los siguientes organismos eucariotas tiene mayor número de genes?:,Ratón (Mus musculus).,Arroz (Oryza sativa).,Pez cebra (Danio rerio).,Maíz (Zea mays).,4
2017,225,Genética,Citogenética y Alteraciones Cromosómicas,¿Cuántos cromosomas tendrán las células de un organismo diploide 2n=46 que presenta 4 nulisomías y una monosomía?:,37.,38.,39.,42.,1
2017,226,Estadística y Metodología,Bioestadística,Existe la hipótesis de que el 40% de los adultos realiza ejercicio al menos una vez a la semana ¿Qué test se utilizaría para comprobar dicha hipótesis a partir de una muestra?:,Wilcoxon.,Bondad de ajuste.,Mc Nemar.,Contingencia 2x2.,2
2017,227,Estadística y Metodología,Fiabilidad de Pruebas,Al realizar un test de hipótesis:,"A mayor tamaño muestral, mayor potencia.","A menos error beta, mayor potencia.","Si aumenta la potencia del test, aumenta el error beta.","A menor error alfa, menor especificidad.",2
2017,228,Estadística y Metodología,Bioestadística,"Si un test de normalidad ofrece un valor p > 0,05, ¿cómo se interpreta?:",Se puede asumir que la variable no sigue una distribución normal.,No se puede asumir que la variable siga una distribución normal.,Se puede asumir que la variable sigue una distribución normal.,El test ha resultado ser significativo.,3
2017,229,Estadística y Metodología,Bioestadística,"Si una muestra presenta un coeficiente de variación de 0,12 significa que la:",Desviación típica supone el 12% de la media.,Varianza supone el 12% de la media.,Media supone el 12% de la desviación típica.,Desviación típica supone el 88% de la media.,1
2017,230,Estadística y Metodología,Bioestadística,La mediana:,Es un estadístico de posición y forma.,Siempre coincide con la media.,Es más estable que la media en distribuciones asimétricas.,Es más fiable que la media en distribuciones simétricas.,3
2017,231,Microbiología y Parasitología,Bacteriología,El agar sal manitol es un medio de cultivo selectivo empleado para el aislamiento de:,Mycobacterium tuberculosis.,Streptococcus pneumoniae.,Staphylococcus aureus.,Pseudomonas aeruginosa.,3
2017,233,Fisiología y Anatomía,Renal y Digestivo,La acción sistémica del TNF genera en el hígado:,La activación de proteínas de fase aguda.,Síntesis de prostaglandinas.,Producción de lipopolisacárido.,Caquexia.,1
2017,234,Bioquímica y Biología Molecular,"Proteínas, Enzimas y Aminoácidos",Un mapa de Ramachandran representa:,Los diferentes tipos de estructura secundaria en el plegamiento de un polipéptido.,Los ángulos que adoptan los enlaces peptídicos en un polipéptido.,La disposición de los puentes de hidrógeno que estabilizan la estructura 3D de una proteína.,La topología de los elementos de estructura secundaria de una proteína.,2
2017,235,Microbiología y Parasitología,Bacteriología,La lisozima cataliza la hidrólisis de:,Proteínas en la superficie de bacterias y virus.,Proteínas en las paredes de bacterias Gram negativas.,Enlaces peptídicos de los peptidoglicanos bacterianos.,Enlaces glicosídicos de polisacáridos bacterianos.,4
2018,1,Biología Celular e Histología,Membrana y Tráfico,El fosfolamban:,Regula la Ca2+-ATPasa del retículo sarcoplásmico.,Es un fosfolípido de la membrana plasmática.,Bloquea el receptor de dihidropiridinas.,Activa receptores de rianodina en retículo sarcoplásmico.,1
2018,2,Fisiología y Anatomía,Sistema Nervioso y Sentidos,"En una neurona, a un potencial de membrana de 0 mV:",Salen iones Na+.,Salen iones K+.,Salen iones Ca2+.,"No hay movimiento de iones, por alcanzarse el equilibrio eléctrico.",2
2018,3,Biología Celular e Histología,Membrana y Tráfico,Proteína de la membrana plasmática implicada en exocitosis sináptica:,Sinaptobrevina.,NSF (factor sensible a n-etilmaleimida).,Sinaptotagmina.,Sintaxina.,4
2018,4,Biología Celular e Histología,Membrana y Tráfico,La glucosa se transporta al interior de las células por:,Difusión simple.,Difusión facilitada.,Transporte activo primario.,Endocitosis.,2
2018,5,Fisiología y Anatomía,Sistema Nervioso y Sentidos,Los receptores para la acetilcolina de tipo muscarínico:,Son canales iónicos.,Generan potenciales sinápticos rápidos.,Están asociados a proteínas G.,Se localizan en el músculo estriado esquelético.,3
2018,6,Fisiología y Anatomía,Sistema Nervioso y Sentidos,Los receptores que informan de la posición estática de la cabeza están en:,El oído medio.,El utrículo y el sáculo.,Los canales semicirculares.,La cóclea.,2
2018,7,Fisiología y Anatomía,Sistema Nervioso y Sentidos,Las fibras de los cordones posteriores (dorsales):,Proyectan al tálamo ipsilateral.,Son fibras motoras troncoencefálicas.,Se originan en neuronas espinales.,Envían información táctil discriminativa a núcleos bulbares.,4
2018,8,Fisiología y Anatomía,Sistema Nervioso y Sentidos,Los receptores T2R gustativos responden a estímulos asociados al sabor:,Ácido.,Umami.,Dulce.,Amargo.,4
2018,9,Fisiología y Anatomía,Sistema Nervioso y Sentidos,La LTP sináptica (potenciación a largo plazo) está mediada por receptores:,GABAA.,Nicotínicos.,NMDA.,Adrenérgicos.,3
2018,10,Fisiología y Anatomía,Sistema Nervioso y Sentidos,El núcleo supraquiasmático se localiza en:,Bulbo raquídeo.,Cerebelo.,Hipotálamo.,Ganglios basales.,3
2018,11,Fisiología y Anatomía,Sistema Nervioso y Sentidos,Las células bipolares tipo “on” de la retina:,Presentan receptores metabotrópicos de glutamato.,Poseen campos receptores en forma de barra.,Sus axones forman el nervio óptico.,Contactan sólo con bastones.,1
2018,12,Estadística y Metodología,Bioestadística,La acomodación ocular está mediada por:,Fibras del sistema simpático.,Relajación de las fibras de la zónula del cristalino.,Aumento de la curvatura de la córnea.,Aumento del tamaño de la pupila.,2
2018,13,Fisiología y Anatomía,Sistema Nervioso y Sentidos,La corteza visual primaria se localiza en el lóbulo:,Frontal.,Parietal.,Temporal.,Occipital.,4
2018,14,Fisiología y Anatomía,Sistema Nervioso y Sentidos,El neurotransmisor de las neuronas pregangliones simpáticas es:,Noradrenalina.,Serotonina.,Dopamina.,Acetilcolina.,4
2018,15,Fisiología y Anatomía,Cardiovascular y Respiratorio,La hormona tiroidea reduce:,Metabolismo basal.,Gasto cardíaco.,Gluconeogénesis.,Secreción de tirotropina.,4
2018,16,Bioquímica y Biología Molecular,Metabolismo Energético,El estradiol:,Se transporta libre en plasma en un 80%.,Eleva la colesterolemia.,Se secreta por células de la granulosa.,Retrasa el cierre de las placas epifisarias.,3
2018,17,Fisiología y Anatomía,Renal y Digestivo,La hormona antidiurética (ADH):,Aumenta la reabsorción renal de agua.,Aumenta la producción de orina.,Tras una hemorragia disminuye su secreción.,Aumenta la sudoración.,1
2018,18,Fisiología y Anatomía,Endocrino y Reproductor,La corticotropina (ACTH):,Se sintetiza en el hipotálamo.,Se sintetiza en la neurohipófisis.,Las células diana se localizan en la corteza suprarrenal.,El cortisol estimula su secreción.,3
2018,19,Fisiología y Anatomía,Renal y Digestivo,La parathormona (PTH) ejerce su acción fisiológica sobre:,"Hueso, favoreciendo el depósito de calcio.","Riñón, favoreciendo la excreción de calcio.","Riñón, favoreciendo la síntesis del 1,25- dihidroxicolecalciferol.","Riñón, favoreciendo la síntesis del 24,25- dihidroxicolecalciferol.",3
2018,20,Estadística y Metodología,Bioestadística,El pico de secreción de LH previo a la ovulación está mediado por:,"Progesterona, por retroalimentación positiva.","Estradiol, por retroalimentación positiva.","Progesterona, por retroalimentación negativa.","Estradiol, por retroalimentación negativa.",2
2018,21,Bioquímica y Biología Molecular,Bioquímica Clínica,"El plasma, pero no el suero, contiene:",Albúmina.,Fibrinógeno.,Sodio.,Glucosa.,2
2018,22,Fisiología y Anatomía,Cardiovascular y Respiratorio,La eritropoyetina se produce en:,Riñón.,Pulmón.,Médula ósea.,Hipotálamo.,1
2018,23,Fisiología y Anatomía,Cardiovascular y Respiratorio,La presión sanguínea es inferior a nivel de:,Arterias de gran calibre.,Arteriolas.,Capilares.,Vénulas.,4
2018,24,Fisiología y Anatomía,Cardiovascular y Respiratorio,Los potenciales marcapasos cardíacos se inician por activación de canales:,Activados por hiperpolarización (HCN).,K+ activados por voltaje.,Na+ activados por despolarización.,K+ activados por acetilcolina.,1
2018,25,Fisiología y Anatomía,Cardiovascular y Respiratorio,"En la fase de contracción isovolumétrica, el volumen ventricular es:",El telesistólico.,El sistólico.,El telediastólico.,Independiente de la precarga.,3
2018,26,Fisiología y Anatomía,Cardiovascular y Respiratorio,El centro vasomotor se localiza en:,Bulbo raquídeo.,Hipotálamo.,Cerebelo.,Mesencéfalo.,1
2018,27,Fisiología y Anatomía,Cardiovascular y Respiratorio,La ecuación del gas alveolar relaciona las presiones parciales de:,O2 y CO2 inspirados.,CO2 alveolar y espirado.,O2 y CO2 alveolares.,O2 alveolar y espirado.,3
2018,28,Fisiología y Anatomía,Cardiovascular y Respiratorio,La técnica de dilución de nitrógeno en una espiración única (Fowler) sirve para medir:,Capacidad de difusión alveolar.,Volumen inspiratorio de reserva.,Volumen de espacio muerto.,Capacidad vital.,3
2018,29,Hematología,Fisiología y Patología Eritrocitaria,El CO2 se transporta en plasma:,"Disuelto como gas, en un 80-90%.","Como ácido carbónico y bicarbonato, en un 60-70%.",Exclusivamente unido a hemoglobina.,"Unido a proteínas plasmáticas, en un 90%.",2
2018,30,Fisiología y Anatomía,Cardiovascular y Respiratorio,El surfactante pulmonar:,Permite que la inspiración en reposo sea pasiva.,Disminuye la tensión superficial de los alveolos.,Aumenta el trabajo realizado por los músculos respiratorios en la ventilación.,Facilita el colapso de los alveolos de menor tamaño.,2
2018,31,Fisiología y Anatomía,Cardiovascular y Respiratorio,"El 2,3-difosfoglicerato:",Promueve la captación de O2 por la hemoglobina en los pulmones.,Su síntesis se estimula por oxihemoglobina.,Desplaza la curva de saturación de la hemoglobina hacia la derecha.,Tiende a unirse con la hemoglobina fetal.,3
2018,32,Fisiología y Anatomía,Renal y Digestivo,La filtración en el corpúsculo renal aumenta al incrementar:,La presión hidrostática en el capilar.,La presión osmótica coloidal en el capilar.,La presión hidrostática en la cápsula de Bowman.,"La presión neta de filtración, pero sólo si supera los 120mmHg.",1
2018,33,Fisiología y Anatomía,Renal y Digestivo,El mecanismo multiplicador por contracorriente del asa de Henle se basa en que:,La rama ascendente es permeable al agua.,"La rama descendente reabsorbe Na+, Cl- y K+ en una proporción 1:2:1.",La osmolaridad del líquido intersticial es mayor en la médula que en la corteza renal.,El líquido tubular fluye en el mismo sentido en las asas de Henle descendente y ascendente.,3
2018,34,Fisiología y Anatomía,Renal y Digestivo,Las células intercaladas:,Se localizan en el túbulo proximal de la nefrona.,Participan en la regulación del pH del medio interno.,Carecen de anhidrasa carbónica.,Sus funciones están reguladas por ADH.,2
2018,35,Fisiología y Anatomía,Renal y Digestivo,El filtrado glomerular es próximo al aclaramiento de:,Glucosa.,Ácido paraaminohipúrico.,Inulina.,Sodio.,3
2018,36,Fisiología y Anatomía,Renal y Digestivo,"Si el pH arterial es 7.6, la PaCO2 20 mm Hg y la [𝐇𝐂𝐎−] 19mM, hay:",Acidosis respiratoria.,Acidosis metabólica.,Alcalosis metabólica.,Alcalosis respiratoria.,4
2018,37,Fisiología y Anatomía,Renal y Digestivo,La fase faríngea de la deglución:,Está controlada por el centro de la deglución.,Es totalmente voluntaria.,Se inicia con la apertura de la glotis.,Termina con la contracción simultánea de los esfínteres faríngeos superior e inferior.,1
2018,38,Fisiología y Anatomía,Endocrino y Reproductor,Las células principales de las glándulas gástricas secretan:,Moco soluble.,Pepsinógeno.,HCl y factor intrínseco.,Factor intrínseco y gastrina.,2
2018,39,Fisiología y Anatomía,Renal y Digestivo,La digestión de los triglicéridos tiene lugar principalmente en:,"Intestino, por la lipasa pancreática.","Estómago, por la lipasa gástrica.","Intestino, por lipasas del borde en cepillo del enterocito.","Boca, por la lipasa lingual.",1
2018,40,Fisiología y Anatomía,Sistema Nervioso y Sentidos,El plexo submucoso o de Meissner:,Está constituido por células insterticiales de Cajal.,Se localiza entre las capas mucosa y circular muscular del intestino.,No recibe inervación del sistema nervioso autónomo.,Contiene neuronas preganglionares simpáticas.,2
2018,41,Fisiología y Anatomía,Renal y Digestivo,La secreción de las células acinares pancreáticas:,Contiene tripsina.,Se estimula por colecistoquinina.,Se inhibe por acetilcolina.,Contiene principalmente agua y bicarbonato.,2
2018,42,Fisiología y Anatomía,Renal y Digestivo,El factor intrínseco es necesario para la absorción intestinal de:,Cobalamina.,Vitamina B6.,Vitamina C.,Ácido fólico.,1
2018,43,Biología Celular e Histología,Histología Humana,La respuesta a una bajada térmica ambiental es:,Sudoración.,Jadeo.,Activación del tejido adiposo pardo.,Vasodilatación periférica.,3
2018,44,Biología Celular e Histología,Membrana y Tráfico,Presentan hebras de sellado que unen las membranas de células vecinas:,Uniones ocluyentes.,Uniones adherentes.,Desmosomas.,Hemidesmosomas.,1
2018,45,Bioquímica y Biología Molecular,Metabolismo Energético,Conjunto de oligosacáridos unidos covalentemente a proteínas y lípidos de la membrana plasmática:,Glicocálix.,Lámina basal.,Matriz extracelular.,Mucina.,1
2018,46,Bioquímica y Biología Molecular,"Proteínas, Enzimas y Aminoácidos",El transporte de proteínas entre núcleo y citoplasma requiere de:,Gradiente de Na+ establecido por ATPasa- Na+/K+.,Gradiente de H+ establecido por la ATPasa- H+/K+.,Hidrólisis de ATP.,Hidrólisis de GTP.,4
2018,47,Biología Celular e Histología,Membrana y Tráfico,El receptor de la manosa-6-fosfato viaja desde el complejo de Golgi a:,Lisosomas.,Peroxisomas.,Endosomas.,Retículo endoplásmico.,3
2018,48,Biología Celular e Histología,"Orgánulos, Citoesqueleto y Matriz",Lleva a cabo la ramificación de los filamentos de actina:,Centrosoma.,Complejo Arp2/3.,Formina.,Cofilina.,2
2018,49,Biología Celular e Histología,"Orgánulos, Citoesqueleto y Matriz","Durante la reptación celular, el frente de avance presenta:",Cilios.,Flagelos.,Estereocilios.,Lamelipodios.,4
2018,50,Bioquímica y Biología Molecular,Procesos Moleculares,"Durante la mitosis, tras el alineamiento cromosómico, se activa el complejo promotor de:",Fase M (MPF).,Anafase (APC).,Telofase (TPC).,Metafase (MPC).,2
2018,51,Fisiología y Anatomía,Endocrino y Reproductor,Los ovocitos del ovario de una niña prepuberal están en:,Profase I.,Profase II.,Metafase I.,Metafase II.,1
2018,52,Biología Celular e Histología,Histología Humana,Fina capa de matriz extracelular que separa los tejidos epitelial y conjuntivo:,Lámina basal.,Lámina propia.,Lámina elástica.,Glicocálix.,1
2018,53,Fisiología y Anatomía,Cardiovascular y Respiratorio,Célula adosada externamente al endotelio de capilares y vénulas:,Célula satélite.,Pericito.,Pituicito.,Pinealocito.,2
2018,54,Biología Celular e Histología,"Orgánulos, Citoesqueleto y Matriz",La fibrilina es un componente de las fibras:,Colágenas.,Elásticas.,Reticulares.,Fibrina.,2
2018,55,Biología Celular e Histología,Histología Humana,Es un tejido avascular:,Conjuntivo laxo.,Adiposo.,Cartilaginoso.,Óseo.,3
2018,56,Biología Celular e Histología,Histología Humana,No abandona la médula ósea:,Eritrocito.,Monocito.,Megacariocito.,Linfocito.,3
2018,57,Biología Celular e Histología,Histología Humana,Pertenece al sistema fagocítico mononuclear:,Astrocito.,Oligodendrocito.,Célula de Schwam.,Microgliocito.,4
2018,58,Biología Celular e Histología,Histología Humana,Un epitelio simple siempre:,Está formado por células cúbicas.,Consta de un solo estrato celular.,Origina glándulas simples.,Está formado por células planas.,2
2018,59,Fisiología y Anatomía,Endocrino y Reproductor,Es una glándula compuesta la que presenta:,Varios tipos de células secretoras.,Adenómeros ramificados.,Conducto excretor ramificado.,Adenómeros y conductos excretores ramificados.,3
2018,60,Fisiología y Anatomía,Endocrino y Reproductor,¿Qué orgánulos están implicados en la síntesis de hormonas esteroideas?:,Retículo endoplasmático rugoso y Golgi.,Retículo endoplasmático rugoso y liso.,Retículo endoplasmático liso y Golgi.,Retículo endoplasmático liso y mitocondrias.,4
2018,61,Inmunología,Inmunidad Innata y Complemento,Es una célula secretora de histamina:,Célula cebada o mastocito.,Macrófago.,Linfocito activado.,Fibroblasto.,1
2018,62,Biología Celular e Histología,Histología Humana,Presenta colágeno de tipo I el cartílago:,Hialino.,Elástico.,Fibroso.,Todos los tipos de cartílagos.,3
2018,63,Biología Celular e Histología,Histología Humana,Las lagunas de Howship:,Contienen condrocitos en degeneración.,Albergan osteocitos.,Albergan células de revestimiento óseo.,Se forman por acción de los osteoclastos.,4
2018,64,Fisiología y Anatomía,Cardiovascular y Respiratorio,"Los miocitos cardíacos, a diferencia de otras células musculares, presentan:",Un solo núcleo.,Discos intercalares.,Una lámina externa que les rodea.,Miofilamentos organizados en sarcómeros.,2
2018,65,Fisiología y Anatomía,Sistema Nervioso y Sentidos,Las neuronas sensoriales de los ganglios espinales o raquídeos son:,Pseudounipolares.,Bipolares.,Multipolares.,Unipolares.,1
2018,66,Fisiología y Anatomía,Sistema Nervioso y Sentidos,En los nervios periféricos:,El endoneuro está formado por conjuntivo fibrilar denso.,El perineuro rodea a cada fibra nerviosa.,El epineuro rodea a cada fascículo de fibras nerviosas.,El perineuro actúa como una barrera hematoneural.,4
2018,67,Biología Celular e Histología,"Orgánulos, Citoesqueleto y Matriz",La matriz extracelular de la túnica media arterial:,Se sintetiza por miocitos lisos.,Contiene mayoritariamente colágeno en las grandes arterias.,Contiene principalmente láminas elásticas en las arterias de calibre medio.,Solo existe en la capa adventicia.,1
2018,68,Inmunología,Inmunidad Adaptativa,La pulpa blanca:,"Está en timo, ganglios linfáticos y bazo.",Corresponde al componente linfoide del bazo.,Está formada por cordones esplénicos (de Billroth) y sinusoides.,Forma los cordones medulares de los ganglios linfáticos.,2
2018,69,Fisiología y Anatomía,Endocrino y Reproductor,Las glándulas de Brunner son abundantes en:,Duodeno.,Yeyuno e íleon.,Todo el intestino delgado.,Intestino grueso.,1
2018,70,Fisiología y Anatomía,Endocrino y Reproductor,Gracias al sistema porta hipofisario:,Las hormonas sintetizadas por la adenohipófisis llegan a la circulación sistémica.,Las hormonas hipofisarias regulan la actividad hipotalámica.,Los factores reguladores hipotalámicos alcanzan la pars distalis hipofisaria.,La oxitocina y la ADH llegan a la neurohipófisis.,3
2018,71,Fisiología y Anatomía,Endocrino y Reproductor,En el sistema reproductor hay fuertes uniones ocluyentes entre:,Células de la granulosa del folículo ovárico.,El ovocito y la corona radiada.,Células de la teca interna del folículo ovárico.,Células de Sertoli de los túbulos seminíferos.,4
2018,72,Fisiología y Anatomía,Endocrino y Reproductor,Secreta gonadotropina coriónica humana:,Cuerpo lúteo.,Citotrofoblasto.,Sincitiotrofoblasto.,Decidua parietal.,3
2018,73,Estadística y Metodología,Bioestadística,La expresión de SRY y SOX9 median la diferenciación:,Ovárica.,Testicular.,Renal.,Vesical.,2
2018,74,Estadística y Metodología,Fiabilidad de Pruebas,La mayor sensibilidad a teratógenos durante el desarrollo intraútero es:,En fase de mórula.,En fase de implantación.,Entre la 3ª y 8ª semana de gestación.,A partir de la 37ª semana de gestación.,3
2018,75,Hematología,Fisiología y Patología Eritrocitaria,La hemoglobina fetal:,Posee 2 globinas alfa y 2 gamma.,Posee 2 globinas alfa y 2 épsilon.,Se sintetiza en el saco vitelino.,Tiene menor afinidad por O2 que la adulta.,1
2018,76,Inmunología,Inmunidad Innata y Complemento,Son células efectoras en las reacciones alérgicas:,Monocitos.,Basófilos.,Células dendríticas.,Neutrófilos.,2
2018,77,Genética,Mutaciones y Reparación del ADN,La hemoglobinuria paroxística nocturna se produce por mutaciones en el gen que codifica:,C1 inhibidor.,C2.,PIG-A (Phosphatidyl Inositol Glycan complementation group A).,MBL (Mannose-Binding Lectin).,3
2018,79,Inmunología,Inmunidad Innata y Complemento,¿Qué células del sistema inmunitario innato NO tienen origen mieloide?:,Células NK.,Mastocitos.,Neutrófilos.,Células dendríticas.,1
2018,80,Inmunología,Inmunidad Adaptativa,Los linfocitos B humanos circulantes expresan en su membrana:,IgM e IgD.,IgG e IgD.,IgG e IgM.,IgM e IgA.,1
2018,81,Inmunología,Inmunidad Adaptativa,En humanos las moléculas MHC están presentes en:,Todas las células.,Todas las células (MHC I) y solo en células presentadoras de antígeno (MHC II).,Todas las células salvo los hematíes (MHC I) y solo en células presentadoras de antígeno (MHC II).,Todas las células (MHC II) y sólo en células presentadoras de antígeno (MHC I).,3
2018,82,Inmunología,Inmunidad Adaptativa,"En ausencia de infección, las células presentadoras que presentan antígenos propios inducen:",Anergia clonal de los linfocitos T autoreactivos.,Proliferación de los linfocitos T autoreactivos.,Activación de las células presentadoras.,Activación de los linfocitos T autoreactivos.,1
2018,83,Inmunología,Inmunidad Innata y Complemento,El complemento se sintetiza fundamentalmente en:,Los linfocitos B.,Los mastocitos.,Los linfocitos T.,El hígado.,4
2018,84,Inmunología,Inmunidad Adaptativa,"Durante la respuesta inmunitaria primaria, se produce fundamentalmente:",IgM.,IgA.,IgE.,IgG.,1
2018,85,Inmunología,Inmunidad Adaptativa,Las células T vírgenes necesitan para una activación adecuada la unión TCR-péptido-MHC y una señal a través de:,CD28 por B7.1/B7.2.,LFA-1 por ICAM-1.,CD4 por MHC I.,CD8 por MHC II.,1
2018,86,Bioquímica y Biología Molecular,"Proteínas, Enzimas y Aminoácidos",El interferón beta:,Tiene actividad antiviral.,Tiene actividad citotóxica.,Induce fiebre.,Induce proteínas de fase aguda.,1
2018,87,Inmunología,Inmunidad Adaptativa,El mecanismo de evasión de la respuesta inmunitaria realizado por los virus ARN que justifica la necesidad de vacunación anual es:,La inhibición de la expresión de las moléculas MHC para evitar la presentación a los linfocitos T.,La inhibición del procesamiento antigénico por bloqueo de los transportadores TAP.,La variación antigénica.,La estimulación de la síntesis de citocinas inmunosupresoras.,3
2018,88,Inmunología,Inmunidad Adaptativa,Es un marcador común a todos los linfocitos T:,CD19.,CD8.,CD4.,CD3.,4
2018,89,Inmunología,Inmunidad Adaptativa,La hipermutación somática es un proceso que afecta a:,Receptores de las células T.,Células presentadores de antígenos.,Regiones variables de las inmunoglobulinas.,Receptores de reconocimiento de patógenos.,3
2018,90,Inmunología,Inmunidad Adaptativa,¿Cuál de los siguientes perfiles de producción de citocinas es característico de las células Th2?:,"IL-2, IFN-gamma.","IFN-alfa, IFN-beta, IFN-gamma.","IL-4, IL-5, IL-13.","IL-2, IL-10, IFN-beta.",3
2018,91,Inmunología,Inmunidad Adaptativa,¿Cómo se denomina a los antígenos que no son inmunógenos?:,Determinantes antigénicos.,Haptenos.,Epítopos.,Idiotipos.,2
2018,92,Inmunología,Inmunidad Innata y Complemento,¿Qué moléculas intervienen en la formación del complejo de ataque a membrana?:,"C5, C6, C7, C8 y C9.","Factor A, Factor B, Factor C y Properdina.","C1, C2, C4.","Factor B, C5, C1.",1
2018,93,Inmunología,Inmunidad Adaptativa,¿Cuál es el mecanismo por el que se genera la diversidad necesaria para conseguir anticuerpos de mayor afinidad?:,Exclusión alélica.,Hipermutación somática.,Recombinación somática.,Reordenamiento genético.,2
2018,94,Inmunología,Inmunidad Adaptativa,Un paciente sufre espondilitis anquilosante ¿Qué marcadores HLA será más probable que presente?:,Cw6.,DQ2 y DQ8.,B27.,DR2.,3
2018,95,Inmunología,Inmunidad Adaptativa,¿De qué molécula quimiotáctica lipídica depende la salida de los linfocitos T de los ganglios linfáticos?:,Molécula de adhesión celular portadora de glicano 1(GlyCam-1).,Molécula de adhesión celular vascular (VCAM-1).,Antígeno asociado a la función del leucocito (LFA-1).,Esfingosina 1-fostato (S1P).,4
2018,96,Inmunología,Inmunidad Adaptativa,¿Cuál es la función del TAP?:,Digestión de antígenos virales a pequeños péptidos en el proteosoma.,Transporte de péptidos antigénicos al retículo endoplásmico.,Transporte de las moléculas HLA-I al retículo endoplásmico.,Transporte de beta 2-microglobulina al retículo endoplásmico para ser combinado con moléculas HLA-I.,2
2018,97,Inmunología,Inmunidad Adaptativa,¿Cuál de las siguientes técnicas utilizaría para la cuantificación de anticuerpos?:,ELISA.,Western Blot.,Inmunohistoquímica.,Citometría de flujo.,1
2018,98,Inmunología,Inmunidad Adaptativa,La selección negativa de los linfocitos T tiene lugar en:,Vasos sanguíneos.,Médula ósea.,Timo.,Ganglio linfático.,3
2018,99,Inmunología,Inmunidad Adaptativa,El factor de transcripción nuclear Foxp3 se expresa en:,Linfocitos B.,Linfocitos Th2.,Linfocitos Treg.,Timocitos CD4+CD8+.,3
2018,100,Inmunología,Inmunidad Adaptativa,Se expresa en la superficie de los linfocitos CD4+:,CD3.,CD8.,CD19.,Receptor del linfocito B.,1
2018,101,Inmunología,Inmunidad Adaptativa,"El efecto anti-tumoral de los anticuerpos monoclonales anti-CTLA-4, anti-PD1 y anti-PD-L1 se basa en:",Inhibición de la autotolerancia de los linfocitos T.,Bloqueo del EGFR en la superficie de la célula tumoral.,Bloqueo del IL-2R.,Bloqueo de la angiogénesis en el tumor.,1
2018,102,Inmunología,Inmunidad Adaptativa,¿A qué se debe el rechazo hiperagudo del órgano trasplantado?:,Al reconocimiento de células del donante mediante los receptores KAR de los linfocitos NK.,A la existencia de linfocitos T vírgenes específicos contra el HLA del donante.,A la existencia de linfocitos T memoria específicos contra el HLA del donante.,A la existencia de anticuerpos preformados frente a las células del donante.,4
2018,103,Inmunología,Inmunidad Innata y Complemento,¿Para qué se utiliza el test de dilución de CFSE (Carboxyfluorescein Diacetate Succinimidyl Ester)?:,Estudio de la fagocitosis.,Estudio de la proliferación de los linfocitos T.,Valoración de la presencia de bandas monoclonales de IgG en líquido cefalorraquídeo.,Diagnóstico de linfoma policlonal de células T.,2
2018,104,Inmunología,Inmunidad Adaptativa,¿En qué gen esperarías encontrar una mutación en un paciente de 11 meses con infecciones graves desde el nacimiento y con ausencia de linfocitos T en sangre periférica?:,CD40L.,Btk.,IL-2R gamma.,ICOS.,3
2018,105,Inmunología,Inmunopatología,¿A qué tipo de hipersensibilidad corresponden las reacciones causadas por el depósito de inmunocomplejos?:,I.,II.,III.,IV.,3
2018,106,Estadística y Metodología,Bioestadística,Se toma una muestra aleatoria de 15 personas. Se pesan antes y al mes de iniciar cierta dieta ¿Qué test utilizaríamos para probar la hipótesis de que la dieta es efectiva?:,Wilcoxon.,Cochran.,Chi-cuadrado.,U de Mann-Whitney.,1
2018,107,Estadística y Metodología,Bioestadística,El error de tipo I es:,El error tipo beta.,La probabilidad de aceptar la hipótesis alternativa cuando es falsa.,La probabilidad de rechazar la hipótesis alternativa cuando es cierta.,La probabilidad de aceptar la hipótesis nula cuando es falsa.,2
2018,110,Estadística y Metodología,Epidemiología y Diseño de Estudios,¿Cuál es el tipo de error de muestreo que NO se reduce al aumentar el tamaño muestral?:,Aleatorio.,Sistemático.,Muestral.,Tipo II.,2
2018,111,Estadística y Metodología,Fiabilidad de Pruebas,Una prueba diagnóstica tiene una sensibilidad del 95% ¿Qué nos indica este resultado?:,El porcentaje de resultados positivos en pacientes que no padecen la enfermedad.,El porcentaje de resultados negativos en pacientes que no padecen la enfermedad.,La probabilidad de que la prueba identifique como enfermo a aquél que realmente lo está.,Que la prueba tendrá un máximo del 5% de falsos positivos.,3
2018,112,Bioquímica y Biología Molecular,"Proteínas, Enzimas y Aminoácidos",La expresión c.954T>G hace referencia a:,Una sustitución del nucleótido T en posición 954 de la secuencia codificante por una G.,Una sustitución del aminoácido T (treonina) en posición 954 de la cadena polipeptídica por un G (glicina).,Una inserción del nucleótido G a continuación del nucleótido T en posición 954 de la secuencia codificante.,Una sustitución del nucleótido T en posición 954 de la secuencia del gen por una G.,1
2018,113,Genética,Genética Mendeliana y Herencia,¿Qué fórmula cromosómica corresponde con el cariotipo de una paciente con síndrome de Turner?:,"45, X.","45, X, -X.","45, XX, -X.","45, XY, -Y.",1
2018,114,Bioquímica y Biología Molecular,Técnicas de Biología Molecular,Una reacción de PCR multiplex:,Se incorporan varios ADN genómicos para amplificarlos simultáneamente.,Se incorporan varias parejas de cebadores para amplificar loci distintos simultáneamente.,Se multiplican los ciclos.,Se incorporan varios ADN genómicos y varias parejas de cebadores para amplificarlos simultáneamente.,2
2018,116,Genética,Citogenética y Alteraciones Cromosómicas,¿Cuántas cromátidas hermanas presenta cada uno de los cromosomas de una célula humana?:,1 cromática si está en el fase G2.,2 cromátidas si está en fase G1.,1 cromátida si está en metafase meiótica.,1 cromátida si está en la fase G1.,4
2018,117,Biología Celular e Histología,"Ciclo Celular, Mitosis y Apoptosis",La intercinesis ocurre:,Justo antes de comenzar la mitosis.,Entre la meiosis I y la meiosis II.,En la fase intermedia de la anafase I.,Entre la mitosis y la meiosis.,2
2018,118,Genética,Genética Mendeliana y Herencia,Una microdeleción en el brazo largo del cromosoma 7 causa el síndrome de:,Williams.,Angelman.,Smith-Magenis.,Bloom.,1
2018,119,Genética,Citogenética y Alteraciones Cromosómicas,Cerca del telómero del brazo corto del cromosoma 3 se sitúa la región:,1p3.,3p12.,3p26.,5q3.,3
2018,121,Genética,Citogenética y Alteraciones Cromosómicas,¿Cuál de los siguientes cromosomas NO encontramos en el cariotipo humano normal?:,Metacéntricos.,Submetacéntricos.,Acrocéntricos.,Telocéntricos.,4
2018,123,Bioquímica y Biología Molecular,Procesos Moleculares,El ARN mensajero maduro se forma tras:,La eliminación de exones y empalme de intrones en el núcleo.,La eliminación de exones y empalme de intrones en el citoplasma.,La eliminación de intrones y empalme de exones.,El procesado y maduración del pre-ARN mensajero en el citoplasma.,3
2018,124,Bioquímica y Biología Molecular,Procesos Moleculares,En eucariotas los fragmentos de Okazaki presenta un número medio de nucleótidos entre:,10 y 20.,100 y 200.,1.000 y 2.000.,10.000 y 20.000.,2
2018,125,Genética,Mutaciones y Reparación del ADN,Mutaciones en genes supresores de tumores y protooncogenes aparecen:,Tanto en línea germinal como en línea somática.,Sólo en línea somática.,Sólo en línea germinal.,Solo en células del sistema inmune.,1
2018,126,Genética,Genética Mendeliana y Herencia,¿Qué genes son hemicigóticos en humanos?:,Todos los genes en cromosomas autosómicos.,Genes ligados al cromosoma X en mujeres.,Genes ligados al cromosoma X en hombres.,Todos los genes en cromosomas sexuales.,3
2018,127,Genética,Genética Mendeliana y Herencia,El mosaicismo consiste en la presencia de dos o más:,Poblaciones de células con distinto genotipo en un mismo individuo.,Mutaciones en un mismo gen de todas las células de un individuo.,Genes mutados en todas las células de un mismo individuo.,Cromosomas con alteraciones estructurales en todas las células de un mismo individuo.,1
2018,128,Genética,Genética Mendeliana y Herencia,¿Cuántos fenotipos distintos se esperan en la descendencia obtenida a partir del cruzamiento entre dos individuos heterocigóticos para dos loci entre los que existe una epistasia simple recesiva?:,1.,2.,3.,4.,3
2018,129,Genética,Genética Mendeliana y Herencia,La enfermedad de Tay-Sachs es una enfermedad de herencia:,Autosómica recesiva.,Autosómica dominante.,Recesiva ligada al cromosoma X.,Mitocondrial.,1
2018,130,Genética,Genética Mendeliana y Herencia,"El porcentaje de individuos de un genotipo particular que expresan el fenotipo asociado, se denomina:",Expresividad.,Penetrancia.,Incidencia.,Dominancia completa.,2
2018,131,Fisiología y Anatomía,Sistema Nervioso y Sentidos,"En el cruzamiento entre una mujer con visión normal para los colores, pero cuya madre era daltónica, y un varón que tiene daltonismo ¿Cuál es la probabilidad de que el primer hijo, que es varón, sea daltónico?:",1.,0.,½.,¼.,3
2018,132,Genética,Genética Mendeliana y Herencia,"El fenómeno en que el sexo del progenitor que transmite el alelo determina su expresión, se denomina:",Herencia influenciada por el sexo.,Herencia ligada al sexo.,Pseudodominancia.,Impronta.,4
2018,133,Genética,Citogenética y Alteraciones Cromosómicas,"En humanos, son compatibles con la vida las aneuploidias para los cromosomas:",21.,21 y 14.,"21, 13 y 18.",21 y 18.,3
2018,134,Genética,Genética de Poblaciones y Evolución,"En una población en equilibrio de Hardy- Weinberg para cierto locus, los apareamientos entre individuos se producen:",Siempre entre los que tienen el mismo genotipo.,En función de la eficacia biológica.,Siempre entre los que tiene distinto genotipo.,Al azar.,4
2018,135,Genética,Genética Mendeliana y Herencia,"Para un carácter cuantitativo, un valor alto de heredabilidad en sentido amplio (H2>0,85) indica que:",La variación fenotípica del carácter es debida principalmente a diferencias genotípicas entre individuos.,La variación fenotípica del carácter es debida principalmente a diferencias ambientales.,Tanto el genotipo como el ambiente influyen a partes iguales en la variación fenotípica.,"Hay un error en la estimación, ya que la heredabilidad tiene un valor máximo de 0,5.",1
2018,136,Bioquímica y Biología Molecular,Procesos Moleculares,El gen pax6 tiene una secuencia que codifica un homeodominio y su producto es:,Un factor de transcripción.,Un factor de iniciación de la traducción.,Un factor de terminación de la traducción.,"Un RNA de cadena larga, no codificante.",1
2018,137,Genética,Citogenética y Alteraciones Cromosómicas,¿Qué término se utiliza para un cromosoma en el que un brazo es delecionado y sustituido por la imagen especular del otro brazo?:,Translocación Robertsoniana.,Cromosoma Philadelphia.,Translocación recíproca.,Isocromosoma.,4
2018,138,Genética,Mutaciones y Reparación del ADN,¿Con qué tipo de defecto del sistema de reparación del DNA se asocia el trastorno xeroderma pigmentosum?:,Reparación de bases desapareadas.,Reparación por escisión de nucleótidos.,Reparación por escisión de bases.,Recombinación homóloga.,2
2018,139,Fisiología y Anatomía,Endocrino y Reproductor,¿Cuál de las siguientes afirmaciones es verdadera?:,"A lo largo de todo el desarrollo embrionario, en las células se inactiva indistintamente el cromosoma X paterno o materno.",La impronta génica materna de un locus significa que sólo las mujeres tendrán ese locus reprimido.,El patrón de metilación de una región improntada es diferente en el cromosoma paterno que en el materno.,La transcripción del gen XIST ocurre en el cromosoma X que no será inactivado.,3
2018,140,Bioquímica y Biología Molecular,Procesos Moleculares,¿Qué técnica utilizaría para conocer la secuencia de una región del DNA a la que se une un factor de transcripción?:,RNA-seq.,CHIP-seq.,Secuenciación masiva del genoma.,Secuenciación masiva del exoma.,2
2018,141,Bioquímica y Biología Molecular,Procesos Moleculares,La DNA polimerasa alfa:,Tiene una subunidad catalítica con actividad RNA polimerasa 5’-3’.,Tiene actividad exonucleasa 3’-5’.,Tiene alta procesividad.,"En ausencia de cebador, no puede polimerizar una cadena de nucleótidos.",1
2018,142,Bioquímica y Biología Molecular,Metabolismo Energético,Los carbonos anoméricos están en:,Aminoácidos.,Bases aromáticas de los nucleótidos.,Monosacáridos.,Ácidos grasos.,3
2018,143,Bioquímica y Biología Molecular,Metabolismo Energético,La fructosa es una:,Aldopentosa.,Aldohexosa.,Cetopentosa.,Cetohexosa.,4
2018,144,Bioquímica y Biología Molecular,Metabolismo Energético,¿Cuál de los siguientes azúcares es un disacárido?:,Glucosa.,Fructosa.,Sacarosa.,Amilosa.,3
2018,145,Bioquímica y Biología Molecular,Metabolismo Energético,Contiene(n) una única cadena de ácido graso en su estructura:,Triglicéridos.,Fosfoglicéridos.,Esfingolípidos.,Colesterol.,3
2018,146,Bioquímica y Biología Molecular,Metabolismo Energético,Es un ácido graso saturado:,Linolénico.,Esteárico.,Linoleico.,Oleico.,2
2018,147,Bioquímica y Biología Molecular,Metabolismo Energético,¿Qué vitamina es un tocoferol?:,A.,D.,E.,K.,3
2018,148,Bioquímica y Biología Molecular,"Proteínas, Enzimas y Aminoácidos",¿Cuántas zonas con poder tamponante presenta la glicina:,Una.,Dos.,Tres.,Cuatro.,2
2018,149,Bioquímica y Biología Molecular,"Proteínas, Enzimas y Aminoácidos",Los experimentos que demostraron que la secuencia de aminoácidos determina la estructura terciaria de las proteínas fueron los de:,Meselson y Stahl.,"Avery, MacLeod y McCarty.",Mitchell.,Anfinsen.,4
2018,150,Bioquímica y Biología Molecular,"Proteínas, Enzimas y Aminoácidos",La proteína más afectada en el escorbuto es:,Colágeno.,Queratina.,Albúmina.,Miosina.,1
2018,151,Bioquímica y Biología Molecular,"Proteínas, Enzimas y Aminoácidos",Informa sobre la afinidad de una enzima por su sustrato:,"Velocidad máxima, Vmax.","Número de recambio, Kcat.","Constante de Michaelis, Km.","Actividad Específica, A.E.",3
2018,152,Bioquímica y Biología Molecular,"Proteínas, Enzimas y Aminoácidos",La modificación covalente reversible más frecuente en la regulación enzimática es:,Metilación.,Acetilación.,Fosforilación.,Ubiquitinación.,3
2018,153,Bioquímica y Biología Molecular,Metabolismo Energético,Inhibe la glucólisis y activa la gluconeogénesis:,NAD.,Citrato.,Piruvato.,Glucosa-6-fosfato.,2
2018,154,Bioquímica y Biología Molecular,"Proteínas, Enzimas y Aminoácidos",La glucosa-6-fosfato deshidrogenasa:,Es una enzima de la glicólisis.,Fosforila la glucosa antes de entrar en la glicólisis.,Proporciona poder reductor en forma de NA- DPH.,Favorece la entrada de lactato al ciclo del ácido cítrico.,3
2018,155,Bioquímica y Biología Molecular,Metabolismo Energético,El glucógeno:,Se almacena principalmente en cerebro.,Presenta una estructura compuesta por amilosa y amilopectina poco ramificada.,Se almacena en vesículas asociadas a la membrana celular.,Se almacena en el hígado.,4
2018,156,Fisiología y Anatomía,Renal y Digestivo,Los cuerpos cetónicos son fuente de energía:,"En cerebro, durante un ayuno prolongado.",En los eritrocitos.,En todos los órganos menos en el riñón.,Solamente durante la normoglucemia.,1
2018,157,Bioquímica y Biología Molecular,"Proteínas, Enzimas y Aminoácidos",Presenta enlaces glucosídicos tipo alfa (1→4):,Celulosa.,Almidón.,Quitina.,Peptidoglucano.,2
2018,158,Genética,Mutaciones y Reparación del ADN,La osteogénesis imperfecta se origina mayoritariamente por mutaciones en los genes de las cadenas de:,Colágeno.,Elastina.,Queratina.,Fibrilina.,1
2018,159,Biología Celular e Histología,Histología Humana,Los plasmalógenos son:,Precursores inactivos de las proteínas plasmáticas.,Derivados vinil éter de los glicerofosfolípidos.,Un tipo de esfigonlípidos abundantes en el tejido nervioso.,Un tipo de esfingolípidos abundantes en el plasma sanguíneo.,2
2018,160,Bioquímica y Biología Molecular,Metabolismo Energético,¿Cuál de los siguientes fosfolípidos NO deriva del glicerol?:,Fosfatidilcolina.,Fosfatidilinositol.,Esfingomielina.,Cardiolipina.,3
2018,161,Fisiología y Anatomía,Endocrino y Reproductor,Pertenece a la familia de receptores de siete hélices transmembrana acoplados a proteína G:,El beta adrenérgico.,El de insulina.,El factor de crecimiento epidérmico.,El de estrógenos.,1
2018,162,Fisiología y Anatomía,Endocrino y Reproductor,El glucagón:,Se une a receptores de membrana ionotrópicos.,Inhibe la adenilato ciclasa hepática.,Activa la glucogenolisis hepática.,Disminuye la glucemia.,3
2018,163,Bioquímica y Biología Molecular,Metabolismo Energético,El argininsuccinato es un intermediario del ciclo de:,Krebs.,La urea.,Cori.,Glioxilato.,2
2018,165,Bioquímica y Biología Molecular,Metabolismo Energético,"Los ácidos grasos de cadena larga, una vez activados, son transportados al interior de la mitocondria unidos a:",Carnitina.,Carnosina.,Albúmina.,Tiamina.,1
2018,166,Fisiología y Anatomía,Cardiovascular y Respiratorio,El componente lipídico mayoritario del surfactante pulmonar es:,Fosfatidilglicerol.,Cardiolipina.,Dipalmitoil fosfatidilcolina.,Escualeno.,3
2018,167,Bioquímica y Biología Molecular,Procesos Moleculares,Es una base nitrogenada de tipo púrico:,Citosina.,Timina.,Adenina.,Uracilo.,3
2018,168,Bioquímica y Biología Molecular,Procesos Moleculares,La forma más estable del DNA es:,Forma A.,Forma B.,Forma Z.,DNA triplex.,2
2018,169,Bioquímica y Biología Molecular,Procesos Moleculares,Los promotores:,Son secuencias que regulan el fin de la transcripción en el ribosoma.,Son secuencia que regulan el inicio de la síntesis de DNA.,Son secuencias que dirigen la transcripción de un gen.,Son un grupo de proteínas activadores de la transcripción que regulan la expresión de genes.,3
2018,170,Bioquímica y Biología Molecular,"Proteínas, Enzimas y Aminoácidos",¿Cuál de las siguientes enzimas participa en la activación de los aminoácidos?:,Peptidasa señal.,Aminoacil tRNA sintetasa.,ARN polimerasa.,Ribozima.,2
2018,172,Bioquímica y Biología Molecular,"Proteínas, Enzimas y Aminoácidos","En el operón lac, la proteína represora del catabolismo CRP/CAP:","Es una proteína de unión a DNA que, al unir cAMP, activa la transcripción del operón.",Es una proteína de unión a DNA que activa la transcripción cuando se una a alolactosa.,Se une a la región operadora del operón y reprime su transcripción.,Es un inhibidor alostérico de la betagalactosidasa.,1
2018,173,Bioquímica y Biología Molecular,"Proteínas, Enzimas y Aminoácidos",Los microRNAs:,Son RNAs pequeños que tras ser transcritos han de ser procesados tanto en el núcleo como en el citoplasma.,Se denominan también snRNAs.,"Son RNAs pequeños que ejecutan su acción directamente, sin la participación de proteínas.",Actúan generalmente a nivel de la transcripción de los genes a los que regulan.,1
2018,174,Bioquímica y Biología Molecular,Procesos Moleculares,En el modelo de la doble hélice de DNA propuesto por Watson y Crick:,Las dos hebras del DNA tienen distinto contenido en G+C.,La estructura depende de la secuencia de nucleótidos.,La distancia entre los C1’ en los pares de nucleótidos es constante.,Las dos hebras del DNA tienen la secuencia inversa.,3
2018,176,Bioquímica y Biología Molecular,Procesos Moleculares,En la reacción en cadena de la polimerasa (PCR):,Se requieren cebadores de RNA.,Los cebadores son prolongados desde su extremo 3’.,Se requieren didesoxinucleótidos (ddNTPs).,Se requiere la acción de una helicasa.,2
2018,177,Microbiología y Parasitología,Bacteriología,Las cianobacterias:,Tienen cloroplastos.,Realizan fotosíntesis anoxigénica.,Se conocen también como bacterias rojas.,Su sistema fotosintético contiene clorofila a.,4
2018,178,Microbiología y Parasitología,Bacteriología,En la tinción de Ziehl-Niessen o ácido alcohol resistente:,El colorante primario o fundamental es el cristal violeta.,Hay que aplicar calor para permitir la entrada del colorante fundamental.,El agente diferencial es el óxido nítrico.,Las bacterias gram negativas resisten a la decoloración.,2
2018,179,Inmunología,Inmunidad Adaptativa,Las biopelículas microbianas:,Siempre están formadas por bacterias de una sola especie.,Protegen a las bacterias que la forman del ataque del sistema inmunitario.,Tienen como componente mayoritario las proteínas extracelulares.,No se pueden observar al microscopio sin destruir su estructura tridimensional.,2
2018,180,Microbiología y Parasitología,Antimicrobianos y Resistencias,¿Cuál de estos mecanismos NO está implicado en la resistencia bacteriana a los antibióticos?:,Alteración de su diana.,Inactivación enzimática.,Secuestro intracelular.,Bombeo extracelular.,3
2018,181,Microbiología y Parasitología,Bacteriología,La prueba de la reducción de los nitratos a nitritos se utiliza para la identificación de bacterias entéricas y se trata de un proceso de generación de energía mediante:,Fermentación.,Quimiolitotrofía.,Respiración aeróbica.,Respiración anaeróbica.,4
2018,182,Microbiología y Parasitología,Bacteriología,Se determina si una especie bacteriana realiza la fermentación ácido-mixta mediante:,La prueba del citrato.,Los reactivos de Voges-Proskauer.,El indicador de pH rojo de metilo.,La prueba de producción de indol.,3
2018,183,Fisiología y Anatomía,Endocrino y Reproductor,Contribuye al bloqueo de la poliespermia:,Reacción de zona del ovocito.,Adhesión del espermatozoide a las proteínas ZP.,Capacitación del espermatozoide.,Reducción del calcio libre intracelular en el ovocito.,1
2018,184,Microbiología y Parasitología,Bacteriología,El chancroide o chancro blando es una enfermedad de transmisión sexual causada por:,Treponema pallidum.,Haemophilus ducreyi.,Chlamydia trachomatis.,Neisseria gonorrhoeae.,2
2018,185,Microbiología y Parasitología,Bacteriología,Los procesos generadores de energía en los microorganismos quimioorganotrofos son:,"Respiración aeróbica, anaeróbica y quimiolitotrófica.","Fermentación, respiración aeróbica y anaeróbica.",Respiración quimiolitotrófica y fotosintética.,Respiración aeróbica y fermentación.,2
2018,187,Microbiología y Parasitología,Bacteriología,"Entre las infecciones causadas por Campylobacter jejuni, un bacilo gram negativo, se encuentran:",Otitis.,Fiebres tifoideas.,Tifus.,Gastroenteritis.,4
2018,188,Microbiología y Parasitología,Bacteriología,Las colonias de Staphylococcus aureus crecen en el medio de cultivo agar Baird Parker como colonias:,Negras rodeadas de un halo transparente.,Rodeadas de un halo de precipitado sobre fondo rojo.,De color rosa blanquecino.,De color verde-brillante.,1
2018,189,Microbiología y Parasitología,Bacteriología,¿Cuál es la función de bactoprenol?:,Transportar los precursores del peptidoglicano a través de la membrana plasmática.,Impedir que a los antibióticos betalactámicos degraden la pared bacteriana en microorganismos resistentes.,Sintetizar el ácido N-acetilmurámico.,Catalizar la formación de enlaces en el tetrapéptido del glicano durante la síntesis del peptidoglicano.,1
2018,190,Microbiología y Parasitología,Bacteriología,¿Cuál es el medio de cultivo recomendado para la realización de un antibiograma?:,TSA (agar de soja tríptico).,Kirby-Bauer.,Mueller-Hinton.,BHI (agar cerebro corazón).,3
2018,191,Microbiología y Parasitología,Bacteriología,El complejo calcio-ácido dipicolínico:,Sirve para el almacenamiento de carbono en la célula en forma de inclusión.,"Es característico de la endospora bacteriana, favoreciendo la deshidratación.",Es uno de los componentes fundamentales de la pared de mixobacterias.,Es fundamental para la formación de prostecas.,2
2018,192,Microbiología y Parasitología,Bacteriología,"El lípido A, endotoxina responsable de algunos de los síntomas gastrointestinales provocados por microorganismos patógenos, es típico de:",Bacterias gram positivas.,Bacterias gram negativas.,Arqueas.,Micoplasmas.,2
2018,193,Microbiología y Parasitología,Antimicrobianos y Resistencias,Es un betalactámico:,Amoxicilina.,Cloranfenicol.,Actinomicina.,Trimetoprim.,1
2018,194,Microbiología y Parasitología,Bacteriología,Puede formar esporas:,Pseudomonas aeruginosa.,Staphylococcus aureus.,Bacillus anthracis.,Legionella pneumophila.,3
2018,195,Microbiología y Parasitología,Bacteriología,Suele causar patologías cutáneas:,Neisseria meningitidis.,Salmonella entérica.,Streptococcus pyogenes.,Bifidobacterium bifidum.,3
2018,196,Microbiología y Parasitología,Bacteriología,Puede causar meningitis en niños:,Neisseria gonorrhoeae.,Haemophilus influenzae.,Helicobacter pylori.,Candida albicans.,2
2018,197,Microbiología y Parasitología,Micología,¿Qué enfermedad NO produce un patógeno fúngico?:,Criptococosis.,Blastomicosis.,Candidiasis.,Tripanosomiasis.,4
2018,198,Microbiología y Parasitología,Micología,Una micorriza es:,Una simbiosis entre un hongo y la raíz de una planta.,Un hongo patogénico en humanos que afecta principalmente a las raíces de las uñas.,Una levadura usada en la elaboración de ciertos panes.,Un grupo de hongos responsables de la degradación de la madera.,1
2018,199,Fisiología y Anatomía,Renal y Digestivo,¿A qué órgano afecta la aspergilosis?:,Pulmón.,Hígado.,Riñón.,Piel.,1
2018,200,Microbiología y Parasitología,Micología,Puede causar patología grave en pacientes inmunodeprimidos:,Saccharomyces cerevisiae.,Rhizopus nigricans.,Asthrospira platensis.,Aspergillus fumigatus.,4
2018,201,Microbiología y Parasitología,Micología,Se suele encontrar en la pared celular de los hongos:,Peptidoglucano.,Quitina.,Almidón.,Cutina.,2
2018,202,Microbiología y Parasitología,Virología,Virus que se replica en el citoplasma celular:,Viruela.,Gripe.,Herpes simple de tipo 1.,Adenovirus.,1
2018,204,Microbiología y Parasitología,Virología,Virus que produce(n) ictericia al infectar humanos:,El de las paperas.,Los rotavirus.,El de la hepatitis A.,Los coronavirus.,3
2018,205,Microbiología y Parasitología,Virología,Virus que expresa una retrotranscriptasa para replicarse:,El de la hepatitis B.,El de la viruela.,El del dengue.,El herpes simple de tipo 1.,1
2018,206,Microbiología y Parasitología,Virología,Los determinantes antigénicos que establecen la nomenclatura de los virus de la gripe de tipo A pertenecen a:,La proteína de fusión F.,Las proteínas hemaglutinina y neuraminidasa.,La proteína G.,La nucleoproteína NP y la proteína de la matriz M1.,2
2018,207,Inmunología,Inmunidad Adaptativa,La vacuna triple vírica del calendario vacunal infantil español protege frente a:,"Rotavirus, adenovirus y coronavirus.","Virus de las paperas, la rubeola y el sarampión.","Virus de la hepatitis A, la hepatitis B y el sarampión.","Virus de la gripe, respiratorio sincitial y adenovirus.",2
2018,208,Bioquímica y Biología Molecular,Metabolismo Energético,¿Cuál de los siguientes compuestos NO pertenece a la familia de los eicosanoides?:,Esteroides.,Tromboxanos.,Prostaglandinas.,Leucotrienos.,1
2018,210,Microbiología y Parasitología,Virología,Molécula central de la clasificación de Baltimore en la que convergen los distintos tipo de virus:,ADN de doble cadena.,ADN de cadena simple.,ARN de doble cadena.,ARN mensajero.,4
2018,212,Microbiología y Parasitología,Virología,Virus que nunca requiere(n) de ningún elemento de la maquinaria nuclear para replicarse:,El de la gripe de tipo B.,El de Epstein-Barr.,El bacteriófago T4.,Los picornavirus.,3
2018,213,Microbiología y Parasitología,Virología,¿Qué virus de los siguientes se sospecha primero en caso de gastroenteritis?:,El parvovirus.,El de la hepatitis B.,El norovirus.,El de la varicela.,3
2018,215,Bioquímica y Biología Molecular,Procesos Moleculares,Característica común a los poliomavirus:,Son de ARN.,Pueden producir tumores.,Causan encefalitis.,Pueden producir fiebres hemorrágicas.,2
2018,216,Microbiología y Parasitología,Virología,¿Cuál de los siguientes virus codifica una poliproteína que requiere un procesamiento proteolítico para generar sus proteínas?:,El de la gripe.,El de la polio.,El respiratorio sincitial.,El de la rabia.,2
2018,217,Fisiología y Anatomía,Renal y Digestivo,Los picos de fiebre a intervalos sincronizados de la malaria son por:,Ruptura de los eritrocitos del hospedador y liberación de merozoitos.,Ruptura del esquizonte hepático y liberación de toxinas.,Liberación de la hemozoina.,Reactivación de los hipnozoitos.,1
2018,218,Microbiología y Parasitología,Parasitología,La triquinosis se produce por un:,Nematodo.,Cestodo.,Protozoo.,Trematodo.,1
2018,219,Microbiología y Parasitología,Parasitología,¿Cómo se conoce también la tripanosomiasis americana?:,Enfermedad del sueño.,Paludismo.,Kala-azar.,Enfermedad de Chagas.,4
2018,220,Microbiología y Parasitología,Parasitología,¿Qué enfermedad produce el Plasmodium vivax?:,Leishmaniosis.,Malaria.,Toxoplasmosis.,Tricomoniasis.,2
2018,221,Microbiología y Parasitología,Parasitología,En el ciclo asexual de Plasmodium falciparum ¿qué dos fases se pueden diferenciar?:,Hemática y hepática.,Hemática y renal.,Intestinal y cerebral.,Renal y cerebral.,1
2018,222,Bioquímica y Biología Molecular,Bioquímica Clínica,Para el análisis cualitativo de azúcares reductores se emplea la reacción de:,Fehling.,Edman.,Lowry.,Biuret.,1
2018,223,Biología Celular e Histología,"Orgánulos, Citoesqueleto y Matriz",El filamento del flagelo procariota está formado por:,Axonema (9 pares de microtúbulos y un par central).,La unión de varias copias de pilina.,Subunidades de actina.,Muchas copias de flagelina.,4
2018,224,Hematología,Serie Blanca y Neoplasias,Está asociado a la aparición de linfomas:,Adenovirus.,Virus de la hepatitis C.,Papilomavirus 16.,Virus de Epstein-Barr.,4
2018,225,Bioquímica y Biología Molecular,"Proteínas, Enzimas y Aminoácidos",¿Cuál de las siguientes enzimas de restricción producirá extremos cohesivos 3’ salientes (“/” indica el sitio de corte)?:,BspDI (AT/CGAT).,BamHI (G/GATCC).,EcoRV (GAT/ATC).,ApaI (GGGCC/C).,4
2018,226,Microbiología y Parasitología,Parasitología,Los caracoles son hospedadores de:,Echinococcus.,Anisakidae.,Taenia.,Schistosoma.,4
2018,227,Genética,Genética Mendeliana y Herencia,¿Cuál de las siguientes enfermedades NO tiene una herencia ligada al cromosoma X?:,Distrofia muscular de Duchenne.,Hemofilia.,Síndrome de Rett.,Síndrome de Marfan.,4
2018,228,Biología Celular e Histología,Membrana y Tráfico,Las gotas lipídicas:,Se forman a partir del complejo de Golgi.,Se liberan por exocitosis.,Son osmóticamente activas.,Están delimitadas por una monocapa de fosfolípidos y proteínas.,4
2018,229,Fisiología y Anatomía,Cardiovascular y Respiratorio,En una arteriola sistémica hay vasoconstricción por:,Óxido nítrico.,Hipercapnia.,Angiotensina II.,Histamina.,3
2018,230,Fisiología y Anatomía,Sistema Nervioso y Sentidos,Los receptores de glicina:,Tienen 7 segmentos transmembrana.,Se expresan en neuronas de médula espinal.,Permean K+.,"Al potencial de membrana en reposo, están bloqueados por Mg2+.",2
2018,231,Bioquímica y Biología Molecular,"Proteínas, Enzimas y Aminoácidos",Las proteínas denominadas forminas generan:,Microtúbulos.,Filamentos de actina.,Filamentos de queratina.,Haces de fibronectina.,2
2018,232,Fisiología y Anatomía,Cardiovascular y Respiratorio,La presión transpulmonar es cero en:,Inspiración en reposo.,Espiración en reposo.,Neumotórax.,Final de un ciclo respiratorio.,3
2018,233,Estadística y Metodología,Bioestadística,Los potenciales de acción:,Pueden sumarse en el espacio y en el tiempo.,Se propagan con decremento.,Incrementan su amplitud con la intensidad del estímulo.,Están mediados por canales sensibles a voltaje.,4
2018,234,Fisiología y Anatomía,Endocrino y Reproductor,El término “adenómero” designa:,Agregado de células endocrinas.,Porción secretora de una glándula multicelular exocrina.,Conjunto de células epiteliales que rodean una cavidad cerrada.,La subdivisión más pequeña del parénquima de un órgano.,2
2018,235,Fisiología y Anatomía,Sistema Nervioso y Sentidos,"En el sistema nervioso central, la mielinización:",Es muy marcada en la sustancia gris.,Se efectúa por astrocitos.,Se efectúa por microglia.,De varios axones se puede efectuar por una misma célula.,4
2020,1,Fisiología y Anatomía,Sistema Nervioso y Sentidos,La velocidad de conducción de un potencial de acción será mayor:,Cuanto mayor sea el diámetro del axón.,En los axones sin mielina.,Cuanto mayor sea la longitud del axón.,Cuanto menor sea el diámetro del axón.,3
2020,2,Fisiología y Anatomía,Sistema Nervioso y Sentidos,Las sinapsis eléctricas se caracterizan por:,Mostrar un retraso sináptico mayor que en las sinapsis químicas.,Utilizar un neurotransmisor para transmitir la información.,Utilizar canales para transmitir la información.,Transmitir la información de manera unidireccional.,4
2020,3,Fisiología y Anatomía,Sistema Nervioso y Sentidos,Los sistemas sensoriales codifican la intensidad de los estímulos en función de:,El tamaño de los potenciales de acción.,La frecuencia de los potenciales de acción.,La velocidad de transmisión del potencial de acción.,La duración del potencial de acción.,3
2020,4,Fisiología y Anatomía,Sistema Nervioso y Sentidos,"En las neuronas receptoras del olfato, las proteínas receptoras de odorantes se localizan en:",El soma neuronal.,Los cilios.,El axón.,La terminal sináptica.,1
2020,5,Fisiología y Anatomía,Sistema Nervioso y Sentidos,Se llama unidad motora:,Al conjunto de una motoneurona alfa y todas las células musculares que inerva.,A un nervio y todos los músculos que inerva.,Al conjunto de músculos que mueven una articulación.,Al conjunto de husos musculares que contiene un músculo.,1
2020,6,Fisiología y Anatomía,Endocrino y Reproductor,Si el mecanismo de acción de una hormona se produce a través de la activación de la fosfolipasa C:,El segundo mensajero implicado es el AMPc.,Se activa primero un receptor intracelular.,Se activa la adenilato ciclasa.,Se induce liberación de Ca2+ de los depósitos intracelulares.,1
2020,7,Fisiología y Anatomía,Endocrino y Reproductor,¿Cuál de las siguientes hormonas se sintetiza en la hipófisis?:,Prolactina.,Hormona antidiurética.,Oxitocina.,Hormona liberadora de tirotropina.,3
2020,8,Bioquímica y Biología Molecular,"Proteínas, Enzimas y Aminoácidos",La hormona del crecimiento:,Estimula la síntesis de proteínas.,Es un péptido de 10 aminoácidos.,Los productos de su degradación se llaman somatomedinas.,Es hipoglucemiante.,1
2020,9,Fisiología y Anatomía,Endocrino y Reproductor,¿Cuál de los siguientes factores disminuye la secreción de insulina?:,Glucagón.,Sulfonilureas.,Somatostatina.,Obesidad.,4
2020,10,Fisiología y Anatomía,Endocrino y Reproductor,La secreción de hormonas tiroideas:,Está controlada por el eje hipotálamohipofisario-adrenal.,Se inhibe por la hormona estimulante del tiroides.,Se inhibe por las hormonas tiroideas.,No depende del control por retroalimentación.,4
2020,11,Fisiología y Anatomía,Cardiovascular y Respiratorio,Durante la fase de despolarización del potencial de acción cardiaco ventricular se abren los canales de:,Ca2+.,Na+.,Na+ y K+.,K+.,4
2020,12,Fisiología y Anatomía,Cardiovascular y Respiratorio,¿Qué le ocurre a la presión intraventricular izquierda durante la fase de contracción isovolumétrica?:,Aumenta.,No varía.,Disminuye.,Baja y después sube.,1
2020,13,Fisiología y Anatomía,Cardiovascular y Respiratorio,La diferencia entre el volumen telediastólico y el volumen telesistólico se denomina:,Volumen diastólico.,Volumen sistólico.,Volumen auricular.,Volumen residual.,3
2020,14,Fisiología y Anatomía,Cardiovascular y Respiratorio,El flujo sanguíneo en la arteria coronaria izquierda es más alto:,Al inicio de la sístole.,Al inicio de la diástole.,Al final de la sístole.,Al final de la diástole.,4
2020,15,Fisiología y Anatomía,Cardiovascular y Respiratorio,¿Qué modificaciones vasculares se esperarían cuando un sujeto se levanta desde una posición de decúbito supino?:,Aumento de la presión arterial media.,Hipotensión ortostática.,Síncope vasovagal.,Descenso de la presión venosa en las piernas.,1
2020,16,Fisiología y Anatomía,Endocrino y Reproductor,Las células de Leydig:,Sintetizan testosterona a partir de colesterol.,Establecen la barrera hemato-testicular.,Sintetizan estradiol a partir de testosterona.,Son la diana principal de la FSH.,1
2020,17,Fisiología y Anatomía,Endocrino y Reproductor,La progesterona estimula:,Proliferación endometrial.,Contracción del miometrio.,Secreción de las glándulas endometriales.,Secreción de LH.,3
2020,18,Estadística y Metodología,Bioestadística,Reduce la probabilidad de poliespermia la:,Reacción acrosómica.,Exocitosis de los gránulos corticales del óvulo.,Adhesión del espermatozoide a la zona pelúcida.,Reducción del Ca2+ intracelular en el óvulo.,4
2020,19,Hematología,Hemostasia y Coagulación,La trombina:,Inhibe la activación plaquetaria.,Convierte fibrinógeno en fibrina.,Inhibe la activación de protrombina.,Inhibe la activación de la proteína C.,3
2020,20,Hematología,Fisiología y Patología Eritrocitaria,El valor del hematocrito:,Disminuye por efecto de la eritropoyetina.,Aumenta en la mujer embarazada.,Indica la concentración de leucocitos en sangre.,Aumenta durante la aclimatación a la altura.,2
2020,21,Biología Celular e Histología,Histología Humana,Del sistema nervioso entérico podemos afirmar que:,La estimulación parasimpática disminuye su actividad.,El plexo mientérico controla las secreciones del tubo digestivo.,El plexo mientérico se encuentra entre las capas musculares lisas longitudinal y circular.,El plexo submucoso controla los movimientos gastrointestinales.,2
2020,22,Bioquímica y Biología Molecular,"Proteínas, Enzimas y Aminoácidos","Sobre la secretina, es correcto que:",El estímulo para su liberación es la presencia de ácidos grasos y algunos aminoácidos en el intestino delgado.,Estimula la evacuación gástrica y secreción de ácido.,Estimula la secreción de enzimas pancreáticas y la contracción de la vesícula biliar.,Estimula la secreción de bicarbonato y fluidos por los conductos pancreáticos.,2
2020,23,Bioquímica y Biología Molecular,"Proteínas, Enzimas y Aminoácidos","Respecto a la secreción biliar, es correcto que:",Se produce en la vesícula biliar y se almacena en el hígado.,"Los pigmentos biliares, principalmente la bilirrubina, son responsables de la emulsión de grasas.",Se concentra en la vesícula biliar por reabsorción de agua e iones.,Las sales biliares son indispensables para la digestión enzimática y absorción de proteínas.,1
2020,24,Fisiología y Anatomía,Renal y Digestivo,"Para la absorción de grasas, el enterocito reesterifica los componentes lipídicos y los ensambla en:",Triglicéridos.,Quilomicrones.,HDL.,LDL.,2
2020,25,Fisiología y Anatomía,Renal y Digestivo,Sobre la ultrafiltración de una sustancia en el glomérulo renal es cierto que:,Es independiente de su carga eléctrica.,Es independiente de su masa molecular.,Depende de su masa molecular y de su carga eléctrica.,Depende de la circulación en la vasa recta.,2
2020,26,Bioquímica y Biología Molecular,Bioquímica Clínica,El valor del aclaramiento de creatinina es un índice adecuado para estimar la tasa de:,Secreción tubular.,Filtración glomerular.,Reabsorción en túbulo proximal.,Reabsorción en el tubo colector.,3
2020,27,Fisiología y Anatomía,Renal y Digestivo,"Sobre la glucosa a nivel renal, es correcto que:",Se reabsorbe exclusivamente en el túbulo distal.,El glomérulo establece el límite de filtración dependiendo de la tensión arterial.,Tiene un límite de reabsorción definido por el concepto denominado transporte tubular máximo.,Se filtra dependiendo de la concentración plasmática de insulina.,2
2020,28,Fisiología y Anatomía,Renal y Digestivo,Sobre los fenómenos de reabsorción que ocurren en el asa de Henle es correcto que:,Los vasa recta son los responsables del mecanismo de concentración de la orina.,Se produce reabsorción de Na+ en la rama ascendente y agua en la descendente.,Se produce reabsorción de Na+ en la rama descendente y agua en la ascendente.,Se produce el 90% de la reabsorción renal de K+.,3
2020,29,Fisiología y Anatomía,Cardiovascular y Respiratorio,"Fisiológicamente, ¿cuándo aparecen valores subatmosféricos en la presión intraalveolar?:",Durante la inspiración.,Durante la espiración.,Durante una apnea.,Siempre.,2
2020,30,Fisiología y Anatomía,Cardiovascular y Respiratorio,¿Cómo se denomina al volumen de aire que queda en los pulmones tras un esfuerzo espiratorio máximo?:,Volumen residual.,Volumen corriente.,Volumen de reserva espiratoria.,No queda aire en los pulmones tras una espiración forzada.,2
2020,31,Fisiología y Anatomía,Sistema Nervioso y Sentidos,¿Qué tipo de receptores median la respuesta relajante del músculo liso bronquial?:,Adrenérgicos alfa.,Muscarínicos.,Adrenérgicos beta.,Nicotínicos.,2
2020,32,Fisiología y Anatomía,Cardiovascular y Respiratorio,¿A las variaciones de qué compuesto responden los quimiorreceptores del bulbo raquídeo en el control de la ventilación?:,Presión parcial de CO2 en el plasma sanguíneo.,Presión parcial de CO2 en el líquido cefalorraquídeo.,Concentración de H+ en el líquido cefalorraquídeo.,Presión parcial de O2 en el líquido cefalorraquídeo.,4
2020,33,Biología Celular e Histología,"Ciclo Celular, Mitosis y Apoptosis",¿Con qué combinación de factores Yamanaka y colaboradores consiguieron por primera vez la reprogramación de células somáticas a células madre pluripotentes inducidas iPSCs?:,"Oct4, Nanog, Bmp2 y Sox9.","Oct4, c-Myc, Klf4 y Sox2.","Nanog, Klf14, Fgf2 y Msx2.","Nanog, c-Myc, Fgf2 y Msx2.",3
2020,34,Biología Celular e Histología,Histología Humana,¿Cuál de los siguientes huesos se forman por osificación intramembranosa?:,El parietal.,Las vértebras cervicales.,El escafoides.,El peroné.,1
2020,35,Biología Celular e Histología,Membrana y Tráfico,El cristalino deriva de:,La vesícula óptica.,El neuroectodermo.,El ectodermo de superficie.,El mesodermo cefálico.,3
2020,36,Bioquímica y Biología Molecular,Procesos Moleculares,"En el núcleo interfásico, la cadena lineal de nucleosomas (nucleofilamento) corresponde a la fibra de cromatina de:",10 nm.,30 nm.,165 nm.,300 nm.,4
2020,37,Bioquímica y Biología Molecular,"Proteínas, Enzimas y Aminoácidos",La técnica enzimohistoquímica para localizar lisosomas en la célula detecta la actividad enzimática de la:,Fosfatasa alcalina.,NADPH-diaforasa.,Peroxidasa.,Fosfatasa ácida.,4
2020,38,Biología Celular e Histología,"Orgánulos, Citoesqueleto y Matriz",La célula utiliza “la inestabilidad dinámica” de los microtúbulos en:,El funcionamiento de los cilios y los flagelos.,La organización celular en la mitosis.,La fagocitosis.,La formación de las caveolas.,4
2020,39,Biología Celular e Histología,Membrana y Tráfico,Las reacciones de detoxificación celular se llevan a cabo en:,Mitocondrias.,Retículo endoplasmático liso.,Lisosomas.,Aparato de Golgi.,1
2020,40,Bioquímica y Biología Molecular,Metabolismo Energético,¿Cuál de los siguientes canales y transportadores es una ATP-asa?:,Los transportadores de tipo ABC.,Las acuaporinas.,Los canales de Na+ voltaje-dependientes.,Los co-transportadores Na+-glucosa de células epiteliales que recubren el intestino.,4
2020,41,Bioquímica y Biología Molecular,"Proteínas, Enzimas y Aminoácidos",El péptido señal es una secuencia peptídica que:,Se une a un receptor de tipo ionotrópico.,Se une a los proteasomas.,Se encuentra en la zona pelúcida del óvulo.,Determina el destino de una proteína.,3
2020,42,Biología Celular e Histología,Membrana y Tráfico,Las dinaminas intervienen directamente en la:,Fusión de vesículas con la membrana plasmática.,Inserción del colesterol en la membrana plasmática.,Translocación de proteínas mitocondriales.,Formación de vesículas.,2
2020,43,Bioquímica y Biología Molecular,Procesos Moleculares,"Un homeodominio, así como un dominio básico hélice-asa-hélice, es:",Una parte estructural de las proteínas que les permite acoplarse al ADN.,La parte central del cinetocoro.,La región codificante del ADN.,La región del ADN donde se unen los factores reguladores de transcripción secundarios.,1
2020,44,Bioquímica y Biología Molecular,"Proteínas, Enzimas y Aminoácidos",Para que una proteína se transporte a los lisosomas debe:,Fijarse en la membrana del RER.,Ir marcada con la glucosa-6-fosfato.,Tener un grupo ácido.,Ir marcada con una manosa-6-fosfato.,2
2020,45,Bioquímica y Biología Molecular,Procesos Moleculares,El organizador nucleolar contiene secuencias de ADN:,Repetidas para ARNr.,De copia única para ARNr.,Repetidas para ARNt.,De copia única para ARNm.,3
2020,46,Hematología,Hemostasia y Coagulación,¿Cuál de las siguientes células sintetiza histamina y heparina?:,Los eosinófilos.,Las células plasmáticas.,Los macrófagos.,Las células cebadas o mastocitos.,1
2020,47,Biología Celular e Histología,Histología Humana,"¿Qué células presentan un borde festoneado con bombas protónicas que acidifican el exterior celular, destruyendo el tejido próximo a ellas?:",Osteocitos.,Osteoclastos.,Osteoblastos.,Condroblastos.,4
2020,48,Fisiología y Anatomía,Sistema Nervioso y Sentidos,Los somas de las neuronas:,Contienen gránulos basófilos (grumos o corpúsculos de Nissl).,Se localizan en la sustancia blanca del sistema nervioso central.,Segregan la mielina.,"Presentan un núcleo de pequeño tamaño y heterocromático, con nucléolo poco desarrollado.",1
2020,49,Bioquímica y Biología Molecular,"Proteínas, Enzimas y Aminoácidos",Las hidrolasas ácidas son enzimas propias de:,Mitocondria.,Retículo endoplásmico.,Lisosomas.,Núcleo.,2
2020,50,Fisiología y Anatomía,Renal y Digestivo,"En el glomérulo renal, la membrana basal implicada en la filtración está constituida por células:",Endoteliales y podocitos.,Mesangiales y endoteliales.,Endoteliales y de la cápsula de Bowman.,Del asa de Henle y tejido conectivo circundante.,4
2020,51,Biología Celular e Histología,Histología Humana,"En la piel, la queratina se origina en el stratum granulosum epidérmico y es la combinación de:",Filarina y mucoitrin-sulfatos.,Filamentos gruesos y condroitina.,Desmina y filamentos gruesos.,Tonofibrillas y granulos kerato-hialinos.,3
2020,52,Fisiología y Anatomía,Renal y Digestivo,En el acino del páncreas exocrino se acumulan gránulos de zimógeno cuyo contenido digestivo es rico en:,"Endopeptidasas, entre otras enzimas.",Secretasas exclusivamente.,Exclusivamente tripsinógeno.,Fosfatasas alcalinas.,4
2020,53,Inmunología,Inmunidad Adaptativa,Es FALSO que los linfocitos:,Th1 producen IL-2.,"Th2 producen IL-4, IL-5 e IL-13.",Th2 producen IFN gamma.,Th17 producen IL-17.,1
2020,54,Hematología,Serie Blanca y Neoplasias,¿Cuál de los siguientes órganos linfoides es primario?:,Amígdalas.,Timo.,Placas de Peyer.,Ganglio linfático.,3
2020,55,Inmunología,Inmunidad Adaptativa,La hipermutación somática es un proceso que afecta a:,Los receptores de las células T.,Las células presentadores de antígenos.,Las regiones variables de las inmunoglobulinas.,Los receptores de reconocimiento de patógenos.,2
2020,56,Fisiología y Anatomía,Sistema Nervioso y Sentidos,¿Dónde podemos encontrar receptores tipo Toll (TLR) en las células?:,Libres en el citoplasma.,Dentro del núcleo.,En la membrana nuclear.,En la membrana plasmática.,4
2020,57,Inmunología,Inmunidad Adaptativa,La molécula CD8:,Interactúa parcialmente con el antígeno presentado.,Se expresa en linfocitos B memoria.,Tiene homología estructural con TLR4.,Se expresa en linfocitos T citotóxicos.,1
2020,58,Inmunología,Inmunidad Adaptativa,¿Qué inmunoglobulina puede formar polímeros?:,IgE.,IgD.,IgA.,IgG.,2
2020,59,Inmunología,Inmunopatología,¿Cómo se denomina un injerto trasplantado entre sujetos de diferentes especies?:,Aloinjerto.,Xenoinjerto.,Autoinjerto.,Isoinjerto.,1
2020,60,Fisiología y Anatomía,Sistema Nervioso y Sentidos,¿Qué receptor de quimioquinas usa el VIH como receptor para infectar a los linfocitos?:,CXCR4.,CCR6.,CXCR3.,CCR7.,3
2020,61,Microbiología y Parasitología,Bacteriología,La IgE participa en la inmunidad contra:,Parásitos helmínticos.,Bacterias.,Virus.,Hongos.,4
2020,62,Hematología,Serie Blanca y Neoplasias,¿Qué células NO son de estirpe mieloide?:,Basófilos.,Células NK.,Eritrocitos.,Monocitos.,3
2020,63,Inmunología,Inmunidad Adaptativa,NO se considera una inmunodeficiencia primaria asociada a un defecto monogénico que afecta a los linfocitos T:,Síndrome de DiGeorge.,Síndrome de Wiskott-Aldrich.,Síndrome de Good.,Síndrome de Job o de Hiper IgE.,1
2020,64,Inmunología,Inmunopatología,¿En cuál de las siguientes enfermedades humanas NO se produce una reacción de hipersensibilidad de tipo I?:,Anafilaxia por picadura de avispa.,Asma bronquial por ácaros.,Dermatitis de contacto por látex.,Fiebre del heno.,2
2020,65,Inmunología,Inmunidad Innata y Complemento,NO se encuentra en la superficie de las células dendríticas o macrófagos humanos:,TLR1.,TLR2.,TLR3.,TLR4.,3
2020,66,Inmunología,Inmunidad Innata y Complemento,Indique qué característica corresponde con la respuesta inmune innata:,Especificidad.,Memoria.,Expansión policlonal.,Fagocitosis.,3
2020,67,Inmunología,Inmunidad Adaptativa,¿En qué fase de la respuesta inmunitaria adaptativa tiene lugar la expansión clonal de los linfocitos?:,Reconocimiento de antígeno.,Activación del linfocito.,Eliminación del antígeno.,Memoria.,1
2020,68,Inmunología,Inmunidad Adaptativa,¿En qué función NO participan las quimioquinas?:,Migración celular.,Organogénesis.,Hematopoiesis.,Procesamiento de antígeno.,4
2020,69,Inmunología,Inmunidad Adaptativa,¿Qué tipo de linfocitos se expanden predominantemente y se asocian con la respuesta inmunitaria adaptativa inicial a la infección por el virus VIH?:,Linfocitos B.,T CD4+.,NK.,T CD8+.,2
2020,70,Inmunología,Inmunidad Adaptativa,Se expresa en la superficie de los linfocitos CD8:,Receptor del linfocito B.,CD3.,CD4.,CD19.,3
2020,71,Inmunología,Inmunidad Adaptativa,¿Cuál de los siguientes isotipos de inmunoglobulinas es el más abundante en las mucosas corporales?:,IgG.,IgE.,IgM.,IgA.,4
2020,72,Inmunología,Inmunidad Adaptativa,La selección positiva de los linfocitos T tiene lugar en:,El bazo.,El timo.,La médula ósea.,Tejido linfoide asociado a mucosas.,4
2020,73,Inmunología,Inmunidad Adaptativa,¿Cuál de las siguientes células NO es una célula presentadora de antígenos?:,Linfocito B.,Linfocito T.,Macrófago.,Célula dendrítica.,1
2020,74,Inmunología,Inmunidad Adaptativa,¿Qué células epiteliales de la mucosa digestiva transportan los antígenos a los linfocitos de submucosa?:,Enterocitos.,Macrófagos.,Células M.,Células dendríticas.,3
2020,75,Bioquímica y Biología Molecular,Procesos Moleculares,¿Qué característica del telómero es correcta?:,Está constituido por repeticiones en tándem de secuencias cortas.,Es una constricción cromosómica.,Es el sitio de unión de fibras del huso mitótico.,El ADN que lo constituye codifica para el gen de la telomerasa.,3
2020,76,Bioquímica y Biología Molecular,Procesos Moleculares,Un ARN policistrónico:,"Tiene varias secuencias codificantes, en tándem.","Es un ARN inmaduro, con intrones.",Resulta de un splicing alternativo.,"Tiene varias secuencias repetidas, en tándem.",3
2020,79,Genética,Citogenética y Alteraciones Cromosómicas,La presencia de dos cariotipos distintos en el mismo individuo se denomina:,Mosaicismo.,Heterocigosidad compuesta.,Aneuploidía.,Heterodisomía.,4
2020,80,Bioquímica y Biología Molecular,Procesos Moleculares,¿Cuál de los siguientes métodos NO cuantifica ADN de forma precisa?:,Espectroscopía ultravioleta para medir la absorbancia del ADN.,Cuantificación absoluta con productos basados en el sistema TaqMan.,Electroforesis en gel de agarosa.,Fluorometría con moléculas fluorescentes de unión al ADN.,1
2020,81,Bioquímica y Biología Molecular,Procesos Moleculares,En relación con los geles de agarosa en la separación de fragmentos de ADN:,"Una concentración de agarosa del 0,7% es adecuada para separar fragmentos pequeños de ADN (<1 kb).",Los geles al 1% de agarosa son comunes para muchas aplicaciones.,Una concentración de agarosa del 2% produce una buena resolución para fragmentos grandes de ADN (>5 kb).,"El mejor método para separar fragmentos de ADN muy pequeños son los geles de agarosa de hasta un 0,3%.",1
2020,82,Genética,Genética Mendeliana y Herencia,¿Qué probabilidad de desarrollar una enfermedad con herencia recesiva ligada al cromosoma X tendrán las hijas de una pareja formada por un hombre sano y una mujer heterocigota?:,100 %.,50 %.,25 %.,0 %.,4
2020,83,Genética,Genética Mendeliana y Herencia,Los individuos que portan translocaciones cromosómicas recíprocas en sus células germinales dan lugar a:,Gametos genéticamente desequilibrados.,Gametos triploides.,Mayores tasas de recombinación meiótica.,Alelos recesivos con mayor frecuencia.,2
2020,84,Inmunología,Inmunidad Adaptativa,¿Cuál de las siguientes afirmaciones se corresponde con la recombinación VDJ que sufren los genes de inmunoglobulinas?:,Implica la formación de intermediarios de Holliday.,Tiene lugar durante la meiosis.,Ocurre en células somáticas.,Es un tipo especial de maduración de ARNm.,1
2020,85,Bioquímica y Biología Molecular,Procesos Moleculares,¿Cuál de los siguientes procesos contribuye a limitar las tasas de mutación espontánea?:,La producción de radicales libres.,La actividad exonucleasa de las ADN polimerasas en dirección de 3’ a 5’.,El incremento del nivel de poliploidía.,El ensamblaje cromatínico del ADN.,2
2020,86,Bioquímica y Biología Molecular,Procesos Moleculares,¿Qué consecuencia tiene el procesamiento alternativo de intrones en los precursores de los ARNm?:,Contrarresta la presencia de alelos no funcionales.,Permite expresar más de una proteína diferente a partir del mismo gen.,Contribuye a la reversión de mutaciones en ese gen.,Permite la transcripción de un gen en direcciones opuestas.,1
2020,87,Biología Celular e Histología,"Ciclo Celular, Mitosis y Apoptosis",¿Cuál de estos sucesos ocurre durante la meiosis?:,Emparejamiento de cromosomas homólogos.,Circularización de cromosomas.,Eliminación de una de las dos cromátidas hermanas.,Hipermutación programada del genoma.,1
2020,89,Bioquímica y Biología Molecular,Procesos Moleculares,La traducción de un ARNm ya procesado se inicia en el codón de metionina que corresponde con:,AUA.,AUG.,GUA.,UAG.,3
2020,90,Genética,Genética Mendeliana y Herencia,El síndrome de Turner aparece en:,Hombres YO.,Mujeres XO.,Hombres XXY.,Mujeres XXX.,4
2020,91,Bioquímica y Biología Molecular,Procesos Moleculares,La heterocromatina corresponde al ADN:,Condensado activo transcripcionalmente.,No enrollado activo transcripcionalmente.,Condensado inactivo transcripcionalmente.,No enrollado inactivo transcripcionalmente.,1
2020,92,Bioquímica y Biología Molecular,Procesos Moleculares,El operón lac es un sistema inducible que está bajo control:,Negativo en algunos procariotas.,Positivo en algunos procariotas.,Negativo en algunos eucariotas.,Positivo en algunos eucariotas.,2
2020,94,Bioquímica y Biología Molecular,Procesos Moleculares,¿Dónde son sintetizados los cebadores en la cadena retrasada?:,Al inicio de cada fragmento de Okazaki.,En varios sitios dentro de un fragmento de Okazaki.,Sólo en el extremo 3’ de la cadena recientemente sintetizada.,Sólo en el extremo 5’ de la cadena recientemente sintetizada.,3
2020,95,Fisiología y Anatomía,Sistema Nervioso y Sentidos,¿Cuál será la proporción de la descendencia de un hombre daltónico con una mujer de visión normal cuyo padre es daltónico?:,Todos daltónicos.,Mitad de los varones y mitad de las hembras daltónicas.,Todos los varones daltónicos y todas las hembras con visión normal.,Todos con visión normal.,3
2020,96,Bioquímica y Biología Molecular,Procesos Moleculares,El factor sigma de la ARN polimerasa es necesario para:,La unión de la polimerasa al promotor.,La estabilización de la enzima.,La elongación durante la transcripción.,La terminación de la transcripción.,1
2020,97,Bioquímica y Biología Molecular,Procesos Moleculares,La replicación del ADN es:,Conservativa.,Dispersiva.,Semiconservativa.,Conservativa en procariotas y semiconservativa en eucariotas.,2
2020,98,Bioquímica y Biología Molecular,Procesos Moleculares,"Durante la replicación del ADN, la ADN helicasa:",Desenrrolla la horquilla de replicación.,Elimina la torsión de los superenrollamientos.,Inicia la replicación en el oriC.,No participa en la replicación del ADN.,1
2020,99,Estadística y Metodología,Epidemiología y Diseño de Estudios,El error aleatorio:,Afecta a la precisión o fiabilidad del estudio.,Se puede predecir.,No se puede cuantificar.,Se reduce disminuyendo el tamaño de la muestra.,1
2020,100,Estadística y Metodología,Fiabilidad de Pruebas,La sensibilidad diagnóstica es la proporción de verdaderos:,Negativos entre los sanos.,Positivos entre los enfermos.,Negativos entre los que tienen un resultado negativo.,Positivos entre los que tienen un resultado positivo.,3
2020,101,Estadística y Metodología,Fiabilidad de Pruebas,El área bajo la curva ROC:,"De valor 1, indica que la prueba no tiene poder diagnóstico.","De valor 0,5 representa una prueba con escaso poder diagnóstico.",Presenta unos valores comprendidos entre 1 e infinito.,Representa la concordancia entre observadores cuando la variable es categórica a través de proporciones.,1
2020,104,Hematología,Fisiología y Patología Eritrocitaria,La afinidad de la hemoglobina por el O2:,"Aumenta cuando el valor de pH es inferior a 7,4.","Disminuye cuando el valor de pH es inferior a 7,4.","Se sitúa estructuralmente en el mismo sitio catalítico que el ácido 2,3-bisfosfoglicérico.",No se modifica por el cambio de pH en los tejidos.,3
2020,105,Bioquímica y Biología Molecular,"Proteínas, Enzimas y Aminoácidos","En las proteínas, aquellos aminoácidos con cadenas ionizables:","Son todos esenciales, y deben tomarse en la dieta.",Poseen grupos aromáticos que favorecen su hidrofobicidad.,"Tienden a agruparse en el interior de la proteína, lejos del entorno acuoso de la célula.",Son capaces tanto de formar enlaces iónicos como donar o aceptar protones para facilitar reacciones.,3
2020,106,Bioquímica y Biología Molecular,"Proteínas, Enzimas y Aminoácidos",El colágeno es una proteína que:,Forma una típica hélice-alfa.,Forma una estructura de hoja plegada beta antiparalela de unos 3.000 Ángstrom de longitud.,"Forma una hélice diferente a la alfa, que se denomina hélice de colágeno de triple hebra que se estabiliza por repulsiones estéricas.",Se caracteriza por carecer del aminoácido prolina en su composición.,2
2020,107,Bioquímica y Biología Molecular,Metabolismo Energético,"¿Cuál de las siguientes afirmaciones sobre la descarboxilación oxidativa del piruvato, catalizada por el complejo piruvato deshidrogenasa, es correcta?:","Utiliza NAD+, ácido lipoico, fosfato de piridoxal y FAD como coenzimas de la reacción.",Uno de los productos de la reacción es un tioéster de acetato.,El grupo metilo del piruvato se elimina como CO2.,La reacción es tan importante que tiene lugar a máxima velocidad en todas las condiciones y en todas las células.,3
2020,108,Bioquímica y Biología Molecular,"Proteínas, Enzimas y Aminoácidos",Las cadenas polipeptídicas de una proteína:,Siempre forman estructuras en alfa-hélice.,Pueden entrecruzarse mediante enlaces disulfuro de dos cisteínas.,Se unen a otras cadenas polipeptídicas por su extremo N-terminal mediante prolina o hidroxiprolina.,Tienen una composición equimolecular de los 20 aminoácidos naturales.,3
2020,109,Bioquímica y Biología Molecular,Metabolismo Energético,La lipoproteinalipasa participa en:,La degradación de los triacilgliceroles de los quilomicrones para proporcionar ácidos grasos a los diferentes tejidos.,El transporte intestinal de los lípidos de la dieta.,La degradación de las lipoproteínas para proporcionar aminoácidos.,La degradación de los triacilglicéridos almacenados intracelularmente para proporcionar ácidos grasos como combustible energético.,3
2020,110,Bioquímica y Biología Molecular,"Proteínas, Enzimas y Aminoácidos",La carga que tiene la glicina en una disolución a pH 13 es:,Positiva (+1).,Sin carga.,Negativa (-1).,Negativa (-2).,1
2020,111,Bioquímica y Biología Molecular,"Proteínas, Enzimas y Aminoácidos",La afirmación correcta sobre las enzimas y la cinética enzimática es:,La velocidad de una reacción enzimática es independiente de la concentración de enzima.,Una enzima presenta mayor afinidad por el sustrato cuanto mayor sea su valor de Km.,A concentraciones muy elevadas de sustrato la velocidad de reacción es de orden cero con respecto a la concentración de sustrato.,La pérdida de la actividad de un enzima lleva consigo la pérdida de su estructura primaria.,2
2020,112,Bioquímica y Biología Molecular,"Proteínas, Enzimas y Aminoácidos",La afirmación correcta sobre la estructura secundaria de las proteínas es:,"En la hélice α, los grupos –R de los aminoácidos se sitúan hacia el interior de la estructura helicoidal.",La conexión entre conformaciones α y  se realiza mediante un giro que contiene Trp.,La hélice α se estabiliza por la formación de puentes de hidrógeno intracatenarios entre grupos NH y CO de la cadena principal.,Los aminoácidos prolina y glicina son muy frecuentes en la α hélice.,4
2020,113,Bioquímica y Biología Molecular,Metabolismo Energético,La afirmación correcta sobre la estructura de los esfingolípidos es:,La estructura básica de los esfingolípidos está constituida por glicerol unido a un grupo fosfato.,"Las esfingomielinas, los gangliósidos y cerebrósidos son diferentes tipos de esfingolípidos.",En la estructura de los esfingolípidos encontramos dos ácidos grasos esterificando a dos grupos hidroxilo de la esfingosina.,La formación de un enlace éster entre un grupo hidroxilo de la esfingosina y un grupo carboxilo de un ácido graso da lugar a la ceramida.,4
2020,114,Genética,Genética Mendeliana y Herencia,Las causas más frecuentes en nuestro medio de síndrome de Cushing son:,Los tumores suprarrenales productores de cortisol.,Los adenomas hipofisarios productores de adrenocorticotropina.,Los tumores no hipofisarios productores de adrenocorticotropina.,Los tumores suprarrenales productores de adrenocorticotropina.,2
2020,115,Fisiología y Anatomía,Endocrino y Reproductor,El hiperaldosteronismo primario se relaciona con:,"Hipotensión, retención de Na+ e incremento de la excreción de K+.","Hipotensión, retención de K+ e incremento de la excreción de Na+.","Hipertensión, retención de K+ e incremento de la excreción de Na+.","Hipertensión, retención de Na+ e incremento de la excreción de K+.",3
2020,116,Fisiología y Anatomía,Renal y Digestivo,La prediabetes se define como:,Glucemia tras ayuno de 8 horas entre 100 y 125 mg/dL.,Valores de hemoglobina glicosilada superiores al 7%.,Glucemia a las 2 horas tras sobrecarga oral de glucosa (75 g) superior a 200 mg/dL.,Detección de glucosa en orina tras sobrecarga oral de glucosa (75 g).,3
2020,117,Fisiología y Anatomía,Endocrino y Reproductor,El precursor común en la síntesis de los esteroides sexuales (andrógenos y estrógenos) es:,Colesterol.,Aldosterona.,Progesterona.,Estrona.,4
2020,118,Bioquímica y Biología Molecular,Bioquímica Clínica,Respecto al programa de cribado de cáncer de colon NO es verdad que:,La prueba inmunoquímica para cuantificación de hemoglobina humana en heces es el método más adecuado y eficiente en la detección precoz de cáncer de colon.,La población diana es la de riesgo intermedio entre 50 y 69 años.,El antecedente personal de presencia de cáncer de colon es criterio de exclusión del programa.,El método del guayaco es el utilizado en los programas de cribado de cáncer de colon para detección de hemoglobina en heces.,2
2020,119,Fisiología y Anatomía,Cardiovascular y Respiratorio,El gen BRCA1 se estudia en la susceptibilidad al cáncer de:,Pulmón.,Mama.,Colon.,Tiroides.,1
2020,120,Fisiología y Anatomía,Endocrino y Reproductor,El marcador tumoral más adecuado para el adenocarcinoma seroso de ovario es:,Antígeno carcinoembrionario.,Proteína epididimal humana tipo 4.,Alfa-fetoproteína.,Ca 19.9.,4
2020,121,Fisiología y Anatomía,Endocrino y Reproductor,"En un paciente sometido a tiroidectomía total por un cáncer diferenciado de tiroides tipo papilar, el marcador tumoral de elección en el seguimiento es:",Tirotropina.,Tiroxina libre.,Tiroglobulina.,Calcitonina.,4
2020,122,Fisiología y Anatomía,Endocrino y Reproductor,La inhibina B:,Es una glicoproteína de 32 kDa.,Es secretada por las células de Leydig.,Inhibe la secreción de FSH.,Se puede emplear como marcador endocrino de la espermatogénesis.,1
2020,123,Fisiología y Anatomía,Endocrino y Reproductor,NO se considera un valor normal en el seminograma básico según los valores de referencia de la OMS (2010):,10% de formas normales en los espermatozoides.,Movilidad progresiva de los espermatozoides del 52%.,Concentración de espermatozoides de 15 millones/mL.,Volumen de eyaculado de 0.8 mL.,2
2020,124,Fisiología y Anatomía,Endocrino y Reproductor,En relación a la disfunción eréctil es FALSO que:,El diagnóstico etiológico más frecuente es la disfunción eréctil psicogénica.,"Tras evaluar causas neurológicas y vasculares, se deben estudiar entre otros parámetros testosterona, LH y TSH.",Se define como la incapacidad persistente para desarrollar o mantener una erección suficiente para el coito y la eyaculación en el 15% de los intentos.,"La hiperprolactinemia es una causa infrecuente de disfunción eréctil, aunque debe ser considerada.",3
2020,125,Inmunología,Inmunidad Adaptativa,Con respecto a las inmunoglobulinas en plasma de individuos sanos:,La IgG supone el 70-75% del total.,La IgA supone el 50% del total.,La IgD constituye el 20% del total.,La IgE constituye el 35% del total.,2
2020,126,Bioquímica y Biología Molecular,"Proteínas, Enzimas y Aminoácidos",En relación a las proteínas del líquido cefalorraquídeo:,Niveles elevados de neurogranina tienen valor predictivo negativo para enfermedad de Alzheimer.,Las bandas oligoclonales son patognomónicas de esclerosis múltiple.,La determinación de las concentraciones de isoformas de la proteína β-amiloide y la proteína Tau pueden ser útiles en el diagnóstico de la enfermedad de Alzheimer.,La elevación de la proteína básica de la mielina es un factor de buen pronóstico en enfermedades neurológicas desmielinizantes.,2
2020,127,Bioquímica y Biología Molecular,Bioquímica Clínica,El punto de corte para la troponina cardíaca en el diagnóstico del infarto agudo de miocardio es:,Percentil 68 del límite superior de la población de referencia.,Percentil 90 del límite superior de la población de referencia.,Percentil 95 del límite superior de la población de referencia.,Percentil 99 del límite superior de la población de referencia.,4
2020,128,Fisiología y Anatomía,Cardiovascular y Respiratorio,El biomarcador que tiene una mayor sensibilidad diagnóstica en la detección del daño cardiaco en las primeras horas de evolución de un infarto agudo de miocardio es:,Troponina I.,CK-MB.,Mioglobina.,Troponina T.,2
2020,129,Bioquímica y Biología Molecular,Bioquímica Clínica,El método que se emplea normalmente en el laboratorio clínico para determinar los niveles de troponina en suero es:,Enzimoinmunoanálisis.,Colorimetría.,Radioinmunoanálisis.,Inmunofluorescencia indirecta.,2
2020,130,Bioquímica y Biología Molecular,Bioquímica Clínica,Es correcto que para el diagnóstico de lesión miocárdica el uso de la troponina tiene:,Una elevada sensibilidad y especificidad diagnóstica.,Una baja sensibilidad y especificidad diagnóstica.,Una elevada sensibilidad diagnóstica y una baja especificidad diagnóstica.,Una baja sensibilidad diagnóstica y una elevada especificidad diagnóstica.,2
2020,131,Bioquímica y Biología Molecular,Técnicas de Biología Molecular,"A los oligonucleótidos de entre 18 y 25 bases, utilizados en la PCR se les denomina con cualquiera de estos términos EXCEPTO:",Primers.,Cebadores.,Iniciadores.,Stutters.,1
2020,132,Bioquímica y Biología Molecular,Procesos Moleculares,"El término ""proofreading"" aplicado a las polimerasas de ADN, se utiliza cuando:",Están listas para su uso directo.,Están listas para hacer pruebas con ellas.,"Tienen actividad correctora de errores de replicación, además de la actividad polimerasa.","No se pueden usar para amplificar vectores virales, aunque se trate de virus ADN.",2
2020,133,Bioquímica y Biología Molecular,Procesos Moleculares,"Todas las siguientes son técnicas de secuenciación de ADN o ARN, EXCEPTO:",Secuenciación química o de Maxham y Gilbert.,Secuenciación basada en terminadores o de Sanger.,Pirosecuenciación.,Secuenciación basada en el reactivo de Edman.,1
2020,134,Bioquímica y Biología Molecular,Técnicas de Biología Molecular,"NO es/son componente/s indispensable/s de la ""master mix"" en una reacción de PCR:",Polimerasa.,Cebadores.,DMSO.,Desoxirribonucleótidos.,2
2020,135,Bioquímica y Biología Molecular,Procesos Moleculares,NO es un método de extracción de ADN el basado en:,Fenol-cloroformo.,Sulfato de amonio.,"Soluciones hiperosmolares o ""salting-out"".",Bolitas paramagnéticas.,4
2020,136,Bioquímica y Biología Molecular,Procesos Moleculares,Las principales modificaciones epigenéticas conocidas son:,Errores en la transcripción del ADN a ARN.,Cambios en la estructura de la cromatina por puentes disulfuro.,"Metilación del ADN, regulación de la conformación de cromatina a través de modificaciones de histonas y los ARN no codificantes.",Metilación de histonas y acetilación del ADN provocando mutaciones irreversibles.,3
2020,137,Bioquímica y Biología Molecular,Procesos Moleculares,En el análisis genético del ADN circulante en el plasma de un paciente con cáncer metastásico:,No se encuentra material genético en el plasma de un paciente con cáncer.,Se encuentran mutaciones en el ADN circulante procedente de la célula tumoral y no circula ADN no mutado.,Sólo los marcadores tumorales clásicos proteicos tienen utilidad clínica.,"Se pueden encontrar las mutaciones específicas del cáncer y, si se cuantifican, su concentración es proporcional al tamaño del tumor.",2
2020,138,Genética,Citogenética y Alteraciones Cromosómicas,Se determina el diagnóstico del sexo fetal durante la gestación de forma no invasiva para el feto:,Únicamente en sangre de cordón umbilical.,No existe forma segura para el feto de determinar su sexo antes del nacimiento.,En el plasma de la gestante por el análisis molecular de regiones genéticas pertenecientes al cromosoma Y desde la semana 7 de gestación.,Por análisis ecográfico en la semana 7 de gestación.,3
2020,139,Genética,Citogenética y Alteraciones Cromosómicas,El test prenatal no invasivo en plasma de la gestante para detectar una trisomía 21 del feto:,Tiene muy poca sensibilidad y no se recomienda como cribado en ningún escenario clínico.,Se puede detectar por técnicas de secuenciación masiva del ADN circulante de la madre desde la semana 10 de gestación cuando la concentración de ADN fetal es igual o superior al 4%.,Se puede detectar por técnicas de secuenciación masiva del ADN circulante de la madre desde la semana 3 de gestación.,No existen datos suficientes para considerar esta técnica como un test de utilidad clínica.,4
2020,140,Microbiología y Parasitología,Bacteriología,"Las bacterias del género Listeria, morfológicamente son:",Bacilos Gram negativos.,Cocos Gram positivos.,Bacilos Gram positivos.,Ninguna de los anteriores.,3
2020,141,Microbiología y Parasitología,Bacteriología,"Los géneros Escherichia, Enterobacter y Klebsiella tienen en común:",Son microorganismos anaerobios estrictos.,No poseen lipopolisacárido en su pared celular.,Son muy sensibles al antibiótico vancomicina.,Pertenecen a la familia Enterobacteriaceae y se caracterizan por tener una membrana externa extracitoplásmica.,2
2020,142,Estadística y Metodología,Fiabilidad de Pruebas,"En relación al diagnóstico microbiológico de la gripe estacional, es correcto:",No existen métodos fiables en la actualidad.,Los tests serológicos nos permiten detectar la infección en los 3-4 primeros días tras el contagio.,Los tests basados en antígenos del virus presentan una baja especificidad.,Los tests moleculares (PCR) presentan mayor sensibilidad que los basados en antígenos.,1
2020,143,Microbiología y Parasitología,Bacteriología,"La microdilución en caldo, el agar discodifusión o el método de tira de gradiente de concentración, son técnicas microbiológicas que permiten:",Determinar el mecanismo de acción de un antibiótico.,Establecer la farmacocinética de un antibiótico.,Conocer la actividad in vitro de un antibiótico.,Ninguna de las anteriores.,4
2020,144,Microbiología y Parasitología,Bacteriología,Respecto a la especie Corynebacterium urealyticum es FALSO que:,Es un bacilo Gram positivo de crecimiento lento.,Es sensible a la vancomicina.,Posee una fuerte actividad ureásica.,Es una causa frecuente de infecciones de transmisión sexual.,2
2020,145,Microbiología y Parasitología,Bacteriología,¿Cuál de los siguientes antimicrobianos se podría utilizar para el tratamiento de una infección por Staphylococcus aureus resistente a la meticilina?:,Penicilina.,Imipenem.,Ceftarolina.,Cefotaxima.,4
2020,146,Microbiología y Parasitología,Parasitología,Es cierto que:,Coxiella burnetii es el agente causal de la fiebre botonosa mediterránea.,Rickettsia conorii es el agente causal de la fiebre Q.,Coxiella burnetii es un parásito intracelular obligado.,Rickettsia conorii no tiene capacidad de sintetizar proteínas.,2
2020,147,Microbiología y Parasitología,Bacteriología,En relación con las infecciones causadas por clamidias es FALSO que:,Chlamydia psittaci produce conjuntivitis en humanos.,Chlamydia pneumoniae es un agente causal de neumonía.,Chlamydia trachomatis produce uretritis en el varón.,Chalmydia trachomatis produce conjuntivitis en humanos.,4
2020,148,Microbiología y Parasitología,Bacteriología,El agente causal más frecuente de las infecciones relacionadas con el uso de catéteres intravasculares en los hospitales es:,Escherichia coli.,Enterococcus faecalis.,Staphylococcus coagulasa-negativa.,Staphylococcus aureus.,3
2020,149,Microbiología y Parasitología,Bacteriología,Cuál de las siguientes bacterias se ha encontrado en el interior de amebas de vida libre:,Bordetella.,Legionella.,Moraxella.,Mycoplasma.,4
2020,150,Microbiología y Parasitología,Bacteriología,El agente etiológico de la infección de transmisión sexual denominada “chancroide” o “chancro blando” es:,Chlamydia trachomatis.,Neisseria gonorrhoeae.,Mycoplasma genitalium.,Haemophilus ducreyi.,4
2020,151,Microbiología y Parasitología,Bacteriología,¿Cuál es el principal reservorio conocido de la infección por Helicobacter pylori?:,Los roedores.,Las aves salvajes.,Los reptiles.,El ser humano.,4
2020,152,Biología Celular e Histología,Histología Humana,La brucelosis es una zoonosis que NO se trasmite por:,Ingestión de derivados lácteos no pasteurizados.,La picadura de un mosquito hematófago.,Inhalación del microrganismo.,Contacto directo a través de heridas en la piel.,4
2020,153,Microbiología y Parasitología,Bacteriología,En las infecciones gastrointestinales por Escherichia coli es FALSO:,E. coli enterotoxigénico se asocia con la producción de enterotoxinas termoestables y termolábiles.,E. coli enteropatógeno es una causa frecuente de diarrea del lactante.,E. coli enterohemorrágico se asocia con el serotipo O157:H7.,E. coli enteroinvasivo se asocia con la producción de la toxina Shiga.,3
2020,155,Microbiología y Parasitología,Bacteriología,Una de las siguientes afirmaciones respecto a Pseudomonas aeruginosa es FALSA:,"Es un bacilo Gram negativo no fermentador, oxidasa negativa.",Causa infecciones pulmonares graves en pacientes con fibrosis quística.,Causa otitis externa asociada a baño en piscinas.,Suele ser resistente a gran parte de los antibióticos.,3
2020,156,Microbiología y Parasitología,Antimicrobianos y Resistencias,Una de las siguientes parejas de antibióticomecanismo de resistencia no es frecuente en Pseudomonas aeruginosa:,Quinolonas-bombas de expulsión.,Carbapenemas-mutación de la porina OprD.,Aminoglicósidos-modificación de la ADN girasa.,Cefalosporinas-beta-lactamasas.,2
2020,157,Microbiología y Parasitología,Bacteriología,¿Cuál de las siguientes características de Mycobacterium tuberculosis es FALSA?:,Es un bacilo aerobio estricto.,"Se tiñe bien con la tinción de Gram, incluidas las esporas.",Tiene un crecimiento lento en los medios de cultivo.,"La pared tiene muchos lípidos, incluyendo los ácidos micólicos.",3
2020,158,Microbiología y Parasitología,Bacteriología,¿Cuál de las siguientes afirmaciones sobre la tuberculosis es FALSA?:,La tuberculosis pulmonar se transmite de persona a persona por vía aérea.,El diagnóstico microbiológico definitivo se basa en el aislamiento e identificación del bacilo tuberculoso.,La prueba de la tuberculina (PPD) y/o la producción de interferón-gamma por los linfocitos (IGRA) sirven para conocer si una persona es contagiosa.,Es una enfermedad cuyo índice de curación es muy elevado cuando el tratamiento se realiza correctamente.,2
2020,159,Microbiología y Parasitología,Bacteriología,¿Cuál de las siguientes afirmaciones sobre el género Nocardia es FALSA?:,Son bacilos Gram positivos y aerobios.,Son bacilos débilmente ácido-alcohol resistentes.,El hábitat natural (reservorio primario) es el hombre.,El tratamiento de elección es el cotrimoxazol (trimetoprim-sulfametoxazol).,3
2020,160,Microbiología y Parasitología,Bacteriología,¿Cuál de las siguientes afirmaciones respecto a los micoplasmas es verdadera?:,Son ácido-alcohol resistentes.,Carecen de pared celular.,Son bacterias de crecimiento rápido (menos de 24 horas).,El tratamiento de elección son los antibióticos beta-lactámicos.,4
2020,161,Microbiología y Parasitología,Bacteriología,En la enfermedad de Lyme es verdadero que:,Está causada por Leptospira interrogans.,Es una infección de transmisión sexual.,Enfermedad que se localiza en Australia.,El diagnóstico microbiológico se basa en la serología.,3
2020,162,Microbiología y Parasitología,Bacteriología,Respecto a Treponema pallidum es FALSO que:,"Es una bacteria móvil, visible en microscopía de campo oscuro.",No crece en los medios de cultivo artificiales.,En el ser humano causa la psitacosis u ornitosis.,El tratamiento de elección es la penicilina.,1
2020,163,Microbiología y Parasitología,Virología,Respecto al virus Toscana es FALSO que:,Se trasmite por la picadura de un flebotomo del género Phlebotomus spp.,"Es un virus neurotrópico, que puede llegar a ser un agente etiológico relevante de meningitis vírica en algunas regiones de España.","La detección por PCR, en líquido cefalorraquídeo, es el método de elección para el diagnóstico de infección neurológica.",Raramente la serología tiene reacciones cruzadas con otros flebovirus.,2
2020,164,Microbiología y Parasitología,Virología,Indique la asociación correcta entre familia y virus ARN:,Virus del sarampión – Paramixovirus.,Virus Ébola – Rabdovirus.,Virus Marburg – Reovirus.,Rotavirus – Filovirus.,3
2020,165,Microbiología y Parasitología,Virología,Respecto a los norovirus es cierto que:,Se transmiten principalmente vía sanguínea.,Dos días después del período prodrómico aparecen unas lesiones típicas en las membranas mucosas conocidas como manchas de Köplik.,No es posible la aplicación de la PCR para la detección del genoma en muestras de heces.,Presentan una pequeña cápside cuya morfología permite distinguirlos por microscopía electrónica.,2
2020,166,Microbiología y Parasitología,Bacteriología,Respecto al citomegalovirus humano es cierto que:,"Las fuentes de infección en el recién nacido son la transmisión transplacentaria, infección intrauterina y secreciones cervicales.",Pertenece a la subfamilia Alphaherpesvirinae.,La enfermedad recurrente no es fuente de contagio.,La infección sintomática se produce principalmente en inmunocompetentes.,4
2020,167,Inmunología,Inmunidad Adaptativa,¿Cuál de los siguientes es un marcador de infección aguda por virus de Epstein-Barr?:,Antígeno RPR (reagina plasmática rápida).,Anticuerpos anti-nucleares (anti-EBNA).,Antígeno Australia.,Anticuerpos heterófilos.,2
2020,168,Microbiología y Parasitología,Bacteriología,La panencefalitis esclerosante subaguda es una complicación tardía de la infección producida por:,Gripe.,Sarampión.,Rubeola.,Citomegalovirus.,2
2020,169,Microbiología y Parasitología,Virología,¿Cuál de los siguientes virus es un agente defectivo que necesita de otro virus para su replicación?:,Virus de la hepatitis A.,Virus de la hepatitis B.,Virus de la hepatitis C.,Virus de la hepatitis D.,2
2020,170,Microbiología y Parasitología,Virología,"Dentro de los grupos en los que se divide el virus de la inmunodeficiencia humana tipo 1 (VIH-1), el que produce la mayor parte de las infecciones y principal responsable de la pandemia es:",VIH-1 Grupo M.,VIH-1 Grupo N.,VIH-1 Grupo P.,VIH-1 Grupo O.,1
2020,171,Microbiología y Parasitología,Virología,"En un individuo infectado por el virus de la inmunodeficiencia humana tipo 1 (VIH-1), ¿Cuál es el primer marcador detectable en sangre?:",Anticuerpos de la clase IgM.,Anticuerpos de la clase IgG.,Antígeno p24.,ARN vírico.,3
2020,172,Inmunología,Inmunidad Adaptativa,"En la evolución de la infección por el virus de la inmunodeficiencia humana tipo 1 (VIH-1), ¿cuál es el nivel de linfocitos T CD4+ en sangre que marca la aparición de la inmunodeficiencia?:",200 CD4+/µL.,350 CD4+/ µL.,500 CD4+/ µL.,1000 CD4+/ µL.,4
2020,173,Microbiología y Parasitología,Parasitología,"¿Qué patógeno sospecharía en un paciente que presenta un cuadro de disentería con sangre y moco, y fiebre alta a la vuelta de su viaje a India?:",Entamoeba coli.,Entamoeba hartmanni.,Entamoeba histolytica.,Entamoeba dispar.,3
2020,174,Microbiología y Parasitología,Parasitología,¿Cuál es el único protozoo ciliado patógeno para el humano?:,Balantidium coli.,Chilomastix mesnili.,Enteromonas hominis.,Trichomonas hominis.,2
2020,175,Microbiología y Parasitología,Parasitología,¿Cuál de las siguientes NO es una vía de trasmisión de la tripanosomiasis americana o enfermedad de Chagas?:,Congénita.,Oral.,Por aerosoles.,Vectorial.,3
2020,176,Fisiología y Anatomía,Renal y Digestivo,¿En qué muestras NO se suelen encontrar huevos o larvas de Ascaris?:,Esputo.,Aspirado gástrico.,Orina.,Heces.,3
2020,177,Fisiología y Anatomía,Cardiovascular y Respiratorio,La onda T del electrocardiograma corresponde a:,La despolarización de las aurículas.,La despolarización de los ventrículos.,La repolarización de las aurículas.,La repolarización de los ventrículos.,3
2020,178,Fisiología y Anatomía,Renal y Digestivo,El término haustras o “batido haustral” se refiere a:,Una patología asociada con la pérdida de grasas en heces.,Un reflejo gastroileal que intensifica el peristaltismo en el íleon.,El grado de contracción del esfínter o válvula ileocecal.,Contracciones de segmentación del intestino grueso.,3
2020,179,Biología Celular e Histología,Membrana y Tráfico,El órgano tendinoso de Golgi está diseñado para informar de:,El tamaño del músculo en cada momento.,El ángulo que forman los huesos.,La velocidad de los cambios de posición del cuerpo.,La tensión que genera un músculo al contraerse.,4
2020,180,Microbiología y Parasitología,Bacteriología,Respecto a la electroporación de bacterias para su uso en clonación génica:,"Requiere el uso de una corriente eléctrica para crear poros transitorios en la pared bacteriana que se cierran al cortar la corriente, atrapando el plásmido de ADN en el interior.",Con la electroporación se consiguen eficiencias inferiores a las conseguidas por transformación química.,"Se realiza a 42ºC, para disminuir el daño potencial al ADN.",Es un método más eficiente y barato que la transformación química.,3
2020,181,Inmunología,Inmunidad Adaptativa,¿Qué proteína forma parte del complejo TCR?:,CD3.,CD19.,CD4.,CD8.,2
2020,182,Estadística y Metodología,Bioestadística,"La variable edad es recogida en un cuestionario de la siguiente manera: <20, [20-50], >50. ¿Qué tipo de variable es?:",Cuantitativa discreta.,Cuantitativa continua.,Cualitativa ordinal.,Cualitativa politómica nominal.,3
2020,183,Bioquímica y Biología Molecular,Metabolismo Energético,Un transposón es:,Un fragmento proteico.,Un fragmento de ADN móvil.,Una enzima muy específica del metabolismo proteico.,Una chaperona.,1
2020,184,Bioquímica y Biología Molecular,Procesos Moleculares,La frase que NO es correcta es:,"El dogma central de la biología molecular, tal y como fue postulado en principio por Crick, propone que solo el ADN es transcrito en ARN, y que solo el ARN es traducido a proteína.","El dogma central de la biología molecular ha sido sobrepasado por la realidad, tal y como conocemos ahora: por ejemplo, hay virus que pueden sintetizar ADN a partir de ARN.","La replicación del ADN, en eucariotas, se produce durante la metafase, antes de que se compacten los cromosomas.",La duplicación del ADN es semiconservativa.,1
2021,1,Fisiología y Anatomía,Sistema Nervioso y Sentidos,El potencial de reposo de las neuronas es negativo y cercano al potencial de equilibrio del ion potasio porque:,En reposo la membrana es más permeable al potasio que a cualquier otro ion.,En reposo la membrana es impermeable al potasio.,En la membrana neuronal no hay bomba de sodio-potasio.,El potasio es capaz de atravesar los lípidos de la membrana.,1
2021,2,Fisiología y Anatomía,Sistema Nervioso y Sentidos,Los axones mielínicos conducen a mayor velocidad que los amielínicos porque:,Tienen un menor diámetro.,Tienen un mayor diámetro.,Utilizan la propagación saltatoria.,Utilizan la propagación continua.,3
2021,3,Fisiología y Anatomía,Sistema Nervioso y Sentidos,Los husos musculares:,Funcionan como receptores de presión.,Son receptores de estiramiento.,Son receptores de tensión.,Se sitúan en serie con las fibras esqueléticas del músculo.,2
2021,4,Fisiología y Anatomía,Sistema Nervioso y Sentidos,¿Qué desencadena la habituación observada en Aplysia?:,La muerte neuronal.,El descenso en el número de receptores NMDA.,La desensibilización de los receptores.,La depresión de la transmisión sináptica.,4
2021,5,Biología Celular e Histología,Histología Humana,"Durante el sueño REM, el tono muscular:",Está ausente en todos los músculos del cuerpo.,Es elevado en todos los músculos.,Es igual que en la vigilia.,Es bajo salvo en algunos músculos como por ejemplo los oculares.,4
2021,6,Fisiología y Anatomía,Endocrino y Reproductor,¿Cuál de las siguientes hormonas inhibe la formación de hueso?:,Hormonas tiroideas.,Cortisol.,Hormona de crecimiento.,Insulina.,2
2021,7,Fisiología y Anatomía,Endocrino y Reproductor,La oxitocina:,Se sintetiza en la adenohipófisis.,Inhibe la contracción del útero.,Reduce la excreción renal de agua.,Estimula la eyección de leche.,4
2021,8,Fisiología y Anatomía,Endocrino y Reproductor,¿Cuál de estos factores estimula la secreción de hormona de crecimiento?:,Aumento de la glucemia.,Envejecimiento.,Ejercicio físico.,Obesidad.,3
2021,9,Fisiología y Anatomía,Endocrino y Reproductor,La insulina:,Disminuye la formación de glucógeno.,Aumenta la concentración de aminoácidos en sangre.,Aumenta la captación de glucosa en el músculo.,Es hiperglucemiante.,3
2021,10,Fisiología y Anatomía,Endocrino y Reproductor,Sobre el mecanismo de acción de las hormonas tiroideas:,Se activa la adenilato ciclasa.,Se activa primero un receptor intracelular.,El segundo mensajero implicado es el GMPc.,Se produce aumento de IP3.,2
2021,11,Fisiología y Anatomía,Cardiovascular y Respiratorio,"El volumen de sangre que bombea el corazón hacia la aorta cada minuto, se llama:",Volumen sistólico.,Volumen residual.,Gasto cardíaco.,Volumen diastólico.,3
2021,12,Fisiología y Anatomía,Cardiovascular y Respiratorio,La incisura dícrota o escotadura dicrótica en la onda de presión aórtica es causada por:,Cierre de la válvula mitral.,Llenado rápido del ventrículo izquierdo.,Cierre de la válvula tricúspide.,Cierre de la válvula aórtica.,4
2021,13,Estadística y Metodología,Bioestadística,Se puede estimar la presión arterial media al añadir la tercera parte de la presión diferencial a la presión:,Sistólica.,Diastólica.,De pulso.,Arterial media.,2
2021,14,Fisiología y Anatomía,Cardiovascular y Respiratorio,"En la circulación, la mayor superficie transversal total se da en:",Las arterias de conducción.,Los capilares.,Las venas.,Las arteriolas y metarteriolas.,2
2021,15,Fisiología y Anatomía,Cardiovascular y Respiratorio,El reflejo barorreceptor:,Es un reflejo auricular.,Permite corregir cambios en la presión arterial.,Se activa por un aumento del volumen sanguíneo.,Se activa al estirar los receptores ubicados en las uniones venoatriales.,2
2021,16,Fisiología y Anatomía,Endocrino y Reproductor,Inhibe la secreción de FSH:,La activina.,La liberación pulsátil de GnRH.,La inhibina.,Los bajos niveles de progesterona.,3
2021,17,Fisiología y Anatomía,Endocrino y Reproductor,Los estrógenos:,Estimulan el desarrollo mamario.,Reducen el metabolismo corporal.,Inhiben la síntesis proteica.,Inducen osteoporosis.,1
2021,18,Fisiología y Anatomía,Endocrino y Reproductor,La somatotropina coriónica humana:,Es antagónica a la hormona de crecimiento.,Regula el metabolismo de la madre y del feto.,Inhibe el desarrollo mamario.,Se denomina también gonadotropina coriónica humana (hCG).,2
2021,19,Fisiología y Anatomía,Sistema Nervioso y Sentidos,La fase de emisión del semen está regulada principalmente por:,Sistema nervioso simpático.,Sistema nervioso parasimpático.,Sistema nervioso somático.,Testosterona.,1
2021,20,Fisiología y Anatomía,Cardiovascular y Respiratorio,La barrera hemato-testicular está formada por:,Células de Leydig.,Células de Sertoli.,Células del epidídimo.,Capilares testiculares.,2
2021,21,Fisiología y Anatomía,Renal y Digestivo,Respecto a la defecación:,El esfínter anal interno está controlado por el nervio pudendo bajo control voluntario.,El esfínter anal externo está constituido por músculo liso y es de carácter involuntario.,La relajación o contracción del esfínter anal externo está controlado voluntariamente.,"Implica la contracción simultánea de los dos esfínteres anales, el interno y el externo.",3
2021,22,Fisiología y Anatomía,Sistema Nervioso y Sentidos,De la motilidad gastrointestinal podemos afirmar que:,El plexo submucoso o de Meissner es el responsable del control de los movimientos gastrointestinales.,A nivel del estómago se forman austras o saculaciones.,Los complejos motores migratorios ocurren cada 90-120 minutos desde estómago a íleon cuando gran parte de una comida se ha absorbido.,El sistema nervioso parasimpático disminuye o inhibe las contracciones del musculo liso gastrointestinal.,3
2021,23,Fisiología y Anatomía,Endocrino y Reproductor,Con respecto a la secreción salival:,Su producción se incrementa notablemente durante una situación de estrés.,La estimulación parasimpática promueve su secreción.,Las glándulas parótidas producen una secreción rica en moco.,Las glándulas sublinguales secretan una secreción acuosa (serosa) rica en amilasa salival.,2
2021,24,Fisiología y Anatomía,Renal y Digestivo,"En la absorción intestinal, ¿cuál de los siguientes nutrientes se mueve a través de la membrana apical por difusión facilitada con el transportador GLUT5?:",Glucosa.,Fructosa.,Aminoácidos.,Galactosa.,2
2021,25,Bioquímica y Biología Molecular,Metabolismo Energético,Son vitaminas liposolubles:,Todas las del grupo B.,"Vitaminas grupo B, A y K.",Vitaminas grupo B y C.,"Vitaminas A, D, E y K.",4
2021,26,Fisiología y Anatomía,Renal y Digestivo,En relación con el manejo renal del sodio es FALSO que:,El aumento de la presión coloidosmótica en el glomérulo de la nefrona favorece la filtración de sodio.,La filtración glomerular de sodio es favorecida por la menor resistencia en la arteriola aferente que en la eferente.,El mayor porcentaje del sodio filtrado se reabsorbe en el túbulo proximal de la nefrona.,La aldosterona regula la concentración plasmática de sodio actuando a nivel del túbulo distal y colector.,1
2021,27,Fisiología y Anatomía,Renal y Digestivo,En relación con el transporte máximo (o tubular máximo) de sustancias en el riñón:,La glucosa es la única sustancia manejada por el riñón sin transporte máximo.,La capacidad de transporte máximo de todas las nefronas es idéntica.,Los sistemas de transporte renal de sustancias con reabsorción o secreción activa se saturan.,La capacidad de transporte máximo para una sustancia determinada está muy próxima a la de su tasa de filtración glomerular.,3
2021,28,Fisiología y Anatomía,Renal y Digestivo,Sobre el mecanismo fisiológico de concentración de la orina:,El líquido tubular se concentra en el túbulo proximal.,El líquido tubular se diluye en la porción ascendente del Asa de Henle.,El líquido tubular se concentra en la porción ascendente del Asa de Henle.,El líquido tubular puede alcanzar el doble del valor de la concentración osmolar de la médula renal.,2
2021,30,Fisiología y Anatomía,Renal y Digestivo,Sobre la regulación renal de la concentración iónica en el medio extracelular:,La concentración plasmática de sodio es mantenida independientemente de la actividad de la aldosterona.,La angiotensina II estimula la reabsorción de sodio a lo largo de los segmentos de la nefrona.,La concentración plasmática de sodio es mantenida independientemente de la actividad de la hormona antidiurética.,La concentración plasmática de sodio es elevada por acción del péptido natriurético atrial.,2
2021,31,Fisiología y Anatomía,Cardiovascular y Respiratorio,¿Qué modificación en las siguientes presiones se produce durante la mayor parte del tiempo de la inspiración?:,Positivización de la presión torácica.,Negativización de la presión alveolar.,Positivización de la presión intrapleural.,Estabilización de la presión alveolar.,2
2021,32,Fisiología y Anatomía,Sistema Nervioso y Sentidos,¿Qué sustancia de las siguientes produce una disminución de la resistencia al flujo aéreo por su acción sobre el músculo liso bronquial?:,Acetilcolina.,Adrenalina.,Histamina.,Leucotrienos.,2
2021,33,Fisiología y Anatomía,Cardiovascular y Respiratorio,Una respuesta vasoconstrictora puede observarse en los vasos sanguíneos adyacentes a los alvéolos pulmonares en respuesta a la disminución de la presión parcial de oxígeno en:,El plasma arterial pulmonar.,El plasma arterial sistémico.,El líquido cefalorraquídeo.,El aire alveolar.,4
2021,34,Hematología,Fisiología y Patología Eritrocitaria,¿Qué efecto generaría sobre la disociación del O2 de la hemoglobina una disminución del pH plasmático sumado a un aumento de la temperatura corporal?:,Aumentaría la saturación de oxígeno en la hemoglobina.,Disminuiría el efecto Bohr.,Se facilitaría la liberación de oxígeno por la hemoglobina.,Se compensan los efectos que el pH y la temperatura ejercen sobre la hemoglobina.,3
2021,35,Bioquímica y Biología Molecular,"Proteínas, Enzimas y Aminoácidos",¿Cuál es la forma mayoritaria de transporte del anhídrido carbónico por la sangre?:,Unido a albúmina y globulinas.,Disuelto en el plasma sanguíneo.,En forma de ion bicarbonato.,Unido a proteínas intraeritrocitarias.,3
2021,36,Hematología,Fisiología y Patología Eritrocitaria,La principal función de la vitamina B12 y el ácido fólico en la eritropoyesis es:,Producción de porfirina.,Formación de trifosfato de timidina.,Diapédesis de reticulocitos.,Estimular la formación de progenitores eritroides.,2
2021,37,Fisiología y Anatomía,Renal y Digestivo,El hierro absorbido del intestino es transportado en sangre por:,Apoferritina.,Hemosiderina.,Ferritina.,Transferrina.,4
2021,38,Fisiología y Anatomía,Renal y Digestivo,¿Cuál es la osmolaridad (mOsm/L) de una solución que contiene NaCl 100 milimolar y KCl 50 milimolar?:,300.,150.,250.,600.,1
2021,39,Hematología,Hemostasia y Coagulación,¿Qué vía de coagulación comienza con tromboplastina tisular?:,Vía intrínseca.,Vía extrínseca.,Vía común.,Fibrinolisis.,2
2021,40,Hematología,Hemostasia y Coagulación,El principal mecanismo por el que la heparina impide la coagulación de la sangre es:,Unirse al calcio.,Inhibir al factor tisular.,Activar la antitrombina III.,Inhibir al fibrinógeno.,3
2021,41,Fisiología y Anatomía,Sistema Nervioso y Sentidos,¿Qué tipo de neuronas son las células olfatorias?:,No son neuronas.,Pseudopolares.,Bipolares.,Multipolares.,3
2021,42,Fisiología y Anatomía,Sistema Nervioso y Sentidos,¿Qué sensación gustativa presenta la estimulación umbral más baja?:,Dulce.,Amargo.,Salado.,Ácido.,2
2021,43,Fisiología y Anatomía,Sistema Nervioso y Sentidos,La exposición de los bastones a la luz determina la descomposición de la rodopsina y la consiguiente disminución de la conductancia de la membrana del bastón para iones sodio en su segmento externo. Este hecho determina:,Una despolarización.,Un potencial de acción.,Una hiperpolarización.,Una descarga capacitiva.,3
2021,44,Fisiología y Anatomía,Sistema Nervioso y Sentidos,¿Quién es el responsable de la transducción mecanoeléctrica de las ondas sonoras?:,El martillo.,La membrana tectorial.,El órgano de Corti.,La rampa timpánica.,3
2021,45,Fisiología y Anatomía,Sistema Nervioso y Sentidos,¿Qué determina que el sistema auditivo interprete un sonido como intenso?:,La inhibición de las células ciliadas.,Un aumento de la vibración de la membrana tectorial.,La estimulación de un pequeño número de células ciliadas.,Un aumento de la amplitud de vibración de la membrana basilar o de la región de la membrana basilar involucrada.,4
2021,46,Biología Celular e Histología,"Ciclo Celular, Mitosis y Apoptosis",¿En qué fase de la meiosis se detiene la ovogénesis durante el desarrollo fetal hasta la pubertad?:,Diploteno de la meiosis I.,Diploteno de la meiosis II.,Metafase de meiosis I.,Metafase de meiosis II.,1
2021,47,Biología Celular e Histología,Histología Humana,¿Cuál es el origen embriológico de los melanocitos?:,La somatopleura.,El ectodermo epidérmico no neural.,La cresta neural.,El tubo neural.,3
2021,48,Biología Celular e Histología,Histología Humana,¿Qué es la focomelia?:,La falta parcial o total de una extremidad.,La fusión con acortamiento de los dedos de la mano y del pie.,El acortamiento significativo de todos los huesos de la extremidad.,Manos y pies conectados al tronco directamente o por huesos pequeños e irregulares.,4
2021,49,Biología Celular e Histología,Histología Humana,¿Dónde se forman los centros de osificación secundarios?:,En las diáfisis.,En las epífisis.,En el cartílago de crecimiento.,En los huesos planos.,2
2021,50,Bioquímica y Biología Molecular,Metabolismo Energético,¿Cuál de las siguientes afirmaciones define las propiedades de las balsas lipídicas identificadas en la membrana plasmática?:,Contienen predominantemente dos especies de lípidos: colesterol y esfingomielina.,Se definen por ser altamente solubles en detergentes no iónicos.,En su composición nunca contienen glucolípidos.,"A pesar de presentar receptores de superficie celular, no se ha observado que estabilicen sus interacciones ni faciliten la señalización.",1
2021,51,Biología Celular e Histología,"Orgánulos, Citoesqueleto y Matriz",¿Cuál de las siguientes funciones NO está asociada a los microtúbulos?:,Participar en el mantenimiento estructural de los axones.,Formar parte de la estructura interna de los estereocilios (o microvellosidades) de las células auditivas del oído interno.,Formar la estructura interna de los cilios.,Generar el huso mitótico durante la división celular.,2
2021,52,Biología Celular e Histología,"Orgánulos, Citoesqueleto y Matriz",¿Cuál de los siguientes componentes es específicamente importante en el nivel de hidratación de la matriz extracelular?:,Integrinas.,Fibronectinas y lamininas.,Fibras de colágeno IV.,Glucosaminoglucanos.,4
2021,53,Biología Celular e Histología,"Ciclo Celular, Mitosis y Apoptosis",¿Cómo regulan la progresión del ciclo celular las ciclinas?:,Activando directamente a ciertas proteínas G.,Induciendo la síntesis de receptores para factores de crecimiento.,Activando proteínas quinasas que son reguladores críticos de la división celular.,Aumentando la producción de ADN polimerasas.,3
2021,54,Biología Celular e Histología,"Ciclo Celular, Mitosis y Apoptosis",¿Qué características presenta el proceso de apoptosis?:,Está provocado generalmente por las mismas causas que inducen la necrosis.,"Está inducida por la activación de caspasas, producida siempre por la liberación mitocondrial del citocromo c.",Produce una degradación reversible de la lámina nuclear por fosforilación.,Se caracteriza por la presencia de fosfatidilserina en la cara externa de la membrana plasmática.,4
2021,55,Bioquímica y Biología Molecular,"Proteínas, Enzimas y Aminoácidos",¿Cuál de las siguientes proteínas interviene en las uniones adherentes de las células?:,Titina.,Cateninas.,Conexina.,Troponina.,2
2021,56,Bioquímica y Biología Molecular,"Proteínas, Enzimas y Aminoácidos",Para que una enzima se incorpore a los lisosomas debe:,Ir marcada con glucosa-6-fosfato.,Fijarse en la membrana del retículo endoplásmico rugoso.,Tener un grupo ácido.,Ir marcada con manosa-6-fosfato.,4
2021,57,Fisiología y Anatomía,Sistema Nervioso y Sentidos,¿Qué proteína determina la longitud precisa de los filamentos de actina en el sarcómero?:,Troponina.,Titina.,Tropomiosina.,Nebulina.,4
2021,58,Biología Celular e Histología,Membrana y Tráfico,¿Qué función NO es propia del retículo endoplásmico liso?:,Síntesis de hormonas esteroideas.,Síntesis de lípidos.,Detoxificación.,Proteólisis.,4
2021,59,Fisiología y Anatomía,Sistema Nervioso y Sentidos,Los receptores acoplados a proteína G:,Son receptores intracelulares que activan cinasas.,"Son transductores de señales que activan, entre otras rutas, vías metabólicas.",Intervienen en el transporte pasivo.,Actúan como intercambiadores iónicos.,2
2021,60,Biología Celular e Histología,Histología Humana,"La clasificación de un epitelio estratificado como plano, cúbico o cilíndrico se determina por la forma de las:",Células basales.,Células intermedias.,Células superficiales.,Células más frecuentes.,3
2021,61,Biología Celular e Histología,Histología Humana,El tejido conjuntivo laxo es propio de:,Los ligamentos.,Los tendones.,La lámina propia de las mucosas.,La córnea.,3
2021,62,Fisiología y Anatomía,Renal y Digestivo,¿Cuál de los siguientes órganos presenta una corteza con folículos y una médula con grandes vasos sanguíneos?:,Bazo.,Adenohipófisis.,Hígado.,Ovario.,4
2021,64,Fisiología y Anatomía,Cardiovascular y Respiratorio,Los alveolos pulmonares se deben mantener dilatados para permitir el intercambio gaseoso. Esta condición física solo se puede producir si:,Se produce surfactante pulmonar.,El tejido muscular mantiene los alveolos distendidos.,El cartílago mantiene dilatado el alveolo.,Las fibras elásticas regulan la tensión de la pared alveolar.,1
2021,65,Fisiología y Anatomía,Endocrino y Reproductor,En la mucosa gástrica las células de Paneth tienen la misión de:,Producir y secretar proteínas antimicrobianas.,Producir ácido clorhídrico.,Producir hormonas endocrinas y paracrinas.,Secretar moco para la protección de la pared gástrica.,1
2021,66,Bioquímica y Biología Molecular,Procesos Moleculares,"En el núcleo celular se pueden distinguir zonas más oscuras e irregulares, electro-densas al microscopio electrónico, y zonas claras (no densas). Estas últimas corresponden a:",Cromatina inactiva o no transcripcional.,Un artefacto de tinción.,Las regiones que contienen genes que se transcriben (eucromatina).,Cromatina activa o heterocromatina.,3
2021,67,Fisiología y Anatomía,Endocrino y Reproductor,"¿Dónde ocurre la fusión del espermatozoide y el oocito, también denominada fertilización?:",En el istmo del oviducto.,En la ampolla del oviducto.,En la región intramural del oviducto.,En el infundíbulo del oviducto.,2
2021,68,Biología Celular e Histología,Histología Humana,¿Qué caracteriza al epitelio seudoestratificado columnar?:,Está compuesto por varias capas celulares.,Todas sus células alcanzan la superficie del epitelio.,Todas sus células descansan en la membrana basal.,El tamaño de la célula es siempre el mismo.,3
2021,69,Fisiología y Anatomía,Renal y Digestivo,¿Qué función tienen las células caliciformes del intestino?:,Intervienen en la regeneración intestinal.,"Producen mucinógeno, como precursor de integrantes del moco, con acción protectora.",Aumentan la superficie de absorción intestinal.,Producen una proteína de acción bactericida llamada lisozima.,2
2021,70,Inmunología,Inmunidad Adaptativa,¿Qué células reticulares epiteliales componen los corpúsculos de Hassall del timo?:,Células tipo I.,Células tipo III.,Células tipo V.,Células tipo VI.,4
2021,71,Inmunología,Inmunidad Adaptativa,¿A qué células del sistema inmunitario afecta directamente el síndrome de DiGeorge?:,Macrófagos.,Células de Langerhans.,Linfocitos T.,Keratinocitos.,3
2021,72,Biología Celular e Histología,Histología Humana,Un hombre de 52 años que recibe radioterapia y fármacos citotóxicos para el tratamiento del cáncer sufre un daño importante en la médula ósea. ¿Cuál de los siguientes cambios es más probable que se produzca?:,Producción normal de todas las células sanguíneas debido a la hematopoyesis extramedular compensatoria.,Disminución de la producción de linfocitos B pero no de linfocitos T.,Disminución de la producción de neutrófilos y monocitos pero no de linfocitos B.,"Disminución de la producción de linfocitos B y T, monocitos, neutrófilos y glóbulos rojos.",4
2021,73,Inmunología,Inmunidad Innata y Complemento,¿A través de que vía estimula las respuestas inmunitarias innatas el ADN microbiano?:,TLR9 de la membrana plasmática que conduce a la activación de NF-κB.,Lectina de unión a manosa (MB) de la membrana plasmática que conduce a la activación del complemento.,Receptores citosólicos tipo dinucleótidos cíclicos y STING que conducen a la activación de los factores reguladores del interferón (IRF).,La proteína C reactiva de la sangre (PCR) que conduce a la activación del complemento.,3
2021,74,Inmunología,Inmunidad Adaptativa,La maduración de la afinidad de los anticuerpos significa que:,Aparecen mutaciones en el DNA que codifican las regiones constantes de las inmunoglobulinas.,La afinidad es mayor en las respuestas primarias que en las secundarias.,"Cuando se estimula un linfocito B, puede expresar el segundo alelo parental del gen de las inmunoglobulinas.",La afinidad aumenta con la estimulación antigénica.,4
2021,75,Inmunología,Inmunidad Adaptativa,En la respuesta inmunológica frente a virus:,Son esenciales los linfocitos citotóxicos CD8- CTL.,Sólo se activa la repuesta humoral.,No pueden ser reconocidos por las células dendríticas.,Sólo responden los linfocitos Th2.,1
2021,76,Hematología,Serie Blanca y Neoplasias,¿Qué célula residente en tejidos es de linaje mieloide?:,Célula plasmática.,Eosinófilo.,Macrófago.,Monocitos.,3
2021,77,Inmunología,Inmunidad Innata y Complemento,¿Qué molécula del complemento desencadena la vía clásica?:,C3a.,C1q.,C5a.,C1s.,2
2021,78,Fisiología y Anatomía,Endocrino y Reproductor,¿Qué inmunoglobulina es capaz de atravesar la placenta?:,IgA.,IgE.,IgG.,IgD.,3
2021,79,Inmunología,Inmunidad Innata y Complemento,¿En qué proceso participa la molécula C5b del complemento?:,Liberación de sustancias inflamatorias.,Quimiotaxis.,Proliferación celular.,Lisis de membranas bacterianas.,4
2021,81,Inmunología,Inmunopatología,¿Cuál de las siguientes enfermedades de base inmunológica se asocia a una reacción de hipersensibilidad inmediata o de tipo I?:,Fiebre del Heno.,Anemia hemolítica autoinmune.,Lupus eritematoso sistémico.,Dermatitis de contacto por níquel.,1
2021,82,Inmunología,Inmunopatología,¿Cuál de los siguientes mediadores preformados de los mastocitos que se liberan en una reacción de hipersensibilidad de tipo I puede cuantificarse en suero y se utiliza de manera rutinaria en el diagnóstico de anafilaxia?:,Histamina.,β-glucosaminidasa.,Proteoglicanos (heparina).,Triptasa.,4
2021,83,Inmunología,Inmunopatología,¿Cuál de las siguientes enfermedades NO se considera una inmunodeficiencia primaria asociada a un defecto monogénico que afecta a los linfocitos T?:,Síndrome linfoproliferativo autoinmune (ALPS).,"Síndrome de inmunodesregulación, poliendocrinopatía y enteropatía ligada al cromosoma X (IPEX).",Síndrome de Job o de Hiper IgE.,Inmunodeficiencia común variable (IDCV).,4
2021,84,Inmunología,Inmunidad Adaptativa,¿Cuál de las siguientes citoquinas producidas por células del sistema inmune innato se ha implicado en el inicio de la respuesta antiviral contra el SARS CoV 2?:,IL10.,IL25.,IFNs tipo I.,IL33.,3
2021,85,Inmunología,Inmunidad Adaptativa,Las citoquinas características producidas por linfocitos T CD4+ del subgrupo TH1 son:,"IL-4, IL-5 e IL-13.",IL-17 y TGF-beta.,IL-17 e IL-22.,IFN-gamma e IL-2.,4
2021,86,Inmunología,Inmunidad Adaptativa,La unión al antígeno por moléculas de anticuerpo es principalmente una función:,De las regiones hipervariables VH y VL.,Ligada a los segmentos constantes.,Constitutiva de las regiones VC y VFab.,Del isotipo G maduro.,1
2021,88,Inmunología,Inmunopatología,NO es una inmunodeficiencia primaria:,Agammaglobulinemia ligada al cromosoma X.,Síndrome de inmunodeficiencia común variable.,Enfermedad granulomatosa crónica.,Síndrome de inmunodeficiencia adquirida.,4
2021,89,Biología Celular e Histología,Histología Humana,¿Cuál es una citoquina clave para el desarrollo de células B en la médula ósea?:,IL-4.,IL-7.,IL-10.,IL-12.,2
2021,90,Hematología,Serie Blanca y Neoplasias,¿Qué célula deriva de progenitores linfoides?:,Célula natural killer.,Basófilo.,Mastocito.,Macrófago.,1
2021,91,Inmunología,Inmunidad Adaptativa,¿Cómo puede evadir una célula tumoral el reconocimiento inmunitario?:,Fagocitando linfocitos T.,Aumentando su expresión de MHC I.,Reduciendo su expresión de PD-L1 (ligando 1 de la proteína de muerte programada).,Secretando proteínas supresoras como TGF-β (factor de crecimiento transformante β).,4
2021,92,Inmunología,Inmunopatología,¿Qué tipo de hipersensibilidad es la dermatitis alérgica por contacto?:,Tipo I o inmediata.,Tipo II o mediada por anticuerpos.,Tipo III o mediada por inmunocomplejos.,Tipo IV o retardada.,4
2021,93,Biología Celular e Histología,Histología Humana,"Todos los siguientes elementos forman parte de las barreras frente a los microorganismos de los epitelios y mucosas, EXCEPTO:",El sebo de las glándulas sebáceas.,La lisozima de las lágrimas y la saliva.,El pH básico de la piel.,Los péptidos antimicrobianos secretados por las células epiteliales.,3
2021,94,Inmunología,Inmunidad Adaptativa,¿Cuál es el conjunto de células y moléculas que mejor se adapta al patrón de respuesta inmune frente a virus?:,"Interferón ϓ, neutrófilos, linfocitos TH1 y células linfoides innatas de tipo 2 (ILC-2).","Interferones α y β, neutrófilos, linfocitos TH1 y células linfoides innatas de tipo 3 (ILC-3).","Interferones α y β, eosinófilos, linfocitos T- CD8+ y células linfoides innatas de tipo 3 (ILC-3).","Interferones α y β, células natural killer, linfocitos T-CD8+, linfocitos TH1 y células linfoides innatas de tipo 1 (ILC-1).",4
2021,96,Bioquímica y Biología Molecular,Técnicas de Biología Molecular,"Para comparar una secuencia de DNA de interés con las registradas en las bases de datos, se utiliza la siguiente herramienta bioinformática:",BLAST.,OMIM.,PUBMED.,ENCODE.,1
2021,97,Genética,Citogenética y Alteraciones Cromosómicas,Si un gen se localiza en 17q21 significa que:,Se localiza en el brazo largo del cromosoma 17.,Se localiza en el cromosoma 17 y en el 21.,Se localiza en el brazo largo del cromosoma 21.,Se localiza en el brazo corto del cromosoma 17.,1
2021,98,Bioquímica y Biología Molecular,Procesos Moleculares,La cadena antisentido de ADN hace referencia a:,La cadena molde de ADN en la transcripción.,La cadena molde de ADN en la replicación.,"La cadena de nueva síntesis, discontinua, de ADN en la replicación.",La cadena codificante de ADN en la transcripción.,1
2021,99,Bioquímica y Biología Molecular,Procesos Moleculares,¿Cuál de las siguientes mutaciones disminuiría la tasa de transcripción de un gen?:,Una mutación en el promotor.,Una mutación en el codón ATG/AUG.,Una mutación en un sitio de splicing.,Una mutación en un exón codificante.,1
2021,100,Bioquímica y Biología Molecular,Procesos Moleculares,Los factores de transcripción son:,Proteínas reguladoras que se unen a secuencias específicas del ADN.,Secuencias reguladoras de ADN que se unen a la RNApol II.,Proteínas reguladoras que se unen al codón de iniciación (ATG/AUG) de un gen.,Proteínas reguladoras que acetilan las histonas.,1
2021,101,Microbiología y Parasitología,Virología,La respuesta INCORRECTA respecto al uso de SYBR-green es:,"Las moléculas SYBR-green se unen a moléculas de ADN de doble hebra, en la hendidura menor.",Las moléculas SYBR-green se unen a secuencias específicas de ADN.,Sólo emiten fluorescencia las moléculas de ADN que tengan SYBR-green unidas.,No sería recomendable utilizar SYBR-green en un ensayo de detección de un virus de ADN en suero humano mediante RT-PCR.,2
2021,102,Bioquímica y Biología Molecular,Técnicas de Biología Molecular,"Respecto a las técnicas de hibridación molecular, indica cuál de los siguientes enunciados es correcto:","En la técnica de Northern blot, las moléculas de ADN en estudio se transfieren a un soporte sólido y las secuencias de interés se detectan con sondas específicas de oligonucleótidos marcados.","La técnica de Southern blot es parecida a la de Northern blot, pero en el Southern se transfieren moléculas de ARN al soporte sólido.","La técnica de Western blot (o inmunoblot) consiste en la separación y transferencia de proteínas a un soporte sólido, detectándolas con anticuerpos específicos.","La primera técnica de hibridación que se desarrolló fue la de Northern blot, y se denomina así en honor del investigador que la describió en 1975.",3
2021,103,Biología Celular e Histología,"Orgánulos, Citoesqueleto y Matriz",¿Qué probabilidad de desarrollar una enfermedad causada por una mutación en el genoma mitocondrial tendrán los hijos varones de una pareja formada por una mujer sana y un hombre afectado por dicha enfermedad?:,100%.,50%.,25%.,0%.,4
2021,104,Genética,Genética Mendeliana y Herencia,Cuando el fenotipo de un heterocigoto es cuantitativamente intermedio entre el de los dos homocigotos nos encontramos ante un caso de herencia:,Con dominancia incompleta.,Codominante.,Epistática.,Epigenética.,1
2021,105,Genética,Citogenética y Alteraciones Cromosómicas,El portador de un cromosoma con una inversión presenta:,Mayor riesgo de producir gametos desequilibrados.,Mayor expresión de los genes del cromosoma homólogo.,Mayor riesgo de fracaso mitótico.,Menores tasas de recombinación VDJ.,1
2021,106,Bioquímica y Biología Molecular,Procesos Moleculares,¿Cómo es posible que diferentes tripletes de nucleótidos del ARNm se traduzcan en un mismo aminoácido?:,Porque cada triplete es reconocido por un ARN transferente diferente.,Porque un mismo ARN transferente puede reconocer diferentes tripletes.,Porque un mismo ARN transferente puede cargar diferentes aminoácidos.,Porque las aminoacil-ARNt-sintetasas son poco específicas.,2
2021,107,Bioquímica y Biología Molecular,Procesos Moleculares,"Las topoisomerasas de tipo I se diferencian de las de tipo II, en que:",Cortan ambas hebras de la doble cadena de ADN.,Cortan una sola hebra de la doble cadena de ADN.,Unen ambas hebras de la doble cadena de ADN.,Unen fragmentos de una hebra de la doble cadena de ADN.,2
2021,108,Genética,Citogenética y Alteraciones Cromosómicas,Un cromosoma metacéntrico es aquel cuyo centrómero se localiza:,En el extremo del cromosoma.,Equidistante de los extremos.,Más cerca de un extremo que de otro.,Fuera de la cromátida.,2
2021,109,Bioquímica y Biología Molecular,Procesos Moleculares,¿Dónde se localizan los cebadores sintetizados en la cadena retrasada?:,Al inicio de cada fragmento de Okazaki.,En varios sitios dentro de un fragmento de Okazaki.,Sólo en el extremo 3’ de la cadena recientemente sintetizada.,Sólo en el extremo 5’ de la cadena recientemente sintetizada.,1
2021,110,Bioquímica y Biología Molecular,Procesos Moleculares,"En Escherichia coli, el factor sigma de la ARN polimerasa participa en:",La unión de la ARN polimerasa al promotor.,La actividad catalítica de la ARN polimerasa.,La elongación durante la transcripción.,La terminación de la transcripción.,1
2021,111,Bioquímica y Biología Molecular,Procesos Moleculares,"Durante la traducción, las reglas del tambaleo (wobble) permiten:",Que el código genético no sea degenerado.,Que el código genético se superponga.,Que el ARNt se aparee sólo con un codón.,Que la tercera base presente flexibilidad en su apareamiento.,4
2021,112,Bioquímica y Biología Molecular,"Proteínas, Enzimas y Aminoácidos",Las proteínas Ras se activan cuando:,Unen GTP.,Liberan GTP.,Unen GDP.,Se acetilan.,1
2021,113,Genética,Genética Mendeliana y Herencia,Es una enfermedad con herencia autosómica recesiva:,Hipercolesterolemia familiar.,Corea de Huntington.,Síndrome de Marfan.,Fibrosis quística.,4
2021,114,Genética,Genética Mendeliana y Herencia,La proporción fenotípica dihíbrida en la epistasia simple recesiva es:,9:7.,12:3:1.,13:3.,9:3:4.,4
2021,115,Genética,Genética Mendeliana y Herencia,¿Cuál de las siguientes técnicas diagnostica un síndrome de Angelman?:,Citogenética convencional (cariotipo de bandas G).,Hibridación in situ con fluorescencia (FISH) con sonda telomérica.,Hibridación in situ con fluorescencia (FISH) con sonda locus-específica.,Secuenciación Sanger.,3
2021,116,Genética,Citogenética y Alteraciones Cromosómicas,¿Cuántos pares de cromosomas metacéntricos hay en el cariotipo humano?:,6.,8.,4.,2.,3
2021,117,Biología Celular e Histología,Histología Humana,Es una enfermedad genética causada por expansión por repetición de trinucleótidos:,Distrofia muscular de Duchènne.,Ataxia de Friedreich.,Síndrome de Noonan.,Enfermedad de Gaucher.,2
2021,118,Genética,Genética de Poblaciones y Evolución,¿Qué valor numérico alcanza la heredabilidad (h2) en una población donde toda la varianza de un carácter cuantitativo es ambiental y NO genética?:,Menos uno (-1).,Uno (1).,Infinita.,Cero (0).,4
2021,119,Bioquímica y Biología Molecular,Procesos Moleculares,Los nucleosomas están formados por:,Dos dímeros de histonas H2A-H2B y dos dímeros de histonas H3-H4.,Tres dímeros de histonas H2A-H2B y un tetrámero de histonas H3-H4.,Un dímero de histonas H2A-H2B y un dímero de histonas H3-H4.,Dos dímeros de histonas H2A-H2B y un dímero de histonas H3-H4.,1
2021,120,Bioquímica y Biología Molecular,Metabolismo Energético,"Para introducir un gen en una célula objetivo, existen diferentes métodos de entrega, físicos y químicos. En las descripciones indicadas a continuación, señala cuál es un método químico:","En la entrega hidrodinámica, el aumento de la presión hidrostática ampliará los poros celulares permitiendo la entrega.","La electroporación y nucleofección se basan en el uso de un pulso eléctrico para abrir poros transitorios en la membrana celular y la membrana nuclear, respectivamente.",La microinyección con una aguja es un método aplicado a células de tamaño normal.,"Los sistemas de entrega basados en lípidos están muy generalizados, e incluyen diferentes tipos de partículas.",4
2021,121,Bioquímica y Biología Molecular,Procesos Moleculares,"Para poder extraer el ADN genómico de un tejido específico, todos los métodos incluyen unas etapas básicas. En este contexto, ¿cuál de los enunciados a continuación NO es correcto?:","La primera etapa consiste en la lisis celular, que implica la ruptura de la membrana celular para liberar los componentes celulares.","Durante la extracción del ADN no es necesario inactivar las nucleasas intracelulares, puesto que el ADN está protegido en el interior del núcleo.","Tras la lisis celular, hay que proceder a la separación del ADN del resto de los componentes celulares.",El último paso consiste en la purificación y concentración de ácidos nucleicos.,2
2021,122,Bioquímica y Biología Molecular,Procesos Moleculares,Las repeticiones cortas en tándem de 10 a 100 nucleótidos a lo largo del genoma eucariota se conocen como:,Marco abierto de lectura (Open Reading Frame).,Variable Number of Tandem Repeats (VNTRs).,Long Interspersed Element (LINES).,Short Interspersed Element (SINES).,2
2021,123,Biología Celular e Histología,"Ciclo Celular, Mitosis y Apoptosis",La metafase es una parte de la mitosis en la que se:,Da el intervalo entre dos divisiones.,Sintetiza el ADN.,Descompone la envoltura nuclear.,Disponen los centrómeros en la placa metafásica.,4
2021,124,Genética,Citogenética y Alteraciones Cromosómicas,La translocación t(11;22)(q24;q12) se asocia a:,Sarcoma de Ewing.,Tumor de Wilms.,Retinoblastoma.,Neuroblastoma.,1
2021,125,Estadística y Metodología,Bioestadística,"En un diagrama de cajas (“Box-plot” o “Boxand-Whisker plot”) que usamos para describir un conjunto de valores cuantitativos, los valores que delimitan la caja central son:",La mediana y el cuartil 95%.,Los límites del intervalo de confianza para la media al 95%.,La media más/menos el rango intercuartílico.,El primer y tercer cuartil.,4
2021,126,Estadística y Metodología,Bioestadística,"Como resultado de un contraste de hipótesis para testear la hipótesis nula H0, se obtiene un p-valor (o valor P) de 0.025. Por tanto:",Se acepta H0 al nivel de significación 0.05 y se rechaza al 0.01.,Se rechaza H0 a los niveles de significación 0.05 y 0.01.,Se rechaza H0 al nivel de significación 0.05 y se acepta al 0.01.,Se acepta H0 a los niveles de significación 0.05 y 0.01.,3
2021,127,Estadística y Metodología,Bioestadística,El gráfico adecuado para representar las frecuencias de una variable cuantitativa continua que hemos agrupado en intervalos de distinta longitud es:,Un diagrama de barras.,Un gráfico de tarta.,Un histograma.,Un diagrama de cajas (“Box-plot”).,3
2021,128,Estadística y Metodología,Bioestadística,"Para averiguar si un tratamiento es efectivo se han tomado datos cuantitativos de un conjunto de individuos antes y después de aplicar dicho tratamiento. Asumiendo un tamaño muestral suficientemente grande, el test apropiado que debemos aplicar es:",Test t para diferencia de medias con varianzas desconocidas pero iguales.,Test t para diferencia de medias con varianzas desconocidas y diferentes.,Test t para muestras apareadas.,Test de Shapiro-Wilk.,3
2021,129,Inmunología,Inmunidad Adaptativa,"Se ha construido una tabla de contingencia 2x3 cruzando la variable Vacunación (Si/No) con la gravedad de una dolencia (Asintomática, Leve, Grave). Para determinar si hay falta de asociación (u homogeneidad) entre ambas variables se emplea:",El test ji(chi)-cuadrado con 2 grados de libertad.,El test ji(chi)-cuadrado con 4 grados de libertad.,El test de la F con 2 y 3 grados de libertad.,El test de Wilcoxon de suma de rangos con su aproximación normal.,1
2021,130,Genética,Citogenética y Alteraciones Cromosómicas,En relación con la inactivación del cromosoma X en mujeres es FALSO que:,"El patrón de inactivación del cromosoma X ocurre al azar, entre el cromosoma X materno o paterno, a lo largo del desarrollo embrionario y se fija pocos días antes del nacimiento.",El cromosoma X inactivado es silenciado por un “long non coding (lnc)” ARN.,Un gen crítico para la inactivación del cromosoma X es el gen XIST.,El gen XIST se expresa en el cromosoma X que va a ser inactivado.,1
2021,131,Bioquímica y Biología Molecular,Bioquímica Clínica,La subunidad alfa de la tirotropina (TSH) es útil en el diagnóstico de:,Hipertiroidismo.,Hipotiroidismo.,Tumores hipofisarios.,Hipotiroidismo subclínico.,3
2021,133,Hematología,Fisiología y Patología Eritrocitaria,Es característico de la nefropatía diabética:,Un incremento en la excreción de albumina (> 30 mg/día).,Una disminución de los niveles de hemoglobina glicosilada (<6%).,"Un incremento del filtrado glomerular (>120 mL/min/1,73 m2).",Un descenso en los niveles de colesterol LDL circulante (< 80mg/dL).,1
2021,134,Bioquímica y Biología Molecular,Metabolismo Energético,La principal apolipoproteína presente en las partículas de colesterol-LDL es la:,1 C.,2 E.,B-48.,B-100.,4
2021,135,Bioquímica y Biología Molecular,Metabolismo Energético,"Según su movilidad electroforética en suero, las partículas de colesterol-HDL migran en la fracción:",Pre-Beta.,Alfa.,Beta.,Origen.,2
2021,136,Bioquímica y Biología Molecular,Metabolismo Energético,El poder reductor de la síntesis de ácidos grasos lo aporta:,Nicotinamida-adenina-dinucleótido fosfato (NADP+).,Nicotinamida-adenina-dinucleótido (NAD+).,Flavina-adenina-dinucleótido (FAD).,Flavina-mononucleótido (FAM).,1
2021,138,Biología Celular e Histología,Histología Humana,Uno de los siguientes marcadores NO es de formación ósea:,Osteocalcina.,Isoenzima ósea de la fosfatasa alcalina.,Propéptido carboxiterminal del procolágeno I (PICP).,Fosfatasa ácida tartrato resistente (FATR).,4
2021,139,Bioquímica y Biología Molecular,Bioquímica Clínica,Un marcador tumoral sérico de cáncer de tiroides es:,Antígeno carcinoembrionario.,Tiroglobulina.,Tirotropina.,Tiroxina.,2
2021,140,Genética,Genética Mendeliana y Herencia,La causa más frecuente de hiperbilirrubinemia no conjugada es:,Síndrome de Gilbert.,Ictericia neonatal.,Hepatopatía crónica.,Hemólisis de cualquier etiología.,2
2021,141,Bioquímica y Biología Molecular,Procesos Moleculares,Se define la epigenética como:,Todas las variantes nucleotídicas adquiridas por un individuo después del nacimiento.,"Todas las vías moleculares que afectan la regulación de los genes, por modificaciones heredables o no, que no cambian la secuencia de ADN.",Todos los mecanismos moleculares que afectan a las histonas o a la estructura de la cromatina.,Son los procesos de metilación del ADN tras la diferenciación celular.,2
2021,142,Fisiología y Anatomía,Endocrino y Reproductor,Respecto al concepto de enfermedad autosómica recesiva hereditaria:,"El individuo hereda dos alelos anormales en un locus genético dado, al recibir un alelo mutante de cada progenitor portador; el gen causante de la enfermedad está en uno de los autosomas y no en los cromosomas sexuales.","El individuo hereda dos alelos anormales en un locus genético dado, al recibir un alelo mutante de cada progenitor portador; el gen causante de la enfermedad está en uno de los cromosomas sexuales.","Es una enfermedad que, al ser recesiva, permanece oculta en el genoma y se transmite sólo a los nietos.",Es una enfermedad que afecta a los cromosomas por una meiosis aberrante durante la formación del ovocito o el espermatozoide.,1
2021,143,Bioquímica y Biología Molecular,Procesos Moleculares,El ADN fetal que circula en el plasma de la gestante:,Representa todo el ADN plasmático que se extrae de la sangre materna.,Sólo circula ADN fetal en la gestante cuando existe sufrimiento fetal o placentario.,"Su estudio es útil únicamente en trastornos que afecten al cromosoma Y, para evitar confundirlo con el ADN materno.",Es un porcentaje pequeño respecto al ADN que circula en el plasma materno.,4
2021,144,Inmunología,Inmunidad Adaptativa,Respecto al diagnóstico prenatal no invasivo del gen RHD fetal en plasma de una gestante con antígeno RhD negativo:,"No se puede realizar, dado que la madre con RhD negativo no ha perdido el gen, sino que lo ha colocado de forma antiparalela en su ADN y, aunque no se transcribe, el ADN circula en su plasma.","La mayoría de las veces que la madre no expresa el antígeno RhD es por pérdida del material codificante de esta proteína, de modo que el detectar exones de dicho gen en el plasma materno implica alta posibilidad de que el feto sea RhD positivo.",No tiene utilidad clínica porque la madre nunca se inmunizará contra una proteína de membrana de su feto.,"Al no existir ningún tratamiento ni medida preventiva para evitar la inmunización de la madre, no tiene utilidad diagnóstica.",2
2021,145,Microbiología y Parasitología,Virología,La farmacogenética:,Se refiere a los fármacos de diseño genético creados en los laboratorios para aplicar como fármacos de terapia génica.,Se refiere a los estudios genéticos orientados al diseño de nuevos fármacos de origen viral que podrán ser utilizados contra el cáncer.,Estudia exclusivamente a los virus que causan cáncer para poder bloquearlos antes de que infecten al ser humano.,"Puede predecir y/o explicar cómo responden las personas a los fármacos, y es un componente destacado de la medicina personalizada y de precisión.",4
2021,146,Fisiología y Anatomía,Renal y Digestivo,La cistatina C:,Es una proteína glicosilada de alto peso molecular que conforma un tetrámero con cuatro subunidades de 128 kDa.,Su concentración sérica se correlaciona inversamente con la tasa de filtración glomerular.,Se utiliza como marcador de remodelamiento óseo.,Se asocia a la cistinuria del recién nacido.,2
2021,147,Bioquímica y Biología Molecular,Bioquímica Clínica,En relación al análisis del líquido sinovial:,En la condrocalcinosis encontramos cristales de urato monosódico.,Los cristales de pirofosfato cálcico dihidrato tienen forma de aguja y birrefringencia negativa.,El líquido sinovial no patológico puede contener hasta 200 leucocitos/µL.,En la gota se observan cristales de oxalato cálcico.,3
2021,148,Bioquímica y Biología Molecular,Bioquímica Clínica,Los siguientes analitos se comportan como reactantes de fase aguda EXCEPTO:,Interleuquina-6.,IgM.,Ceruloplasmina.,Procalcitonina.,2
2021,149,Fisiología y Anatomía,Renal y Digestivo,En relación a la proteinuria ortostática NO es cierto que:,Son necesarias dos muestras de orina para establecer el diagnóstico.,Se considera una proteinuria transitoria.,El cociente proteína/creatinina es <0.2 tras 6 horas en bipedestación.,Supone más del 60% de los casos de proteinuria asintomática en niños y su incidencia aumenta en la adolescencia.,3
2021,150,Fisiología y Anatomía,Renal y Digestivo,Las células sanguíneas que NO se detectan en la tira reactiva del análisis de orina son:,Linfocitos.,Eosinófilos.,Monocitos.,Neutrófilos.,1
2021,151,Estadística y Metodología,Bioestadística,El estado redox intramitocondrial en sangre se mide mediante el cociente:,Lactato/piruvato.,β-Hidroxibutirato/acetoacetato.,NADPH/NADP+.,ATP/ADP.,2
2021,152,Fisiología y Anatomía,Endocrino y Reproductor,La insulina NO:,Activa la glucolisis y lipólisis.,Estimula la captación de glucosa por el tejido adiposo.,Estimula la síntesis de glucógeno y proteínas.,Estimula la captación intracelular de potasio.,1
2021,153,Bioquímica y Biología Molecular,Metabolismo Energético,En relación al metabolismo del glucógeno en el músculo:,La glucosa plasmática regula el metabolismo del glucógeno en el músculo.,El calcio inhibe la fosforilasa-b-kinasa.,La insulina favorece la síntesis del glucógeno.,El propio glucógeno activa su síntesis.,3
2021,154,Bioquímica y Biología Molecular,Procesos Moleculares,Las histonas:,Forma los nucleosomas con el ADN eucariótico.,Tienen actividad DNAsa I y corrige los errores de la replicación.,Tienen 8 conformaciones alfa diferentes.,Enrollan 640 nucleótidos de ADN por vuelta.,1
2021,155,Bioquímica y Biología Molecular,Metabolismo Energético,La mitocondria:,Tiene su propio ADN circular.,Compartimentaliza en la célula la glicolisis y el ciclo de la urea.,"Tiene tres membranas: externa, interna y de las crestas.",Transfiere electrones de la vitamina C a la glicolisis.,1
2021,156,Bioquímica y Biología Molecular,Procesos Moleculares,Los telómeros:,Necesitan de dos polimerasas distintas para transcribirse.,No utilizan fragmentos de Okazaki para replicarse.,Tienen en su ADN cientos de repeticiones en serie de una secuencia de seis nucleótidos.,Se van acortando por la digestión que hace la telomerasa a partir del extremo 3’.,3
2021,157,Fisiología y Anatomía,Endocrino y Reproductor,Los receptores hormonales nucleares:,Se regulan exclusivamente mediante derivados de la vitamina D.,Se unen a los extremos nacientes del ARN recién transcrito en el núcleo.,Se unen al ADN mediante cremallera leucina ZIP en su extremo carboxilo.,Reclutan coactivadores después de unirse a un ligando esteroide.,4
2021,158,Bioquímica y Biología Molecular,"Proteínas, Enzimas y Aminoácidos",¿Qué carga tendrá la población de aminoácidos con grupos R no ionizables en solución a cualquier pH por debajo del punto isoeléctrico?:,Carga neta negativa.,Carga neta positiva.,Ningún grupo cargado.,Cargas positivas y negativas en igual concentración.,2
2021,159,Bioquímica y Biología Molecular,"Proteínas, Enzimas y Aminoácidos","Añadiendo SDS (dodecil sulfato de sodio) durante la electroforesis de las proteínas, es posible:",Determinar el punto isoeléctrico de una proteína.,Determinar la composición de aminoácidos de la proteína.,Preservar la estructura nativa de una proteína y su actividad biológica.,Separar las proteínas exclusivamente en función del peso molecular.,4
2021,160,Bioquímica y Biología Molecular,"Proteínas, Enzimas y Aminoácidos",En un gráfico de V0 frente a [S] para una enzima que sigue la cinética de Michaelis-Menten es FALSO que:,"A una [S] muy alta, la curva de velocidad se convierte en una línea horizontal que corta el eje Y en Km.",Km es la [S] en la que V0 = 1/2 Vmax.,La forma de la curva es una hipérbola.,El eje Y es un término de velocidad con unidades de µmoles/min.,1
2021,161,Bioquímica y Biología Molecular,Procesos Moleculares,"Tras la unión de la ARN polimerasa de E. coli, el orden correcto de los acontecimientos para que se inicie la transcripción es:","Formación de complejo cerrado, formación de complejo abierto, desalojo del promotor, inicio de la síntesis de ARN.","Formación de complejo cerrado, formación de complejo abierto, inicio de la síntesis de ARN, desalojo del promotor.","Formación de complejo abierto, formación de complejo cerrado, inicio de la síntesis de ARN, desalojo del promotor.","Inicio de la síntesis de ARN, formación de complejo cerrado, formación de complejo abierto, desalojo del promotor.",2
2021,162,Bioquímica y Biología Molecular,Procesos Moleculares,La maduración (“splicing”) alternativa del ARNm puede dar lugar a:,Un cambio en la proporción de ARNm producido a partir de dos genes adyacentes.,La unión de la cola de poli(A) al extremo 5' de un ARNm.,La producción de la misma proteína a partir de dos genes diferentes.,La producción de dos proteínas distintas a partir de un único gen.,4
2021,163,Biología Celular e Histología,"Orgánulos, Citoesqueleto y Matriz","En relación al cianuro, oligomicina y 2,4- dinitrophenol (DNP) como inhibidores y/o desacoplantes de la fosforilación oxidativa mitocondrial es correcto que:","El cianuro y 2,4-dinitrophenol inhiben la cadena respiratoria, y oligomicina inhibe la síntesis de ATP.","El cianuro inhibe la cadena respiratoria, mientras que la oligomicina y el 2,4-dinitrophenol impiden la síntesis de ATP.","La oligomicina inhibe la cadena respiratoria, mientras que el cianuro y 2,4-dinitrophenol previenen la síntesis de ATP.","El cianuro, oligomicina y 2,4-dinitrophenol compiten con O2 en su unión a la citocromo oxidasa en el complejo IV.",2
2021,164,Bioquímica y Biología Molecular,Metabolismo Energético,El paso limitante (punto de regulación) en la síntesis de ácidos grasos es:,Condensación de acetil-CoA y malonil-CoA.,La formación de malonil-CoA a partir de malonato y CoA.,La síntesis de malonil-CoA en la reacción catalizada por la acetil-CoA carboxilasa.,La síntesis de acetil-CoA a partir de acetato y CoA.,3
2021,165,Bioquímica y Biología Molecular,Metabolismo Energético,La oxidación de 3 moles de glucosa por la ruta de las pentosas fosfato puede resultar en la producción de:,"3 moles de pentosa-fosfato, 4 moles de NA- DPH y 3 moles de CO2.","3 moles de pentosa-fosfato, 6 moles de NA- DPH y 3 moles de CO2.","2 moles de pentosa-fosfato, 4 moles de NA- DPH y 8 moles de CO2.","3 moles de pentosa-fosfato, 3 moles de NA- DPH y 3 moles de CO2.",2
2021,166,Microbiología y Parasitología,Bacteriología,¿Qué afirmación es FALSA respecto a Pseudomonas aeruginosa?:,Son bacterias Gram-negativas incapaces de fermentar lactosa.,Más del 90% de las cepas dan negativa la prueba de la oxidasa.,Son patógenos oportunistas.,Se asocian sobre todo a infecciones en pacientes hospitalizados y en individuos con fibrosis quística.,2
2021,167,Microbiología y Parasitología,Bacteriología,La ceftazidima-avibactam o el imipenemrelebactam son dos antibióticos que:,Se dirigen al ribosoma bacteriano.,"Poseen una acción dual, bloqueando la acción de las metil transferasas ribosómicas.",Poseen excelente actividad frente a enterobacterias inhibiendo enzimas del tipo carbapenemasa.,Poseen una excelente actividad sobre bacterias Gram-positivas incluyendo los estafilococos resistentes a meticilina.,3
2021,168,Microbiología y Parasitología,Antimicrobianos y Resistencias,Cuál de los siguientes compuestos NO posee una estructura del tipo β-lactámico :,Vaborbactam.,Cefoxitina.,Imipenem.,Aztreonam.,1
2021,169,Microbiología y Parasitología,Bacteriología,Helicobacter pylori es un:,Bacilo Gram-negativo.,Coco Gram-positivo.,Bacilo Gram-positivo.,Microorganismo sin pared celular y por tanto no se tiñe por la técnica de Gram.,1
2021,170,Microbiología y Parasitología,Bacteriología,Los estafilococos NO crecen en medio de:,Agar sangre.,Agar chocolate.,Agar Mueller-Hinton.,Agar MacConkey.,4
2021,171,Microbiología y Parasitología,Bacteriología,Streptococcus pneumoniae puede identificarse en el laboratorio mediante una PCR del gen:,mecA.,lytA.,vanA.,Spa.,2
2021,172,Microbiología y Parasitología,Bacteriología,Respecto a Listeria monocytogenes es FALSO que:,Produce beta-hemólisis en medios de cultivo con sangre.,Produce catalasa.,Las técnicas serológicas no son útiles para el diagnóstico de la infección.,El tratamiento de las infecciones se realiza con cefalosporinas.,4
2021,173,Microbiología y Parasitología,Antimicrobianos y Resistencias,Los microorganismos del género Enterococcus presentan resistencia intrínseca a:,Cefalosporinas.,Penicilinas.,Glucopéptidos.,Carbapenemas.,1
2021,174,Microbiología y Parasitología,Bacteriología,"En el hombre, la manifestación clínica más característica de la infección por Neisseria gonorrhoeae es la:",Infección urinaria.,Uretritis aguda.,Artritis séptica.,Dermatitis vascular.,2
2021,175,Microbiología y Parasitología,Bacteriología,La tosferina o tos paroxística está causada por:,Streptococcus pneumoniae.,Haemophilus influenzae.,Moraxella catarrhalis.,Bordetella pertussis.,4
2021,176,Fisiología y Anatomía,Renal y Digestivo,Vibrio cholerae:,Es inmóvil.,Causó la última pandemia en 1923.,Se clasifica en tres serogrupos en función de su antígeno O.,Se aísla específicamente en agar TCBS (agar tiosulfato citrato bilis sacarosa).,4
2021,177,Microbiología y Parasitología,Bacteriología,¿Cuál de los siguientes géneros es un bacilo Gram-negativo anaeróbico?:,Clostridium.,Escherichia.,Veillonella.,Fusobacterium.,4
2021,178,Microbiología y Parasitología,Bacteriología,La asociación correcta entre especie y patología producida es:,"Yersinia enterocolitica, artritis.","Yersinia tuberculosis, neumonía.","Yersinia pestis, enteritis mesentérica.","Yersinia pseudotuberculosis, tuberculosis.",1
2021,179,Microbiología y Parasitología,Bacteriología,La asociación FALSA entre infección producida y bacilos Gram-negativos no fermentadores es:,"Otitis externa, Pseudomonas aeruginosa.","Infección pulmonar en pacientes con fibrosis quística, Burkholdheria cepacia.","Neumonía nosocomial, Acinetobacter baumannii.","Fiebre de Malta, Stenotrophomonas maltophilia.",4
2021,180,Microbiología y Parasitología,Antimicrobianos y Resistencias,La asociación FALSA entre antibióticomecanismo de resistencia en bacilos Gramnegativos es:,"Quinolonas, bombas de expulsión.","Polimixinas, modificación del lipopolisacárido.","Aminoglicósidos, modificación de la ADN girasa.","Cefalosporinas, beta-lactamasas.",3
2021,181,Microbiología y Parasitología,Bacteriología,La resistencia a los antibióticos beta-lactámicos en bacilos Gram-negativos NO está mediada por:,Mutaciones en las PBP.,Modificación de la subunidad ribosomal 50S.,Represión de porinas.,Producción de carbapenemasas.,2
2021,182,Microbiología y Parasitología,Bacteriología,Acerca de Mycobacterium tuberculosis:,Es un bacilo anaerobio.,"La pared tiene muchos lípidos, incluyendo los ácidos micólicos.",La detección microscópica no se utiliza en el diagnóstico.,Tiene un crecimiento rápido en los medios de cultivo.,2
2021,183,Microbiología y Parasitología,Bacteriología,Sobre Mycobacterium leprae es FALSO que:,Es un bacilo ácido-alcohol resistente.,No crece en los medios de cultivo artificiales (acelulares).,El reservorio y fuente de contagio es ambiental.,Produce una infección crónica afectando piel y nervios periféricos.,3
2021,184,Microbiología y Parasitología,Bacteriología,Sobre el género Actinomyces es FALSO que:,Son bacilos Gram-negativos anaerobios.,Crecen lentamente en los medios de cultivo.,Pueden causar una infección crónica y supurativa.,"En el tratamiento de las infecciones que causa, la penicilina es el antimicrobiano de elección.",1
2021,185,Microbiología y Parasitología,Micología,Sobre los fármacos antifúngicos es FALSO que:,Los azoles sólo pueden administrase por vía intravenosa o tópica.,La anfotericina B actúa uniéndose al ergosterol.,La caspofungina es activa frente a los géneros Candida y Aspergillus.,La 5-Fluorocitosina actúa inhibiendo la síntesis del ADN y ARN.,1
2021,186,Microbiología y Parasitología,Micología,Respecto al género Aspergillus es FALSO que:,Es un hongo dimórfico.,Crece bien en el medio de Sabouraud.,Su aislamiento en un paciente puede indicar infección o una simple colonización.,La detección sérica del galactomanano ayuda en el diagnóstico de las infecciones invasivas.,1
2021,187,Microbiología y Parasitología,Virología,"¿Cuál de los siguientes virus está formado por ADN bicatenario, tiene simetría icosaédrica y presenta envoltura?:",Virus del herpes tipo 1 y tipo 2.,Astrovirus.,Poxvirus.,Coronavirus.,1
2021,188,Microbiología y Parasitología,Virología,"¿Qué método resulta poco útil para el diagnóstico del virus herpes simple, en el contexto de una infección vírica recurrente?:",Examen microscópico directo de células de la base de la lesión.,Serología.,Cultivos celulares.,Reacción en cadena de la polimerasa (PCR).,2
2021,189,Microbiología y Parasitología,Virología,¿Qué virus tiene como reservorio a los monos y como vector de transmisión a los mosquitos del género Aedes?:,Virus del dengue.,Virus de la rabia.,Virus de la encefalitis.,Virus de Lassa.,1
2021,190,Microbiología y Parasitología,Virología,¿Cuál de los siguientes virus pertenece a la familia Flaviviridae?:,Virus del ebola.,Virus del dengue.,Virus del chikungunya.,Rotavirus.,2
2021,191,Microbiología y Parasitología,Virología,"En relación con la rubeola congénita, ¿en qué periodo de la gestación es más grave la afectación fetal?:",Primer trimestre.,Segundo trimestre.,Tercer trimestre.,Coincidiendo con el parto.,1
2021,192,Microbiología y Parasitología,Virología,¿Cuál de las siguientes moléculas NO es un receptor para la entrada celular del virus de la inmunodeficiencia humana tipo 1 (VIH-1)?:,CD4.,CD8.,CCR5.,CXCR4.,2
2021,193,Microbiología y Parasitología,Virología,¿Cuál de los siguientes virus infecta preferentemente a las células progenitoras eritroides?:,Sarampión.,Rubeola.,Parotiditis.,Parvovirus B19.,4
2021,194,Microbiología y Parasitología,Virología,NO pertenece a la familia Paramyxoviridae:,Virus influenza A.,Virus parainfluenza 1.,Virus de la parotiditis.,Virus del sarampión.,1
2021,195,Microbiología y Parasitología,Virología,La transmisión del virus de la hepatitis E en países desarrollados está frecuentemente relacionada con la vía:,Oral por ingesta de agua contaminada.,Oral por ingesta de carne de animales contaminados.,Respiratoria.,Parenteral por transfusión de sangre de donantes infectados.,2
2021,196,Microbiología y Parasitología,Bacteriología,El diagnóstico parasitológico diferencial entre una Tenia solium y una Tenia saginata se basa en:,La observación de huevos en el concentrado de heces.,El cultivo de las heces en agar enriquecido con carbón.,La observación macroscópica de las ramificaciones uterinas de las proglótides grávidas.,La reacción de la muestra tras lavado con suero fisiológico.,3
2021,197,Microbiología y Parasitología,Parasitología,¿Cuál es el tratamiento de elección de Cryptosporidum sp. en un paciente inmunodeprimido?:,Nitazoxanida.,Cotrimoxazol.,Atovaquona.,Eflornitina.,1
2021,198,Microbiología y Parasitología,Parasitología,¿Qué forma del parásito Plasmodium inyecta el mosquito Anopheles cuando pica al ser humano trasmitiendo la infección?:,Trofozoíto.,Esquizonte.,Esporozoíto.,Merozoíto.,3
2021,199,Microbiología y Parasitología,Bacteriología,¿Cuál de estos hallazgos analíticos aparece en la infección por Plasmodium falciparum?:,Trombocitopenia.,Piuria.,Hipocolesterolemia.,Hipercalcemia.,1
2021,200,Microbiología y Parasitología,Bacteriología,Respecto a Acinetobacter baumannii es FALSO que:,Al microscopio típicamente se observa como un bacilo Gram-negativo largo y fino.,Es negativo para la prueba de la oxidasa.,Suele ser resistente a múltiples antibióticos.,Puede ser causa de neumonía en pacientes ingresados en unidades de cuidados intensivos.,1
2021,201,Fisiología y Anatomía,Endocrino y Reproductor,¿Cómo se denomina la falta de descenso de los testículos desde la cavidad abdominal al escroto?:,Criptorquidia.,Orquitis.,Anorquia.,Hipospadias.,1
2021,202,Fisiología y Anatomía,Cardiovascular y Respiratorio,Los discos intercalares son propios del:,Músculo esquelético.,Músculo liso.,Músculo cardíaco.,Músculo vascular arterial.,3
2021,203,Fisiología y Anatomía,Cardiovascular y Respiratorio,¿En cuáles de las siguientes células son característicos los cristales de Reinke?:,Células caliciformes del intestino.,Hepatocitos.,Macrófagos alveolares.,Células de Leydig.,4
2021,204,Inmunología,Inmunidad Innata y Complemento,¿Qué función es propia de los neumocitos tipo II?:,Intercambio gaseoso.,Fagocitosis de microorganismos.,Síntesis de sustancia surfactante.,Síntesis de mucinógeno.,3
2021,205,Inmunología,Inmunopatología,¿Cuál de los siguientes enunciados respecto a las reacciones alérgicas es INCORRECTO?:,La alergia es una enfermedad que típicamente se produce por una respuesta inmune de tipo 1 mediada por las citoquinas IFNγ y TNFα que inducen la producción de IgE.,En individuos atópicos se suelen producir altos niveles de IgE frente a alérgenos ambientales.,La mayoría de los alérgenos son proteínas o sustancias químicas unidas a proteínas.,El desarrollo de las enfermedades alérgicas es el resultado de complejas (y no completamente conocidas) interacciones entre genes y ambiente.,1
2021,206,Estadística y Metodología,Bioestadística,"Tenemos dos variables X e Y que son incorreladas entre ellas (su coeficiente de correlación r=0). Si construyéramos la recta de regresión Y=a+bX+e, entonces con toda seguridad:",La media de X es cero.,El parámetro pendiente (b) es cero.,El parámetro ordenada en el origen (a) es cero.,La media de Y es b veces la media de X.,2
2021,207,Bioquímica y Biología Molecular,Metabolismo Energético,¿Cuál de los siguientes ácidos grasos produce más ATP tras la oxidación completa (CO2+H2O) de 1 mol de cada uno de ellos?:,Ácido graso saturado de 16 carbonos.,Ácido graso monoinsaturado de 16 carbonos.,Ácido graso monoinsaturado de 18 carbonos.,Ácido graso poliinsaturado de 16 carbonos.,3
2021,208,Bioquímica y Biología Molecular,Metabolismo Energético,"¿Cuál de las siguientes acciones conduce a la activación de la glucógeno fosforilasa, tanto hepática cómo muscular?:",Unión de glucosa-6-fosfato a un sitio de unión alostérico.,Defosforilación de residuos Ser/Thr por la proteína fosfatasa-1 (PP1).,Fosforilación de residuos específicos por la glucógeno fosforilasa quinasa.,Unión de glucosa a un sitio de unión alostérico.,3
2021,209,Microbiología y Parasitología,Bacteriología,Respecto a la estructura antigénica de Staphylococcus aureus es FALSO que contiene:,Ácidos teicoicos.,Ácidos micólicos.,Proteína A.,Factor de agregación.,2
2021,210,Microbiología y Parasitología,Virología,¿Qué virus de la familia Herpesviridae es capaz de producir enfermedad recurrente desde células progenitoras hematopoyéticas y monocitos y se considera una enfermedad oportunista?:,Virus de la varicela-zoster.,Citomegalovirus.,Virus Epstein-Barr.,Virus del herpes simple 1 y 2.,2
2022,1,Fisiología y Anatomía,Sistema Nervioso y Sentidos,"En el sistema nervioso central, la mielina que recubre los axones es proporcionada por:",Las células de Schwann.,Los astrocitos.,La microglía.,Los oligodendrocitos.,4
2022,2,Fisiología y Anatomía,Sistema Nervioso y Sentidos,El tamaño de los potenciales electrotónicos:,Aumenta exponencialmente con la distancia al punto de generación.,Disminuye exponencialmente con la distancia al punto de generación.,Cambia de forma lineal con la distancia al punto de generación.,No se modifica con la distancia al punto de generación.,2
2022,3,Fisiología y Anatomía,Sistema Nervioso y Sentidos,El reflejo flexor:,Conlleva inhibición recíproca de los extensores homolaterales.,Es un reflejo monosináptico.,Se produce en respuesta al estiramiento del músculo.,Es desencadenado por el órgano tendinoso de Golgi.,1
2022,4,Fisiología y Anatomía,Sistema Nervioso y Sentidos,"A medida que progresa la profundidad del sueño no-REM, la actividad electroencefalográfica se va haciendo:",De menor amplitud y mayor frecuencia.,De mayor amplitud y menor frecuencia.,De mayor amplitud y mayor frecuencia.,De menor amplitud y menor frecuencia.,2
2022,5,Fisiología y Anatomía,Sistema Nervioso y Sentidos,Los sistemas sensoriales codifican la intensidad de un estímulo en función de:,La amplitud de los potenciales de acción.,La frecuencia de los potenciales de acción.,El grado de adaptación del receptor.,La duración de los potenciales de acción.,2
2022,6,Fisiología y Anatomía,Endocrino y Reproductor,El radioinmunoanálisis (RIA) aplicado a la determinación hormonal:,Utiliza marcadores fluorescentes para medir las concentraciones de las hormonas.,Necesita anticuerpos que unan la hormona a medir.,Determina cantidades de hormona siempre que sean superiores a 1 microgramo/decilitro.,No es cuantitativo.,2
2022,7,Fisiología y Anatomía,Endocrino y Reproductor,¿Cuál de las siguientes hormonas llega a la hipófisis a través de los vasos porta hipotálamohipofisarios?:,Hormona estimulante del folículo (FSH).,Hormona de crecimiento (GH).,Hormona adrenocorticotropa (ACTH).,Hormona liberadora de tirotropina (TRH).,4
2022,8,Fisiología y Anatomía,Renal y Digestivo,Sobre el mecanismo de la secreción de insulina en las células beta del páncreas:,El aumento de AMPc abre un canal de Ca2+.,El aumento de ATP cierra un canal de K+.,El aumento de AMPc abre un canal de K+.,El aumento de ATP cierra un canal de Na+.,2
2022,9,Fisiología y Anatomía,Cardiovascular y Respiratorio,Las hormonas tiroideas:,Disminuyen el gasto cardiaco.,Disminuyen la lipolisis.,Aumentan la síntesis de nuevas proteínas.,Inducen el aumento de peso corporal.,3
2022,10,Fisiología y Anatomía,Endocrino y Reproductor,¿Qué molécula es la precursora de la síntesis de cortisol en la corteza suprarrenal?:,Aldosterona.,Testosterona.,Colesterol.,Corticosterona.,3
2022,11,Fisiología y Anatomía,Cardiovascular y Respiratorio,Durante la primera fase de despolarización del potencial de acción cardiaco ventricular:,Se abren los canales de Na+.,Se abren los canales de Ca2+.,Se abren los canales de Cl-.,Se abren los canales de K+.,1
2022,12,Fisiología y Anatomía,Cardiovascular y Respiratorio,El retraso aurículo-ventricular en el sistema de conducción de la señal eléctrica en el corazón:,Permite que se complete la contracción de los ventrículos antes de la apertura de las válvulas semilunares.,Permite que se vacíen los ventrículos antes de que se llenen las aurículas.,Permite que se contraigan totalmente las aurículas antes de que se contraigan los ventrículos.,Es un fenómeno patológico que sólo se produce cuando aparecen anomalías en los marcapasos.,3
2022,13,Fisiología y Anatomía,Cardiovascular y Respiratorio,¿Cuál de las siguientes fases del ciclo cardíaco se inicia después del cierre de las válvulas semilunares?:,Contracción ventricular isovolumétrica.,Relajación ventricular isovolumétrica.,Llenado auricular.,Vaciado ventricular.,2
2022,14,Fisiología y Anatomía,Cardiovascular y Respiratorio,El movimiento de líquido desde los capilares hacia el intersticio se denomina:,Filtración.,Absorción.,Presión coloidosmótica.,Difusión.,1
2022,15,Fisiología y Anatomía,Sistema Nervioso y Sentidos,¿Qué nervio transporta la información procedente de los barorreceptores del seno carotideo al tronco del encéfalo?:,Vago.,Glosofaríngeo.,Hipogloso.,Frénico.,2
2022,16,Fisiología y Anatomía,Endocrino y Reproductor,"En el ciclo menstrual, el pico de hormona luteinizante (LH) promueve la:",Menstruación.,Proliferación endometrial.,Ovulación.,Atresia de folículos primordiales.,3
2022,17,Fisiología y Anatomía,Endocrino y Reproductor,La dihidrotestosterona es:,La precursora de la testosterona.,Hidrosoluble.,Más potente que la testosterona.,Un catabolito inactivo de la testosterona.,3
2022,18,Fisiología y Anatomía,Endocrino y Reproductor,La inhibina:,Es un esteroide ovárico.,Estimula la secreción de FSH.,Se secreta por las células de Leydig.,Se secreta por las células de la granulosa.,4
2022,19,Fisiología y Anatomía,Endocrino y Reproductor,Las contracciones de parto disminuyen por:,Oxitocina.,Prostaglandinas.,Distensión del cuello uterino.,Progesterona.,4
2022,20,Fisiología y Anatomía,Endocrino y Reproductor,La succión mamaria inhibe:,La secreción adenohipofisaria de prolactina.,La secreción neurohipofisaria de oxitocina.,La secreción hipotalámica de dopamina.,La galactopoyesis.,3
2022,21,Fisiología y Anatomía,Sistema Nervioso y Sentidos,En la regulación de la ingesta:,El neuropéptido Y estimula el apetito.,La ghrelina es una anorexina.,La leptina es una orexina.,Las neuronas del hipotálamo ventromedial actúan como centro del hambre.,1
2022,22,Fisiología y Anatomía,Renal y Digestivo,Con respecto a la saliva:,Las concentraciones iónicas se mantienen constantes independientemente del flujo de secreción.,Los acinos producen una secreción primaria cuya composición iónica es parecida a la del líquido extracelular.,"En condiciones, tanto de reposo como de máxima salivación, sodio y cloro están en concentraciones mayores que las plasmáticas.",Las concentraciones de potasio y bicarbonato son siempre menores a las plasmáticas.,2
2022,23,Fisiología y Anatomía,Renal y Digestivo,La onda alcalina postpandrial o “marea/oleada alcalina” se produce por:,La reabsorción de bicarbonato durante la secreción de ácido clorhídrico.,La inhibición de la anhidrasa carbónica en las células parietales u oxínticas.,La producción de pepsina en las células principales o peptídicas.,"La acción de inhibidores de la bomba de protones, como el omeprazol, en las células parietales u oxínticas.",1
2022,24,Bioquímica y Biología Molecular,"Proteínas, Enzimas y Aminoácidos","Sobre la secreción pancreática, puede afirmarse que:",La secretina estimula en los acinos pancreáticos la secreción enzimática.,La colecistoquinina o CCK estimula en los conductos pancreáticos la secreción de agua y bicarbonato.,Su principal componente es el pepsinógeno que se activa a pepsina.,La enterocinasa o enteropeptidasa intestinal convierte el tripsinógeno inactivo en tripsina activa.,4
2022,25,Bioquímica y Biología Molecular,"Proteínas, Enzimas y Aminoácidos",El transportador PepT1 dependiente de H+ de los enterocitos transporta:,Proteínas no digeridas.,Oligopéptidos y algunos antibióticos.,Aminoácidos libres.,Polipéptidos.,2
2022,26,Fisiología y Anatomía,Renal y Digestivo,El flujo sanguíneo renal:,Es inversamente proporcional a la presión hidrostática en la arteria renal.,Es independiente de la presión arterial.,Es muy inferior en la vasa recta en comparación con la corteza renal.,Aumenta tras estimulación simpática.,3
2022,27,Fisiología y Anatomía,Renal y Digestivo,"En relación con la permeabilidad al agua en el túbulo colector de las nefronas, es FALSO que:",Es proporcional a la concentración plasmática de hormona antidiurética (ADH).,Es proporcional a la permeabilidad al agua en el asa de Henle.,Es controlada por la inserción regulada de acuaporina 2 (AQP2) en la membrana apical de las células tubulares.,Permite controlar la concentración/dilución de la orina excretada.,2
2022,28,Fisiología y Anatomía,Renal y Digestivo,La excreción renal de una sustancia:,Es igual a la tasa de filtración glomerular.,Es independiente de la tasa de filtración glomerular.,Es igual a la cantidad filtrada menos la cantidad reabsorbida más la cantidad secretada.,Aumenta con la disminución de la tasa de filtración glomerular.,3
2022,29,Fisiología y Anatomía,Renal y Digestivo,En relación con el Asa de Henle de las nefronas:,"La rama ascendente gruesa es permeable para el NaCl, la urea y el agua.","La rama ascendente fina es permeable para el NaCl y la urea, pero no para el agua.","La rama ascendente fina es impermeable para el NaCl, la urea, y el agua.",Los procesos de transporte en el Asa de Henle no están relacionados con los del túbulo colector de la nefrona.,2
2022,30,Fisiología y Anatomía,Renal y Digestivo,En relación con el manejo renal del potasio:,La mayor parte del potasio filtrado en el glomérulo se reabsorbe en el túbulo proximal de la nefrona.,La regulación de la secreción de potasio tiene lugar en el túbulo proximal de la nefrona.,"La regulación de la secreción de potasio ocurre, por cotransporte con sodio, en la porción gruesa ascendente del Asa de Henle.",La concentración de potasio plasmático es regulada por el factor natriurético.,1
2022,31,Hematología,Fisiología y Patología Eritrocitaria,¿Cuántas moléculas de oxígeno pueden ser transportados por cada molécula de hemoglobina?:,2.,4.,8.,16.,2
2022,32,Hematología,Fisiología y Patología Eritrocitaria,La fórmula de la hemoglobina fetal es:,α2β2.,α2ϵ2.,α2ү2.,α2β2ү2.,3
2022,33,Fisiología y Anatomía,Renal y Digestivo,¿Cuál es la osmolaridad (mOsm/L) de una solución que contiene NaCl 150 milimolar y KCl 100 milimolar?:,250.,300.,500.,600.,3
2022,34,Hematología,Hemostasia y Coagulación,¿Qué vía de coagulación comienza con el factor de contacto o factor XII?:,Vía intrínseca.,Vía extrínseca.,Vía común.,Fibrinolisis.,1
2022,35,Hematología,Fisiología y Patología Eritrocitaria,El hierro liberado de los hematíes destruidos o viejos es transportado por:,Apoferritina.,Hemosiderina.,Ferritina.,Transferrina.,4
2022,36,Fisiología y Anatomía,Cardiovascular y Respiratorio,La presión transpulmonar es la diferencia entre:,La presión alveolar y la presión pleural.,La presión alveolar y la presión pulmonar.,La presión atmosférica y la presión alveolar.,La presión de espiración y la presión transmural.,1
2022,37,Fisiología y Anatomía,Cardiovascular y Respiratorio,Se denomina volumen residual a:,El volumen de aire que queda en los pulmones después de una espiración forzada.,El volumen adicional de aire que se puede inspirar mediante una inspiración forzada.,El volumen adicional de aire que se puede espirar mediante una espiración forzada.,El volumen de reserva inspiratoria más el volumen de reserva espiratoria.,1
2022,38,Fisiología y Anatomía,Cardiovascular y Respiratorio,La sustancia tensoactiva pulmonar es producida por:,Células epiteliales del bronquiolo.,Células alveolares (o neumocitos) tipo II.,Macrófagos alveolares.,Linfocitos.,2
2022,39,Fisiología y Anatomía,Cardiovascular y Respiratorio,Los cuerpos carotídeo y aórtico son quimiorreceptores periféricos que responden a los cambios de:,"Po2, Pco2 y pH.",Presión arterial y frecuencia respiratoria.,Solo a los cambios de Pco2.,Solo a los cambios de Po2.,1
2022,40,Fisiología y Anatomía,Cardiovascular y Respiratorio,El reflejo inhibidor de la inspiración de Hering- Breuer se estimula ante:,Aumento de la frecuencia cardíaca.,Aumento del volumen pulmonar.,Disminución de la frecuencia respiratoria.,Disminución del volumen corriente.,2
2022,41,Fisiología y Anatomía,Endocrino y Reproductor,"En el humano, ¿qué capas conforman el disco embrionario en la segunda semana de desarrollo?:","Ectodermo, mesodermo y endodermo.",Epiblasto e hipoblasto.,Ectodermo y endodermo.,Epiblasto.,2
2022,43,Fisiología y Anatomía,Renal y Digestivo,En el ser humano ¿cuál de las siguientes estructuras deriva del ectodermo?:,Páncreas.,Glándulas mamarias.,Riñón.,Corazón.,2
2022,44,Fisiología y Anatomía,Endocrino y Reproductor,En el ser humano ¿cuál de las siguientes estructuras deriva del metencéfalo?:,El bulbo raquídeo.,El tálamo.,La hipófisis.,El cerebelo.,4
2022,45,Fisiología y Anatomía,Endocrino y Reproductor,En el ser humano ¿dónde tiene lugar la fecundación normalmente?:,En la ampolla de la trompa uterina.,En el istmo de la trompa uterina.,En el útero.,En el cérvix.,1
2022,46,Bioquímica y Biología Molecular,"Proteínas, Enzimas y Aminoácidos",¿Cuál de las siguientes funciones NO es propia de las mitocondrias?:,Biosíntesis de aminoácidos.,Fosforilación oxidativa y síntesis de ATP.,Homeostasis de especies reactivas de oxígeno (ROS).,Modificaciones postraduccionales de proteínas de la vía secretora (glucosilaciones y puentes disulfuro).,4
2022,47,Biología Celular e Histología,"Orgánulos, Citoesqueleto y Matriz",¿Por medio de qué mecanismo se acidifica el lumen de los lisosomas y de las vacuolas?:,Por medio de difusión facilitada de iones.,Por medio de una bomba de protones.,Por la bomba Na+/K+.,Por la bomba de Ca2+.,2
2022,48,Bioquímica y Biología Molecular,Procesos Moleculares,¿En qué etapa del ciclo celular se produce la replicación del material genético en células eucariotas?:,Durante la fase G1.,Durante la fase S.,En la profase.,En la prometafase.,2
2022,49,Fisiología y Anatomía,Sistema Nervioso y Sentidos,¿Cómo transmiten la señal los receptores de membrana acoplados a proteínas G?:,El ligando se une al receptor de siete dominios transmembrana que está asociado a una proteína G heterotrimérica.,"Sus ligandos, de naturaleza hidrofóbica, atraviesan directamente la membrana activando a una pequeña GTPasa intracelular.",El ligando extracelular se une al receptor con actividad tirosina cinasa que está asociado a una proteína G.,"El propio receptor, tras su unión a ligando, hidroliza GTP y transmite la señal al siguiente efector.",1
2022,50,Biología Celular e Histología,"Orgánulos, Citoesqueleto y Matriz",Las microvellosidades:,Son anexos cutáneos de queratina.,Contienen filamentos de actina.,Intervienen en la transición epiteliomesénquima.,Intervienen en el movimiento ameboideo.,2
2022,51,Bioquímica y Biología Molecular,"Proteínas, Enzimas y Aminoácidos",Las chaperonas moleculares intervienen en:,El plegamiento de proteínas.,La fusión de vesículas sinápticas.,El bloqueo de filamentos de actina.,La organización de los centrómeros.,1
2022,52,Fisiología y Anatomía,Cardiovascular y Respiratorio,El flujo coronario durante la sístole:,Es MAYOR en el endocardio.,Es MAYOR en las venas de Tebesio.,Es MAYOR en el epicardio.,Es MENOR en el endocardio.,4
2022,53,Bioquímica y Biología Molecular,"Proteínas, Enzimas y Aminoácidos",En relación a los receptores acoplados a proteína G:,Son transportadores iónicos.,Pueden activar el aumento de AMPc en el citosol.,Dependen de ATP para su activación.,Una de las subunidades de la proteína G es una adenilato ciclasa.,2
2022,54,Bioquímica y Biología Molecular,"Proteínas, Enzimas y Aminoácidos",La proteína del retinoblastoma (Rb):,Activa la transición de G2 a M.,Es una proteína supresora de tumores.,Inactiva la cinasa dependiente de la ciclina D.,"Bloquea p53, favoreciendo la progresión del ciclo celular.",2
2022,55,Biología Celular e Histología,Membrana y Tráfico,Las estructuras denominadas conexones son propias de:,Las uniones ocluyentes o uniones estrechas (zonula occludens).,Las uniones adherentes tipo cinturones de adhesión (zonula adherens).,Las uniones de hendidura o nexos.,Los contactos o adhesiones focales.,3
2022,56,Biología Celular e Histología,Histología Humana,¿Cuál de los siguientes órganos está revestido por un epitelio cilíndrico simple?:,El intestino.,El esófago.,La vejiga urinaria.,Los alveolos pulmonares.,1
2022,57,Biología Celular e Histología,Histología Humana,Los denominados “grupos isógenos o isogénicos” son propios:,Del tejido conjuntivo fibrilar denso.,Del tejido cartilaginoso.,Del tejido óseo.,Del tejido adiposo pardo.,2
2022,58,Biología Celular e Histología,Histología Humana,¿Cuál de los siguientes tipos celulares del tejido conjuntivo proceden de monocitos sanguíneos?:,Las células plasmáticas.,Los adipocitos.,Los macrófagos.,Las células cebadas o mastocitos.,3
2022,59,Biología Celular e Histología,Histología Humana,¿Cuál de las siguientes células suele tener más de un núcleo celular?:,Células de la capa germinal del epitelio de la piel.,Células musculares lisas.,Osteoclastos.,Pericitos.,3
2022,60,Fisiología y Anatomía,Endocrino y Reproductor,"En el ovario, el folículo de Graaf dispone de una membrana basal que separa:",La granulosa de la teca interna.,La teca interna y la externa.,El ovocito de las células de la granulosa.,El cumulus ooforus del antro folicular.,1
2022,61,Biología Celular e Histología,Histología Humana,El epitelio de la nasofaringe es:,Poliestratificado con células caliciformes.,Plano y ciliado.,Pseudoestratificado con queratina.,Pseudoestratificado y ciliado.,4
2022,62,Fisiología y Anatomía,Sistema Nervioso y Sentidos,Las células que rodean a las neuronas de los ganglios nerviosos se denominan:,Células de Schwann.,Oligodendrocitos.,Células satélite.,Astrocitos.,3
2022,63,Fisiología y Anatomía,Sistema Nervioso y Sentidos,Una función de los astrocitos es:,Actuar como trasmisor.,Dar soporte estructural y metabólico a la neurona.,Formar sinapsis.,Contener enzimas para degradar la neurona en caso de fallo funcional.,2
2022,64,Fisiología y Anatomía,Cardiovascular y Respiratorio,Los capilares sanguíneos están compuestos por:,Una capa de células mesenquimales.,Varias capas de células endoteliales.,Una capa de células endoteliales y otra de células musculares lisas.,Una capa de células endoteliales y una lámina basal.,4
2022,65,Biología Celular e Histología,Histología Humana,El endocardio se compone de:,Un epitelio simple escamoso y una capa de tejido conectivo.,Un epitelio simple cilíndrico y una capa de células musculares lisas.,Un epitelio simple cilíndrico ciliado y una capa de células musculares estriadas.,Una capa de células endoteliales que descansa directamente sobre el miocardio.,1
2022,66,Fisiología y Anatomía,Endocrino y Reproductor,Los cordones de Billroth son propios de:,Hígado.,Bazo.,Testículo.,Glándula adrenal.,2
2022,67,Hematología,Serie Blanca y Neoplasias,Los acúmulos de nódulos linfoides del íleon se denominan:,Glándulas de Brunner.,Placas de Peyer.,Células de Paneth.,Criptas de Lieberkühn.,2
2022,68,Genética,Citogenética y Alteraciones Cromosómicas,"Los cromosomas que presentan el centrómero descentrado, entre el centro y el extremo, con un brazo ligeramente más largo que el otro, se denominan:",Metacéntricos.,Submetacéntricos.,Telocéntricos.,Acrocéntricos.,2
2022,69,Genética,Citogenética y Alteraciones Cromosómicas,"Los organismos de una especie dada tienen un número diploide igual a 18. En esta especie, ¿cuántos cromosomas tendría un individuo triploide?:",17.,19.,27.,36.,3
2022,70,Bioquímica y Biología Molecular,Procesos Moleculares,La síntesis de la cadena de ADN complementaria de la cadena de ADN molde durante el proceso de replicación se produce:,Siempre en dirección 5’3’.,Siempre en dirección 3’5’.,La dirección de síntesis depende del tipo de polimerasa.,La dirección de síntesis es específica en cada organismo.,1
2022,71,Bioquímica y Biología Molecular,"Proteínas, Enzimas y Aminoácidos","Para ser efectiva, una terapia génica de sustitución debe asegurar que el gen sano se introduzca en la célula objetivo y:",Destruya el gen endógeno defectuoso.,Produzca la cantidad correcta de la proteína deseada normal.,Se una al ARN mensajero celular.,Se inserte en la mitocondria.,2
2022,72,Genética,Mutaciones y Reparación del ADN,La fibrosis quística es un trastorno genético ocasionado por mutaciones en:,"El gen PAH, que codifica una enzima que convierte la fenilalanina en tirosina.",El gen HEXA que genera una deficiencia importante de la enzima hexosaminidasa A (hex A).,"El gen CFTR, que codifica un canal del cloruro localizado en la membrana apical de algunas células epiteliales.",El gen SERPINA1 que genera deficiencia de la enzima α1-antitripsina (α1AT).,3
2022,73,Genética,Genética Mendeliana y Herencia,La expresión fenotípica de un carácter hereditario depende del:,Genotipo exclusivamente.,Genotipo y tamaño de la población.,Genotipo y ambiente.,"Genotipo, ambiente y tamaño de la población.",3
2022,74,Genética,Mutaciones y Reparación del ADN,El test de Ames se utiliza para:,Medir la frecuencia con que revierte una mutación.,Medir la intensidad de la radiación ultravioleta.,Detectar la capacidad reparadora de una sustancia.,Detectar la mutagenicidad de una sustancia.,4
2022,75,Biología Celular e Histología,"Ciclo Celular, Mitosis y Apoptosis",La acción de la telomerasa:,Contrarresta el acortamiento replicativo de los cromosomas.,Favorece el envejecimiento del genoma.,Escinde los telómeros al final de la fase S del ciclo celular.,Sólo tiene lugar en las células germinales.,1
2022,76,Bioquímica y Biología Molecular,Procesos Moleculares,La presencia de codones de fin de mensaje prematuros en un ARN mensajero eucariótico:,Favorece los procesos de splicing alternativo.,Impide la terminación de su transcripción.,Produce proteínas más estables.,Induce su rápida degradación.,4
2022,77,Bioquímica y Biología Molecular,Procesos Moleculares,Un desoxinucleótido está formado por:,"Una base nitrogenada, un azúcar de cinco carbonos y un ácido fosfórico.","Una base hidrogenada, una pentosa y un ácido fosfórico.","Una base nitrogenada, una hexosa y un ácido fosfórico.","Dos bases nitrogenadas, un azúcar de cinco carbonos y un ácido fosfórico.",1
2022,78,Bioquímica y Biología Molecular,Procesos Moleculares,El nucleosoma está compuesto por:,"Dos copias de cada una de las histonas H2A, H2B, H3 y H4 y 1470 pb de ADN.","Cuatro copias de cada una de las histonas H2A, H2B, H3 y H4 y 147 pb de ADN.","Dos copias de cada una de las histonas H2A, H2B, H3 y H4 y 147 pb de ADN.","Cuatro copias de cada una de las histonas H2A, H2B, H3 y H4 y 1470 pb de ADN.",3
2022,79,Bioquímica y Biología Molecular,Procesos Moleculares,La ARN-Polimerasa I transcribe los genes ribosomales:,"5s, 18s y 28s.","5.8s, 18s y 28s.","8s, 18s y 28s.","8.5s, 18s y 28s.",2
2022,80,Bioquímica y Biología Molecular,Procesos Moleculares,La enzima ADN ligasa:,Sintetiza el ARN iniciador.,Desenrolla la doble hélice de ADN.,Escinde los fragmentos de Okazaki.,Une los fragmentos de Okazaki.,4
2022,81,Bioquímica y Biología Molecular,Procesos Moleculares,La doble hélice de ADN tiene un diámetro de:,2 nanómetros.,"3,4 nanómetros.",20 nanómetros.,34 nanómetros.,1
2022,82,Genética,Citogenética y Alteraciones Cromosómicas,La hemofilia A es un tipo de enfermedad:,Ligada al cromosoma Y.,Ligada al cromosoma X.,Con impronta paterna.,Con impronta materna.,2
2022,83,Genética,Citogenética y Alteraciones Cromosómicas,La monosomía consiste en:,Pérdida de un cromosoma.,Ganancia de un cromosoma.,Pérdida de un par de cromosomas homólogos.,Ganancia de un par de cromosomas homólogos.,1
2022,84,Genética,Mutaciones y Reparación del ADN,¿Cuál de las siguientes mutaciones se clasificaría como una transición?:,CGA a AGA.,CGA a CCA.,CGA a CGT.,CGA a CGG.,4
2022,85,Hematología,Banco de Sangre e Inmunohematología,"El hijo de una pareja en la que el grupo sanguíneo de la madre es A y el del padre es B, podrá ser:",Exclusivamente grupo AB.,Exclusivamente grupo A o grupo B.,"Sólo grupo A, grupo B o grupo AB.","Grupo A, grupo B, grupo AB o grupo 0.",4
2022,86,Genética,Citogenética y Alteraciones Cromosómicas,Una persona con 45 cromosomas tiene una:,Euploidía.,Aneuploidía.,Monoploidía.,Trisomía.,2
2022,87,Bioquímica y Biología Molecular,Procesos Moleculares,La telomerasa:,Degrada el ADN de los telómeros.,Sintetiza ADN en los telómeros sin emplear molde.,Sintetiza ADN en los telómeros usando ADN como molde.,Sintetiza ADN en los telómeros usando ARN como molde.,4
2022,88,Bioquímica y Biología Molecular,"Proteínas, Enzimas y Aminoácidos",Una ribozima es:,Un complejo formado por ARN y proteínas.,Un ARN que codifica una proteína con funciones enzimáticas.,Una molécula de ARN con funciones catalíticas.,Una proteína que degrada moléculas de ARN.,3
2022,89,Bioquímica y Biología Molecular,Procesos Moleculares,Si la temperatura de fusión o desnaturalización (Tm) de una muestra de ADN (A) es mayor que la de una muestra (B) significa que:,La muestra A es más rica en pares AT que la muestra B.,La muestra A es más rica en pares GC que la muestra B.,El contenido de pares AT es similar en ambas muestras.,El contenido de pares GC es similar en ambas muestras.,2
2022,90,Bioquímica y Biología Molecular,Procesos Moleculares,¿Cuántas moléculas de ADN contiene una célula diploide 2n=36 durante la fase G1 del ciclo celular?:,18.,36.,72.,108.,2
2022,91,Inmunología,Inmunidad Innata y Complemento,La memoria inmunológica se debe a la presencia de:,Células NK.,Linfocitos inmaduros.,Neutrófilos.,Linfocitos sensibilizados a antígenos.,4
2022,92,Inmunología,Inmunidad Innata y Complemento,¿Los macrófagos producen quimiocinas?:,"Los macrófagos NO producen quimiocinas, sólo pueden producirlas las células epiteliales.","SÍ, es una de sus respuestas.",NO se sabe.,Sólo en estado de salud.,2
2022,93,Bioquímica y Biología Molecular,Bioquímica Clínica,¿Cuál es uno de los marcadores más característicos de las células B?:,CD14.,CD32.,CD19.,CD38.,3
2022,94,Inmunología,Inmunidad Adaptativa,"En los linfocitos T, los dominios ITAM:",Se encuentran en las cadenas alfa y beta del TCR.,Intervienen en la adherencia celular.,Se fosforilan por la acción de tirosina cinasas.,Están en el dominio extracelular de las cadenas de CD3.,3
2022,95,Inmunología,Inmunidad Adaptativa,¿Cuál es el ligando de la molécula CD40L presente en los linfocitos T?:,CD4.,CD8.,CD40.,CD56.,3
2022,96,Inmunología,Inmunidad Adaptativa,¿Cuál de estas moléculas es producida por linfocitos T principalmente?:,Interferón beta.,Interleucina 1.,Componente 1 del complemento.,Interferón gamma.,4
2022,97,Fisiología y Anatomía,Sistema Nervioso y Sentidos,¿Qué receptor tipo Toll (TLR) tiene como ligando ácidos nucleicos?:,TLR2.,TLR4.,TLR5.,TLR9.,4
2022,98,Inmunología,Inmunidad Adaptativa,¿Qué técnica permite cuantificar antígenos o inmunoglobulinas solubles en el plasma?:,ELISA.,Inmunocitoquímica.,ELISpot.,RNAseq.,1
2022,99,Hematología,Serie Blanca y Neoplasias,¿Qué célula de linaje mieloide generalmente está presente en la sangre?:,Linfocito T.,Célula plasmática.,Basófilo.,Macrófago.,3
2022,100,Inmunología,Inmunidad Adaptativa,¿Qué tipo de linfocitos reconocen preferentemente péptidos unidos al complejo mayor de histocompatibilidad tipo I (MHC-I)?:,Linfocitos T CD4.,Células NK.,Linfocitos T CD8.,Linfocitos B.,3
2022,101,Inmunología,Inmunidad Adaptativa,¿Qué característica NO es propia de la inmunidad adaptativa?:,Tener memoria.,Se desencadena en pocas horas.,Presentar expansión clonal.,Ser muy específica.,2
2022,102,Inmunología,Inmunopatología,¿Cómo se denomina al injerto trasplantado entre dos sujetos con una composición génica idéntica?:,Autógeno.,Alógeno.,Xenógeno.,Singénico,4
2022,103,Inmunología,Inmunidad Adaptativa,¿Qué inmunoglobulina carece de región bisagra?:,IgA.,IgM.,IgG.,IgD.,2
2022,104,Inmunología,Inmunidad Adaptativa,¿Qué anticuerpo contiene principalmente la leche materna:,IgD.,IgM.,IgA.,IgE.,3
2022,105,Fisiología y Anatomía,Sistema Nervioso y Sentidos,¿Cuál de los siguientes receptores NO se encuentra en la superficie celular (membrana plasmática) de los macrófagos?:,TLR1.,TLR4.,TLR5.,TLR7.,4
2022,106,Inmunología,Inmunidad Adaptativa,"El paso de los anticuerpos maternos al feto, que permite a los recién nacidos combatir las infecciones, se considera:",Inmunización pasiva.,Inmunización adaptativa humoral.,Inmunización activa.,Inmunización mixta.,1
2022,107,Inmunología,Inmunidad Adaptativa,"Con respecto a la respuesta inmunitaria adaptativa, cuando decimos que una de sus características es la “diversidad o variabilidad” hacemos referencia a que:",Aumenta el número de linfocitos específicos frente al antígeno capaces de controlar a los microorganismos.,Aumenta la capacidad de combatir infecciones repetidas por varios patógenos.,Capacita al sistema inmunitario para responder a una gran variedad de antígenos (microbianos o no).,Asegura que la respuesta inmunitaria frente a un antígeno (microbiano o no) se dirija a ese antígeno.,3
2022,108,Inmunología,Inmunidad Adaptativa,¿En las fases de la respuesta inmunitaria adaptativa qué proceso media en la contención de los linfocitos implicados?:,Reconocimiento de antígeno.,Expansión clonal.,Apoptosis.,Diferenciación.,3
2022,109,Fisiología y Anatomía,Sistema Nervioso y Sentidos,"En la respuesta inmunitaria innata, los receptores para el reconocimiento del patrón se activan tras asociación a:",Citocinas del patógeno.,PRAP del microrganismo.,PRR del microorganismo.,PMAP (o PAMP) en el agente patógeno.,4
2022,110,Inmunología,Inmunidad Adaptativa,"Las células B productoras de anticuerpos con mayor afinidad se unen preferentemente al antígeno y, como resultado de la selección, se convierten en los linfocitos B dominantes en cada exposición posterior al antígeno, lo que respecto de las inmunoglobulinas genera:",La maduración de afinidad del anticuerpo.,El cambio de isotipo.,La agregación de Ig en la equivalencia.,La mejora de la diversidad.,1
2022,111,Inmunología,Inmunidad Adaptativa,Las interacciones antígeno-anticuerpo son:,De tipo covalente.,Irreversibles.,No covalentes y reversibles.,Puentes de hidrógeno exclusivamente.,3
2022,112,Inmunología,Inmunidad Adaptativa,¿En qué células se expresa la molécula complejo mayor de histocompatibilidad de clase I (MHC I) en el ser humano?:,En los eritrocitos.,En la mayoría de las células nucleadas del organismo y en los eritrocitos.,En las células del sistema inmune exclusivamente.,En la mayoría de las células nucleadas del organismo.,4
2022,113,Fisiología y Anatomía,Sistema Nervioso y Sentidos,¿Qué reconocen los receptores de reconocimiento de patrón?:,Receptores tipo Toll (TLRs) y tipo NOD (dominio de oligomerización de nucleótidos).,Células B y T activas.,Componentes moleculares conservados asociados al sistema inmune innato.,Componentes moleculares conservados asociadas a patógenos.,4
2022,114,Inmunología,Inmunidad Innata y Complemento,¿Qué función tienen las opsoninas?:,Disminuyen la fagocitosis.,Marcan microbios para ser fagocitados.,Inhiben el complemento.,Marcan células no apoptóticas.,2
2022,115,Inmunología,Inmunidad Innata y Complemento,¿Cuáles son las tres etapas de la teoría de inmunoedición del cáncer?:,"Eliminación, equilibrio y escape.","Citotoxicidad, fagocitosis y activación de macrófagos M1.","Citotoxicidad, fagocitosis y activación de macrófagos M2.","Inducción, protección y escape.",1
2022,116,Inmunología,Inmunidad Innata y Complemento,¿Cuál de las siguientes interacciones es CIER- TA?:,CXCL8 en endotelio-CXCR3 en neutrófilos.,CXCL8 en plaquetas-ICAM-1 en endotelio.,CR3 en neutrófilos-ICAM-1 en endotelio.,CD31 en endotelio-LFA-1 en neutrófilos.,3
2022,117,Inmunología,Inmunidad Innata y Complemento,La función de las células NK uterinas es:,Defender al feto vía adaptativa frente a infecciones durante el embarazo.,Colaborar con las células fetales trofoblásticas para defender de infecciones al feto.,Controlar la invasión de las arterias espirales por las células trofoblásticas extravillosas.,Expresar HLA de clase I para interaccionar con las células trofoblásticas.,3
2022,118,Inmunología,Inmunopatología,¿Qué patología es una enfermedad autoinmune órgano-específica?:,Artritis reumatoide.,Esclerodermia.,Tiroiditis de Hashimoto.,Lupus eritematoso.,3
2022,119,Inmunología,Inmunidad Adaptativa,La inducción de diferenciación a los distintos subtipos funcionales de linfocitos CD4+ está condicionada a la presencia en el medio de determinadas citocinas. Señalar la asociación CORRECTA:,IL-12 e IFNγ inducen diferenciación a TH1.,IL-5 e IFNα o IFNβ inducen diferenciación a TH2.,IL-6 e IL-17 inducen diferenciación a TH17.,TGFβ e IL-6 inducen diferenciación a T- reguladoras.,1
2022,120,Genética,Citogenética y Alteraciones Cromosómicas,¿La agammaglobulinemia ligada al cromosoma X es?:,Una inmunodeficiencia común variable.,Una enfermedad granulomatosa crónica.,Una inmunodeficiencia primaria.,Una inmunodeficiencia adquirida.,3
2022,121,Estadística y Metodología,Epidemiología y Diseño de Estudios,Una característica fundamental en los estudios de cohortes es que:,Estiman el número de eventos nuevos de salud en un tiempo determinado.,"La exposición al factor de interés no es asignada por el investigador y, en general, viene dada de antemano.",A cada uno de los sujetos de estudio se le asigna aleatoriamente la dosis de exposición al factor de interés.,Los sujetos son seleccionados en base a si tienen o no un estado particular de salud.,2
2022,122,Estadística y Metodología,Bioestadística,"En un diagrama de cajas (“Box-plot” o “Boxand-Whisker plot”) que usamos para describir un conjunto de valores cuantitativos, los valores que delimitan la caja central son:",La mediana y el cuantil 95%.,Los límites del intervalo de confianza para la media al 95%.,La media más/menos el rango intercuartílico.,El primer y tercer cuartil.,4
2022,123,Estadística y Metodología,Bioestadística,La distribución de probabilidad que es necesario usar para calcular el intervalo de confianza de la varianza de una población normal es:,La distribución normal.,La distribución t de Student.,La distribución ji(chi)-cuadrado.,La distribución uniforme.,3
2022,124,Estadística y Metodología,Bioestadística,El gráfico adecuado para representar las frecuencias de una variable cuantitativa continua que hemos agrupado en intervalos de distinta longitud es:,Un diagrama de barras.,Un gráfico de tarta.,Un histograma.,Un diagrama de cajas (“Box-plot”).,3
2022,125,Bioquímica y Biología Molecular,Bioquímica Clínica,"De acuerdo con la guía de manejo del síndrome coronario agudo (SCA), sin elevación del segmento ST, publicada por la European Society of Cardiology en 2021, el punto de corte propuesto para los niveles de troponina en el diagnóstico del SCA es de al menos un valor de troponina por encima del percentil:",90.,95.,97.,99.,4
2022,126,Fisiología y Anatomía,Endocrino y Reproductor,¿Cuál de los siguientes criterios NO se considera diagnóstico de la diabetes mellitus?:,Glucosa en ayuno (no haber tenido ingesta calórica en las últimas 8 horas) ≥ 126 mg/dL (7.0 mmol/L).,Glucosa plasmática a las 2 horas de ≥ 200 mg/dL (11.1 mmol/L) durante una prueba oral de tolerancia a la glucosa. La prueba deberá ser realizada con una carga de 75 gramos de glucosa disuelta en agua.,Hemoglobina glicosilada (A1c) sólo cuando es ≥ 8.5%. Esta prueba debe realizarse en laboratorios certificados de acuerdo a los estándares de A1c del DCCT (Diabetes Control and Complications Trial).,Paciente con síntomas clásicos de hiperglucemia o crisis hiperglucémica con una glucosa al azar ≥ 200 mg/dL (11.1 mmol/L).,3
2022,127,Fisiología y Anatomía,Endocrino y Reproductor,¿Cuál de los siguientes mecanismos fisiopatológicos es el más frecuentemente asociado a la diabetes mellitus tipo 2?:,Falta de adaptación de las células beta pancreáticas al incremento en la demanda de insulina.,Enfermedad autoinmune que cursa con destrucción de las células beta pancreáticas.,Mutaciones del gen de la hexocinasa IV.,Mutación en el gen del promotor insulínico 1 (IPF1).,1
2022,128,Bioquímica y Biología Molecular,Bioquímica Clínica,La macroprolactinemia (big-big prolactina) es un fenómeno que:,Se asocia al tratamiento con corticoides.,Se da con más frecuencia durante la gestación.,Puede dar lugar a falsas hiperprolactinemias.,Se da con más frecuencia durante la lactancia.,3
2022,129,Bioquímica y Biología Molecular,Metabolismo Energético,La fórmula para el cálculo del colesterol LDL (LDL-C) cuando todas las concentraciones de los analitos se expresan en mg/dL es:,LDL-C = colesterol total - HDL-C - triglicéridos/5.,LDL-C = colesterol total - HDL-C - triglicéridos/4.,LDL-C = triglicéridos - HDL-C - colesterol total/5.,LDL-C = triglicéridos - HDL-C - colesterol total/4.,1
2022,130,Bioquímica y Biología Molecular,Bioquímica Clínica,El hipotiroidismo subclínico se caracteriza por:,Niveles aumentados de tirotropina en suero acompañados con niveles normales de tiroxina libre.,Niveles disminuidos de tirotropina en suero acompañados con niveles normales de tiroxina libre.,Niveles normales de tirotropina en suero acompañados con niveles disminuidos de tiroxina libre.,Niveles normales de tirotropina en suero acompañados con niveles aumentados de tiroxina libre.,1
2022,131,Fisiología y Anatomía,Endocrino y Reproductor,¿Cuál es el tipo más frecuente de diabetes mellitus?:,Diabetes mellitus tipo 1.,Diabetes mellitus tipo 2.,Diabetes tipo Mody.,Diabetes gestacional.,2
2022,132,Fisiología y Anatomía,Endocrino y Reproductor,La somatotropina:,Es sintetizada en la neurohipófisis.,Su síntesis es estimulada por la somatostatina.,Su liberación es pulsátil.,Sus efectos son similares a los de la insulina.,3
2022,133,Fisiología y Anatomía,Endocrino y Reproductor,Un precursor común de cortisol y aldosterona es:,11-Desoxicortisol.,Androstendiona.,Desoxicorticosterona.,Progesterona.,4
2022,134,Bioquímica y Biología Molecular,Bioquímica Clínica,La bilirrubina libre es:,Soluble en agua y se elimina en orina.,"Insoluble en agua, aunque se elimina en orina.",Insoluble en agua y no se elimina en orina.,La única forma de eliminación de bilirrubina.,3
2022,135,Fisiología y Anatomía,Endocrino y Reproductor,"¿Cuál de los siguientes marcadores tumorales excluye el diagnóstico de tumor germinal seminoma puro, salvo que exista componente mixto?:",Beta-gonadotropina coriónica humana.,Fosfatasa alcalina placentaria.,Lactato deshidrogenasa.,Alfa fetoproteína.,4
2022,136,Fisiología y Anatomía,Endocrino y Reproductor,Una de las siguientes afirmaciones sobre la insulina NO es correcta:,Activa la glucolisis y lipolisis.,Estimula la captación de glucosa por el tejido adiposo.,Estimula la síntesis de glucógeno y proteínas.,Estimula la captación intracelular de potasio.,1
2022,137,Bioquímica y Biología Molecular,Metabolismo Energético,¿Cuál de los siguientes ácidos grasos es esencial?:,"Ácido oleico (C-18:1,Δ9).","Ácido palmitoleico (C-16:1,Δ9).","Ácido araquidónico (C-20:4,Δ5,8,11,14).","Ácido linoleico (C-18:2,Δ9,12).",4
2022,138,Bioquímica y Biología Molecular,Metabolismo Energético,El poder reductor de la síntesis de ácidos grasos lo aporta:,Nicotinamida-adenina-dinucleótido fosfato (NADP+).,Nicotinamida-adenina-dinucleótido (NAD+).,Flavina-adenina-dinucleótido (FAD).,Flavina-mononucleótido (FAM).,1
2022,139,Biología Celular e Histología,Histología Humana,Uno de los siguientes marcadores NO es de formación ósea:,Osteocalcina.,Isoenzima ósea de la fosfatasa alcalina.,Propéptido carboxiterminal del procolágeno tipo I (PICP).,Fosfatasa ácida tartrato resistente (FATR).,4
2022,140,Fisiología y Anatomía,Renal y Digestivo,Con respecto a la estimación del filtrado renal glomerular:,Un filtrado renal glomerular >90 mL/min por 1.73 m2 es patognomónico de enfermedad renal.,La hemólisis no interfiere en su cálculo.,La ecuación de filtrado glomerular basada en cistatina C es más precisa en pacientes pediátricos.,Para su cálculo con la ecuación CKD-EPI es necesario conocer el índice de masa corporal.,3
2022,141,Fisiología y Anatomía,Renal y Digestivo,La presencia de acantocitos en la orina y cilindros hemáticos orienta al diagnóstico de:,Síndrome nefrótico.,Necrosis tubular aguda.,Hematuria glomerular.,Nefropatía cristalina.,3
2022,142,Bioquímica y Biología Molecular,Bioquímica Clínica,Los inmunoanálisis de NT-proBNP infraestiman su concentración circulante en plasma debido a:,Presencia de EDTA.,Glicosilación.,Efecto buffer.,Interacción con troponina T.,2
2022,143,Fisiología y Anatomía,Renal y Digestivo,Los cilindros céreos en orina se observan más comúnmente en:,Pacientes sin enfermedad renal.,Pacientes con enfermedad renal terminal.,Pacientes con infección del tracto urinario.,Pacientes con cálculos renales.,2
2022,144,Fisiología y Anatomía,Renal y Digestivo,Señale la substancia que el hígado convierte en urea para reducir su toxicidad:,Creatinina.,Amonio.,Ácido úrico.,Purinas.,2
2022,145,Microbiología y Parasitología,Virología,"De las siguientes causas de hiperbilirrubinemia, ¿Cuál de ellas se describe como prehepática?:",Sobredosis de drogas.,Anemia hemolítica.,Infección por virus de hepatitis C.,Insuficiencia cardiaca congestiva.,2
2022,146,Genética,Genética Mendeliana y Herencia,En el síndrome de lisis tumoral del paciente oncológico es característica la elevación de niveles de:,Ácido úrico.,Adenosina desaminasa.,Oxalato monohidrato.,Calcio.,1
2022,147,Biología Celular e Histología,Histología Humana,En la detección de mutaciones en el tejido canceroso orientada a tratamientos dirigidos o identificación de resistencias:,Se recomienda hacer test genéticos dirigidos en el tejido canceroso biopsiado para decidir el tratamiento más adecuado y valorar pronóstico.,Se debe hacer en cualquier cáncer extirpado toda la batería de mutaciones conocidas para cualquier cáncer.,Se recomienda hacer el exoma completo a cualquier paciente que haya sufrido un cáncer.,Se recomienda hacer el genoma completo a todo paciente de cáncer para decidir el tratamiento.,1
2022,148,Bioquímica y Biología Molecular,Procesos Moleculares,El ADN fetal que circula en el plasma de la gestante:,Representa todo el ADN plasmático que se extrae de la sangre materna.,Solo circula ADN fetal en la gestante cuando existe sufrimiento fetal o placentario.,"Es útil únicamente para trastornos que afecten al cromosoma Y, para evitar confundirlo con el ADN materno.",Es un porcentaje pequeño respecto al ADN que circula en el plasma.,4
2022,149,Bioquímica y Biología Molecular,Procesos Moleculares,En relación a los mecanismos de reparación del ADN dañado por apareamientos erróneos:,Los sistemas de reparación por escisión de bases retiran de manera directa la base dañada y la sustituyen en el ADN.,El ADN dañado es eliminado produciendo delecciones cromosómicas que al no ocurrir en las gónadas no se heredarán.,"El ADN dañado es testado produciendo proteínas, que si proporcionan ventajas evolutivas se conservarán.","Cuando el ADN es dañado por un cambio de base mal apareada, se induce la apoptosis celular.",1
2022,150,Microbiología y Parasitología,Virología,La farmacogenética:,Se refiere a los fármacos de diseño genético creados en los laboratorios para aplicar como fármacos de terapia génica.,Es el estudio genético orientado al diseño de nuevos fármacos de origen viral que podrán ser utilizados como vacunas.,Estudia exclusivamente a los virus que causan cáncer para poder bloquearlos antes de que infecten al ser humano.,"Puede predecir y/o explicar cómo responden las personas a las drogas, y es un componente destacado de la medicina personalizada y de precisión.",4
2022,151,Bioquímica y Biología Molecular,"Proteínas, Enzimas y Aminoácidos","¿Qué efecto tendrá sobre la carga global de la proteína la conversión de una prolina en hidroxiprolina a pH 7,0?:",Se volverá más negativa.,Se volverá más positiva.,Se mantendrá igual.,Depende de la concentración de sal.,3
2022,152,Bioquímica y Biología Molecular,"Proteínas, Enzimas y Aminoácidos",¿Cuál de las siguientes estructuras se refiere a las disposiciones especialmente estables de los residuos de aminoácidos en una proteína que dan lugar a patrones recurrentes?:,Estructura primaria.,Estructura secundaria.,Estructura terciaria.,Estructura cuaternaria.,2
2022,153,Bioquímica y Biología Molecular,"Proteínas, Enzimas y Aminoácidos",¿Cuál de las siguientes afirmaciones NO es cierta?:,El colágeno es una proteína en la que los polipéptidos se encuentran principalmente en la conformación de alfa hélice.,Los enlaces disulfuro son importantes para la estructura de la queratina.,Los residuos de Gly son particularmente abundantes en el colágeno.,La fibroína de seda es una proteína en la que el polipéptido se encuentra casi por completo en la conformación beta.,1
2022,154,Bioquímica y Biología Molecular,"Proteínas, Enzimas y Aminoácidos",La sustitución de aminoácidos Glu por Val en la hemoglobina S provoca la agregación de las proteínas debido a interacciones:,Covalentes.,Puentes disulfuro.,Enlaces de hidrógeno.,Hidrofóbicas.,4
2022,155,Bioquímica y Biología Molecular,"Proteínas, Enzimas y Aminoácidos",La Km de un enzima de la que se obtienen los siguientes datos experimentales y que se sabe que sigue la cinética de Michaelis-Menten es aproximadamente: V0 (mol/min) Sustrato añadido (mmol/L) 217 0.8 325 2 433 4 488 6 647 500,1 mM.,2 mM.,4 mM.,1000 mM.,2
2022,156,Bioquímica y Biología Molecular,Metabolismo Energético,La función metabólica de la fase oxidativa de la ruta de las pentosas fosfato es:,Sintetizar ADP.,Sintetizar NADPH y pentosas fosfato.,Proporcionar intermediarios al ciclo del ácido cítrico.,Participar en reacciones de oxidaciónreducción durante la formación de H2O.,2
2022,157,Bioquímica y Biología Molecular,Metabolismo Energético,"La conversión anaeróbica de 1 mol de glucosa en dos moles de lactato, por la glucolisis seguida de fermentación, se acompaña de una ganancia neta de:",2 moles de NADH.,1 mol de ATP.,2 moles de ATP.,1 mol de NADH.,3
2022,158,Bioquímica y Biología Molecular,Metabolismo Energético,¿Para cuál de las siguientes enzimas glucolíticas el ATP es un sustrato?:,Hexocinasa.,Piruvato cinasa.,Aldolasa.,Gliceraldehido-3-fosfato-deshidrogenasa.,1
2022,159,Bioquímica y Biología Molecular,Metabolismo Energético,"Cuando la actividad glucolítica es muy intensa, el NADH sintetizado por la gliceraldehido-3- fosfato deshidrogenasa debe ser reoxidado para que la glucolisis pueda proseguir. En estas circunstancias, la reacción más importante para la reoxidación del NADH es:",Glicerol-3-fosfato  Dihidroxiacetona fosfato.,Piruvato  Lactato.,Oxalacetato  Malato.,Citrato  Alfa-cetoglutarato.,2
2022,160,Bioquímica y Biología Molecular,Bioquímica Clínica,Las reacciones catalizadas por las aminotransferasas o transaminasas:,Son reacciones irreversibles.,Requieren fosfato de piridoxal como cofactor esencial.,Siempre tienen un gasto o producción neta de aminoácidos.,Nunca participan en estas reacciones los aminoácidos esenciales.,2
2022,161,Bioquímica y Biología Molecular,"Proteínas, Enzimas y Aminoácidos",¿Cuál de los siguientes aminoácidos se transforma en un intermediario del ciclo del ácido cítrico por transaminación directa?:,Aspártico.,Serina.,Treonina.,Valina.,1
2022,162,Fisiología y Anatomía,Renal y Digestivo,Los cuerpos cetónicos se sintetizan en el hígado y se transportan al resto de tejidos extrahepáticos en forma de:,Acetoacetil-CoA.,Lactato.,Beta-hidroxibutirato.,Beta-hidroxibutiril-CoA.,3
2022,163,Microbiología y Parasitología,Bacteriología,"Sobre las bacterias del género Leuconostoc, es CIERTO que:",Son cocos Gram negativos anaerobios facultativos.,Son cocos Gram positivos resistentes a glucopéptidos.,Son bacilos Gram positivos sensibles a glucopéptidos.,Son bacilos Gram negativos.,2
2022,164,Microbiología y Parasitología,Bacteriología,Señale la respuesta CORRECTA respecto a la carbapenemasa del tipo OXA-48 en Klebsiella pneumoniae:,OXA-48 es una beta-lactamasa de clase D y las bacterias portadoras de esta carbapenemasa son sensibles a ceftazidima-avibactam.,El gen de OXA-48 está codificado en un plásmido inmóvil.,"Se inhibe por los inhibidores clásicos de betalactamasas: clavulánico, sulbactam y tazobactam y presenta alta sensibilidad a los mismos.",Su expresión se asocia siempre a altos niveles (elevadas CMIs) de resistencia a los carbapenémicos: imipenem y meropenem.,1
2022,165,Microbiología y Parasitología,Bacteriología,¿Cuál de los siguientes microorganismos NO puede considerarse una bacteria intracelular estricta?:,Pseudomonas fluorescens.,Chlamydia trachomatis.,Coxiella burnetti.,Mycobacterium leprae.,1
2022,166,Microbiología y Parasitología,Virología,"Señale la respuesta INCORRECTA en relación con el virus de la viruela del mono, Human Monkeypox (hMPX):","Es una zoonosis descrita inicialmente en el siglo XX, en África.","El virus causa infecciones en los seres humanos penetrando a través de la piel, mucosas, o el tracto respiratorio.",Pertenece al género Orthopoxvirus con un genoma de ADN de doble hebra.,Solo puede diagnosticarse en el laboratorio a través de pruebas serológicas debido a su alta tasa de mutación.,4
2022,167,Microbiología y Parasitología,Antimicrobianos y Resistencias,En relación al fenotipo de resistencia a la vancomicina VanB en Enterococcus spp. es CIER- TO que:,Implica resistencia a vancomicina y a teicoplanina.,Implica resistencia a teicoplanina pero no a vancomicina.,Implica resistencia a vancomicina pero no a teicoplanina.,Es el tipo de resistencia intrínseca característica de la especie Enterococcus casseliflavus.,3
2022,168,Inmunología,Inmunidad Adaptativa,Ante la sospecha de una neumonía causada por Streptococcus pneumoniae se puede realizar el diagnóstico mediante la detección del antígeno de este microorganismo en:,Sangre.,Secreciones respiratorias.,Orina.,Esputo.,3
2022,169,Microbiología y Parasitología,Bacteriología,Señale la asociación INCORRECTA:,Streptococcus agalactiae-infección neonatal.,Streptococcus del grupo mitis-faringitis.,Streptococcus pyogenes-erisipela.,Streptococcus pneumoniae-meningitis.,2
2022,170,Microbiología y Parasitología,Bacteriología,Señale la respuesta FALSA respecto a los microorganismos del género Chlamydia:,Son bacterias intracelulares obligadas.,Chlamydia trachomatis es un agente causal de conjuntivitis.,Chlamydia psittaci es la causa del linfogranuloma venéreo.,Chlamydia pneumoniae es un agente causal de bronquitis.,3
2022,171,Microbiología y Parasitología,Bacteriología,La gonorrea es una infección:,Causada por Neisseria mucosa.,Que afecta principalmente a ancianos en todo el mundo.,Que cursa de manera asintomática en un porcentaje elevado de mujeres.,Cuya manifestación predominante en hombres es la infección urinaria.,3
2022,172,Microbiología y Parasitología,Bacteriología,La fiebre de Pontiac es una infección asociada a la exposición a bacterias del género:,Legionella.,Haemophilus.,Moraxella.,Bordetella.,1
2022,173,Microbiología y Parasitología,Bacteriología,El agar Bordet-Gengou se utiliza para el cultivo selectivo de:,Pasteurella multocida.,Haemophilus influenzae.,Moraxella catarrhalis.,Bordetella pertussis.,4
2022,174,Microbiología y Parasitología,Bacteriología,¿Cuál es la manifestación clínica más frecuente de la infección por Vibrio parahaemolyticus?:,Gastroenteritis.,Otitis.,Sepsis.,Infección de piel y partes blandas.,1
2022,175,Microbiología y Parasitología,Bacteriología,Las cepas de Haemophilus influenzae no tipificables (no capsuladas):,Colonizan con menor frecuencia las vías respiratorias superiores que Haemophilus influenzae tipo b.,Son la causa más frecuente de infección por Haemophilus actualmente.,Presentan una distribución clonal.,Provienen de cepas capsuladas que han perdido su cápsula.,2
2022,176,Microbiología y Parasitología,Bacteriología,Respecto a las infecciones gastrointestinales por Escherichia coli:,E. coli enterotoxigénico es una causa frecuente de diarrea del viajero.,E. coli enteropatógeno se asocia con la producción de las toxinas Shiga.,E. coli enterohemorrágico es una causa frecuente de diarrea en el lactante.,E. coli enteroinvasivo se asocia con el síndrome urémico hemolítico.,1
2022,177,Microbiología y Parasitología,Bacteriología,El granuloma inguinal es una infección de transmisión sexual causada por:,Chlamydia trachomatis.,Mycoplasma genitalium.,Klebsiella granulomatis.,Neisseria gonorrhoeae.,3
2022,178,Microbiología y Parasitología,Bacteriología,Entre los bacilos Gram negativos que frecuentemente se asocian con neumonía en los pacientes intubados ingresados en las Unidades de Cuidados Intensivos NO se encuentra:,Pseudomonas aeruginosa.,Aeromonas hydrophila.,Acinetobacter baumannii.,Staphylococcus aureus.,2
2022,179,Microbiología y Parasitología,Bacteriología,Respecto a las beta-lactamasas bacterianas:,Son más relevantes en bacterias Gram positivas que en Gram negativas.,Pueden ser cromosómicas o plasmídicas.,Ninguna hidroliza antibióticos carbapenémicos.,Todas se inhiben con ácido clavulánico.,2
2022,180,Microbiología y Parasitología,Antimicrobianos y Resistencias,Respecto a la producción de carbapenemasas en enterobacterias:,"Pueden conferir resistencia a penicilinas, cefalosporinas y carbapenémicos.",Son siempre resistentes a los monobactámicos.,La especie que más frecuentemente produce carbapenemasas es Proteus mirabilis.,Suelen estar codificadas en el cromosoma de la bacteria.,1
2022,181,Microbiología y Parasitología,Bacteriología,Señale la asociación INCORRECTA respecto a los microorganismos del género Corynebacterium:,Corynebacterium diphteriae-zoonosis.,Corynebacterium urealyticum-infección del tracto urinario.,Corynebacterium jeikeium-endocarditis.,Corynebacterium striatum-infección de heridas.,1
2022,182,Microbiología y Parasitología,Bacteriología,Qué especie de las siguientes NO pertenece al complejo de Mycobacterium tuberculosis:,Mycobacterium microti.,Mycobacterium genavense.,Mycobacterium canettii.,Mycobacterium africanum.,2
2022,183,Inmunología,Inmunidad Adaptativa,Cuál de los siguientes tests serológicos para el diagnóstico de sífilis utiliza cardiolipina como antígeno:,Absorción de anticuerpos treponémicos fluorescentes o FTA-Abs.,Hemaglutinación pasiva de Treponema pallidum o TPHA.,Enzimoinmunoensayo para sífilis.,Prueba de la reaginina plasmática rápida o RPR.,4
2022,184,Microbiología y Parasitología,Bacteriología,¿Qué componente selectivo contienen los medios habituales para el cultivo de hongos dermatofitos?:,Glucosa al 10%.,Cicloheximida.,Itraconazol.,Sales biliares.,2
2022,185,Microbiología y Parasitología,Bacteriología,La infección por uno de los siguientes hongos está asociada a la exposición previa a excrementos de murciélagos:,Histoplasma capsulatum.,Blastomyces dermatitidis.,Coccidioides inmitis.,Scedosporium apiospermum.,1
2022,186,Microbiología y Parasitología,Virología,Señale la respuesta INCORRECTA respecto a los enterovirus:,Se transmiten por vía fecal-oral.,Forman parte de la familia de los paramixovirus.,Son virus ARN.,Se replican en el citoplasma.,2
2022,187,Microbiología y Parasitología,Virología,"Respecto a los rotavirus, señale la opción IN- CORRECTA:",Forman parte de la familia Reoviridae.,Poseen una cápside de doble capa.,"El virión no resiste las condiciones ambientales, por lo que es poco probable que cause brotes.",El lavado de manos es una medida fundamental para impedir su propagación.,3
2022,188,Microbiología y Parasitología,Virología,"Todas son características de los virus de la gripe A y B, EXCEPTO:",El virión presenta ocho segmentos únicos de nucleocápside de ARN de sentido negativo.,Se transcriben y replican su genoma en el núcleo de la célula que infectan.,"El genoma segmentado impide su reordenación en los nuevos viriones, disminuyendo su diversidad genética.",Pueden ser virus zoonóticos.,3
2022,189,Microbiología y Parasitología,Virología,¿Cuál de las siguientes respuestas es INCO- RRECTA respecto a los norovirus?:,El virus Norwalk es el prototipo de esta familia.,Su genoma es ARN de cadena positiva.,Su principal vía de transmisión es fecal-oral.,Son muy lábiles y no resisten las condiciones ambientales habituales.,4
2022,190,Microbiología y Parasitología,Virología,NO es una característica de los virus herpes:,La replicación del ADN y ensamblaje de la cápside tienen lugar en el núcleo.,Los virus herpes pueden provocar infecciones líticas y latentes.,Los virus herpes son ubicuos.,Precisan de una transcriptasa inversa para la replicación de su material genético.,4
2022,191,Microbiología y Parasitología,Virología,¿Cuál es la enfermedad más frecuentemente producida por el parvovirus B19?:,Meningitis aséptica.,Encefalitis.,Eritema infeccioso.,Gastroenteritis.,3
2022,192,Microbiología y Parasitología,Virología,¿En qué agente viral se produce un paso de retro-transcripción durante su ciclo de replicación?:,Virus influenza A.,Virus de la hepatitis B.,Virus de la parotiditis.,Virus del sarampión.,2
2022,193,Microbiología y Parasitología,Virología,La detección en sangre del antígeno E del virus de la hepatitis B (HBeAg) significa que:,Es una infección activa y el paciente puede ser transmisor.,Es una infección crónica y el paciente no es infeccioso.,Es una infección en vías de resolución.,Es una indicación de que el paciente ha sido vacunado.,1
2022,194,Microbiología y Parasitología,Virología,¿Cuál de los siguientes es un virus ARN defectivo?:,Virus de la hepatitis A.,Virus de la hepatitis B.,Virus de la hepatitis C.,Virus de la hepatitis D.,4
2022,195,Inmunología,Inmunopatología,La mayor parte de los casos de SIDA (síndrome de inmunodeficiencia adquirida) en humanos está causada por:,VIH-1 Grupo M.,VIH-1 Grupo O.,VIH-1 Grupo P.,VIH-2 Grupo A.,1
2022,196,Microbiología y Parasitología,Parasitología,¿Cuál de los siguientes nematodos puede encontrarse en la subconjuntiva ocular?:,Trichiuris trichiura.,Ascaris lumbricoides.,Loa loa.,Mansonella pertans.,3
2022,197,Microbiología y Parasitología,Parasitología,¿Qué tipo de manifestación clínica produce Entamoeba histolytica?:,Disentería.,Apendicitis.,Cáncer de recto.,No es patógena.,1
2022,198,Microbiología y Parasitología,Parasitología,¿Qué especie de Plasmodium tiene el ciclo eritrocítico más corto?:,P. ovale.,P. knowlesi.,P. vivax.,P. malariae.,2
2022,199,Microbiología y Parasitología,Parasitología,¿Cómo se transmite Trypanosoma cruzi?:,Transmisión sexual.,Transmisión vectorial.,Transmisión aérea.,Transmisión fecal-oral.,2
2022,200,Microbiología y Parasitología,Parasitología,¿Qué especie de Leishmania es la más frecuente en España?:,L. infantum.,L. donovani.,L. chagasi.,L. tropica.,1
2022,201,Bioquímica y Biología Molecular,Metabolismo Energético,¿Cuál de las siguientes características define las propiedades de las membranas biológicas?:,"Están compuestas por una bicapa lipídica con dos caras hidrofílicas y un núcleo hidrofóbico, que es impermeable a moléculas solubles en agua, mientras que permite el trasiego de pequeños iones.",Forman una bicapa de fosfolípidos que contiene proteínas que aportan a la membrana funciones específicas.,"Sus componentes principales (fosfoglicéridos, esfingolípidos y esteroles como el colesterol) se distribuyen de manera simétrica en las dos caras de la bicapa.",Los lípidos que las componen se distribuyen siempre de manera aleatoria y no forman dominios con composición específica (balsas lipídicas).,2
2022,202,Biología Celular e Histología,Histología Humana,El tipo celular más abundantes del tejido conectivo es el:,Fibroblasto.,Adipocito.,Mastocito.,Eosinófilo.,1
2022,203,Biología Celular e Histología,"Orgánulos, Citoesqueleto y Matriz",En relación a los microtúbulos:,El centro organizador se asocia a su extremo menos.,La tubulina alfa hidroliza ATP.,El transporte hacia el extremo más depende de dineínas.,El transporte mediado por cinesinas es GTP dependiente.,1
2022,204,Estadística y Metodología,Bioestadística,"Para averiguar si un tratamiento es efectivo, se han tomado datos cuantitativos de un conjunto de individuos antes y después de aplicado dicho tratamiento. Asumiendo un tamaño muestral suficientemente grande, el test apropiado que debemos aplicar es:",Test t para diferencia de medias con varianzas desconocidas pero iguales.,Test t para diferencia de medias con varianzas desconocidas y diferentes.,Test t para muestras apareadas.,Test de Shapiro-Wilk.,3
2022,205,Inmunología,Inmunidad Adaptativa,¿Qué tipo de hipersensibilidad está mediada por anticuerpo IgE?:,Inmediata o de tipo I.,Citotóxica o de tipo II.,Por inmunocomplejos o de tipo III.,Celular o de tipo IV.,1
2022,206,Inmunología,Inmunopatología,¿Cuál de las siguientes enfermedades de base inmunológica se asocia a una reacción de hipersensibilidad inmediata o de tipo I?:,Diabetes tipo I.,Asma bronquial atópica.,Esclerosis múltiple.,Necrolisis epidérmica tóxica.,2
2022,207,Bioquímica y Biología Molecular,Bioquímica Clínica,¿Cuándo se recomienda la realización de técnicas de imagen para el cribado de cáncer de mama en mujeres jóvenes?:,Se recomienda a todas las mujeres de forma universal desde la menarquia.,Hay que hacer test genético a toda la población desde el nacimiento para decidir que pacientes son susceptibles de vigilancia.,"Se recomienda en las pacientes que son portadoras de mutaciones patológicas en los genes BRCA1, BRCA2 o TP53.","No se recomiendan técnicas de imagen en el cribado, es necesario hacer siempre biopsia.",3
2022,208,Bioquímica y Biología Molecular,Bioquímica Clínica,Un marcador tumoral sérico de cáncer de tiroides es:,Antígeno carcinoembrionario.,Tiroglobulina.,Tirotropina.,Tiroxina.,2
2022,209,Microbiología y Parasitología,Virología,El coronavirus SARS-COV-2 contiene:,ADN de doble hebra.,ADN de hebra simple.,ARN monocatenario de polaridad positiva.,ARN monocatenario de polaridad negativa.,3
2022,210,Microbiología y Parasitología,Bacteriología,Las características fenotípicas principales del género Nocardia son:,"Bacilos Gram positivos, aerobios, catalasa positiva, sin micelio aéreo y sensibles a la lisozima.","Bacilos Gram positivos, anaerobios, catalasa negativa, sin micelio aéreo y sensibles a la lisozima.","Bacilos Gram positivos, aerobios, catalasa positiva, con micelio aéreo y resistentes a la lisozima.","Bacilos Gram positivos, aerobios, catalasa positiva, sin micelio aéreo y resistentes a la lisozima.",3
2023,1,Fisiología y Anatomía,Endocrino y Reproductor,Respecto a la estructura química de las hormonas ¿cuál de las siguientes hormonas es una amina?:,Hormona liberadora de corticotropina (CRH).,Hormona de crecimiento (GH).,Triyodotironina (T3).,Prolactina.,3
2023,2,Fisiología y Anatomía,Endocrino y Reproductor,Los estrógenos:,Estimulan los osteoclastos.,Reducen el depósito de grasa en las mamas.,Aumentan los niveles plasmáticos de LDL.,Estimulan el crecimiento del endometrio.,4
2023,3,Fisiología y Anatomía,Cardiovascular y Respiratorio,¿En qué situación se reduce la filtración en los capilares sanguíneos?:,Cuando aumenta la presión hidrostática capilar.,Cuando aumenta la presión oncótica del plasma.,Cuando aumenta la presión neta de filtración.,Cuando aumenta el diámetro arteriolar.,2
2023,4,Fisiología y Anatomía,Cardiovascular y Respiratorio,"En el proceso de respiración normal, los cambios en las distintas presiones que originan la entrada y salida de aire son esenciales. En este sentido, la presión alveolar debe ser superior a la atmosférica:",Al final de la inspiración.,Al inicio de la inspiración.,En la fase media de la espiración.,Al final de la espiración.,3
2023,5,Fisiología y Anatomía,Endocrino y Reproductor,El cortisol:,Activa la respuesta inflamatoria.,Aumenta la utilización de glucosa.,Reduce la gluconeogénesis.,Aumenta la lipolisis.,4
2023,6,Fisiología y Anatomía,Endocrino y Reproductor,La adenohipófisis o hipófisis anterior secreta:,Oxitocina.,Gonadotropina coriónica humana (HCG).,Hormona liberadora de gonadotropina (GnRH).,Hormona estimulante de tiroides (TSH).,4
2023,7,Fisiología y Anatomía,Endocrino y Reproductor,¿Cuál de estos factores inhibe la secreción de prolactina?:,Sueño.,Dopamina.,Hormona liberadora de tirotropina (TRH).,Estrés.,2
2023,8,Fisiología y Anatomía,Endocrino y Reproductor,¿Cuál de estos factores estimula la secreción de hormona antidiurética (ADH)?:,Péptido natriurético atrial (PNA).,Etanol.,Disminución del volumen del líquido extracelular.,Disminución de la osmolaridad del líquido extracelular.,3
2023,9,Bioquímica y Biología Molecular,Bioquímica Clínica,Una disminución de la concentración del ion calcio (Ca2+) plasmático induce:,La disminución de la secreción de paratohormona (PTH).,El aumento de la hormona calcitonina.,La disminución de la excreción de fosfatos.,El aumento de la resorción ósea.,4
2023,10,Fisiología y Anatomía,Endocrino y Reproductor,¿Cuál de los siguientes factores disminuye la actividad metabólica?:,La hormona de crecimiento.,El sueño.,La ingesta de alimentos.,La testosterona.,2
2023,11,Fisiología y Anatomía,Cardiovascular y Respiratorio,La actividad marcapasos del nodo sinoauricular cardíaco:,Depende de una corriente despolarizante espontánea.,Es insensible a la estimulación vagal.,Se caracteriza por presentar un retraso de 0.13 segundos.,Se debe a la inactivación de los canales de sodio dependientes de voltaje.,1
2023,12,Fisiología y Anatomía,Cardiovascular y Respiratorio,El gasto cardíaco es igual:,Al producto de la frecuencia cardíaca por la presión arterial.,A la diferencia entre el volumen final de diástole y el volumen final de sístole.,A la diferencia entre el volumen sistólico en reposo y el volumen sistólico durante el ejercicio.,Al producto de la frecuencia cardíaca por el volumen de eyección sistólico.,4
2023,13,Fisiología y Anatomía,Cardiovascular y Respiratorio,"En el ciclo cardiaco, la presión en el ventrículo izquierdo es superior a la presión aórtica durante la fase:",Contracción isovolumétrica.,Relajación isovolumétrica.,Eyección ventricular rápida.,Llenado ventricular rápido.,3
2023,14,Fisiología y Anatomía,Cardiovascular y Respiratorio,"¿En cuál de los siguientes segmentos del sistema circulatorio, la velocidad del flujo sanguíneo es menor?:",Arterias de gran calibre.,Arteriolas.,Venas de gran calibre.,Capilares.,4
2023,15,Fisiología y Anatomía,Sistema Nervioso y Sentidos,¿Qué nervio lleva la información barorreceptora del seno carotídeo al sistema nervioso central?:,Vago.,Frénico.,Glosofaríngeo.,Hipogloso.,3
2023,16,Fisiología y Anatomía,Endocrino y Reproductor,El líquido o plasma seminal:,Contiene espermatozoides.,Tiene un pH de 4.0.,Contiene fructosa.,Se forma en los túbulos seminíferos.,3
2023,17,Fisiología y Anatomía,Endocrino y Reproductor,Las células de Sertoli sintetizan:,Testosterona.,Proteínas ligadoras de andrógenos.,Hormona folículoestimulante (FSH).,Colesterol.,2
2023,18,Fisiología y Anatomía,Endocrino y Reproductor,Tras la menopausia aumentan los niveles plasmáticos de:,Estrógenos.,Progestágenos.,Inhibinas.,Gonadotropinas.,4
2023,19,Fisiología y Anatomía,Endocrino y Reproductor,Las activinas:,Estimulan la secreción de hormona folículoestimulante (FSH).,Inhiben la secreción de hormona luteotropa (LH).,Inhiben la secreción de hormona liberadora de gonadotropinas (GhRH).,Son esteroides ováricos.,1
2023,20,Fisiología y Anatomía,Endocrino y Reproductor,"En el parto, las prostaglandinas:",Se secretan por el cuerpo lúteo.,Desacoplan las uniones en hendidura miometriales.,Inhiben los efectos de la oxitocina.,Estimulan la contracción miometrial.,4
2023,21,Estadística y Metodología,Bioestadística,¿Cuáles de los siguientes mediadores reducen la ingesta de alimentos induciendo saciedad?:,CART (transcrito regulado por cocaína y anfetamina) y α-MSH (hormona estimulante de los melanocitos).,Orexinas A y B (hipocretinas).,Endorfinas.,Proteína relacionada con Agoutí (AgRP) y endocannabinoides.,1
2023,22,Fisiología y Anatomía,Renal y Digestivo,De los complejos motores migratorios podemos afirmar que:,Son contracciones segmentarias desde el esófago al recto originados por la ingesta.,Se inician en el intestino delgado con la digestión y van hasta el intestino grueso.,Son estimulados por la motilina.,Ocurren en el estómago cada 9-10 minutos mientras está lleno.,3
2023,23,Fisiología y Anatomía,Endocrino y Reproductor,Con respecto a la secreción salival y su regulación:,El pH óptimo de la saliva para la acción digestiva de la ptialina es de 8 o superior.,La calicreína tiene efectos vasoconstrictores.,El epitelio ductal de las glándulas salivales absorbe iones bicarbonato.,La bradicinina es una sustancia vasodilatadora.,4
2023,24,Fisiología y Anatomía,Renal y Digestivo,La secreción de ácido clorhídrico es inhibida por:,Estimulación simpática.,Acetilcolina.,Gastrina.,Histamina.,1
2023,25,Fisiología y Anatomía,Renal y Digestivo,¿Qué sustancia utiliza el mismo cotransportador dependiente de sodio (SGLT1) que la glucosa en su absorción intestinal en la membrana apical?:,Glutamina.,Galactosa.,Sacarosa.,Fructosa.,2
2023,26,Fisiología y Anatomía,Renal y Digestivo,En relación a la autorregulación del flujo sanguíneo renal es CIERTO que:,"Cuando la tensión arterial tiene valores entre 90 y 180 mm Hg, el flujo sanguíneo renal se mantiene en límites fisiológicos.",El flujo sanguíneo renal es constante independientemente del funcionamiento del aparato circulatorio.,Cualquier valor de tensión arterial garantiza el flujo sanguíneo renal.,La presión hidrostática en los capilares glomerulares es independiente de los valores de la tensión arterial.,1
2023,27,Fisiología y Anatomía,Renal y Digestivo,"Sobre el manejo renal del sodio, señale la aseveración que considere CIERTA:",La reabsorción de sodio en las nefronas se realiza intercambiándolo por potasio.,La aldosterona regula la reabsorción de sodio en las nefronas.,La reabsorción de sodio se regula exclusivamente en el túbulo proximal.,La reabsorción de sodio es constante a lo largo de toda la nefrona.,2
2023,28,Fisiología y Anatomía,Renal y Digestivo,"En relación con la concentración de solutos en diferentes segmentos tubulares de la nefrona, es CIERTO que:","La concentración de glucosa, proteínas y aminoácidos disminuye en el túbulo proximal.",La concentración de calcio aumenta en el túbulo distal por secreción bajo la influencia de la paratohormona (PTH).,"La concentración de sodio, potasio y cloro es prácticamente indetectable en el asa de Henle.",La concentración de sodio y potasio en el túbulo proximal está regulada por aldosterona.,1
2023,29,Fisiología y Anatomía,Renal y Digestivo,"En relación con la retroalimentación túbulo glomerular o equilibrio glomérulo tubular, señale la afirmación que considere FALSA:",Es un mecanismo para regular la tasa de filtración glomerular en función de señales provenientes de los túbulos renales.,La mácula densa es el sensor de esta respuesta fisiológica.,Implica que un aumento de la tasa de filtración glomerular provoca una disminución de la reabsorción tubular.,Implica que un aumento de la tasa de flujo tubular provoca una disminución de la tasa de filtración glomerular.,3
2023,30,Fisiología y Anatomía,Renal y Digestivo,"En relación con el denominado mecanismo multiplicador contracorriente existente en las nefronas, es CIERTO que:",La osmolaridad de la médula renal del humano puede alcanzar los 3.000 mOsm/L,La rama ascendente del asa de Henle transporta activamente agua hacia el intersticio medular renal.,La rama descendente del asa de Henle es muy permeable al agua.,La hormona antidiurética (ADH) regula la excreción de agua en el túbulo proximal.,3
2023,31,Hematología,Hemostasia y Coagulación,La vía intrínseca de la coagulación se inicia con el factor:,IX.,X.,XI.,XII.,4
2023,32,Hematología,Fisiología y Patología Eritrocitaria,La proteína transportadora de hierro en plasma es la:,Apoferritina.,Ferritina.,Transferrina.,Hemosiderina.,3
2023,33,Hematología,Banco de Sangre e Inmunohematología,Sólo un grupo sanguíneo contiene aglutininas anti-A y anti-B:,0.,A.,B.,AB.,1
2023,34,Hematología,Fisiología y Patología Eritrocitaria,La producción de fosfato de timidina en la hematopoyesis depende de:,Eritropoyetina.,Factor de Castle y vitamina B12.,Vitamina B6 y ferritina.,Vitamina B12 y ácido fólico.,4
2023,35,Biología Celular e Histología,Histología Humana,"En relación con la PO2 tisular, sólo una de las siguientes afirmaciones es cierta:",Depende exclusivamente del transporte de O2,Depende del transporte de O2 y de su tasa de uso por los tejidos.,No está en relación con la tasa metabólica del tejido.,Se autorregula según su concentración.,2
2023,36,Fisiología y Anatomía,Cardiovascular y Respiratorio,Se denomina “volumen de reserva espiratoria”:,Al volumen adicional máximo de aire que se puede espirar mediante una espiración forzada después del final de una espiración a volumen corriente normal.,Al volumen de aire que queda en los pulmones después de la espiración más forzada.,Al volumen de aire que se inspira o se espira en cada respiración normal.,Al volumen residual más el volumen corriente.,1
2023,37,Fisiología y Anatomía,Cardiovascular y Respiratorio,Definimos espacio muerto fisiológico como:,El volumen de gas que rellena las vías aéreas de conducción.,El volumen corriente menos el volumen alveolar.,El volumen total de gas en cada respiración que no participa en el intercambio de gases.,El volumen de perfusión menos el volumen corriente.,3
2023,38,Fisiología y Anatomía,Cardiovascular y Respiratorio,El reflejo de Hering-Breuer es desencadenado por mecanorreceptores localizados en:,Los pulmones.,El diafragma y los músculos intercostales.,El corazón.,Arterias cerebrales.,1
2023,39,Fisiología y Anatomía,Cardiovascular y Respiratorio,El volumen respiratorio minuto es igual a:,El volumen corriente multiplicado por la capacidad pulmonar por minuto.,El volumen corriente multiplicado por la frecuencia respiratoria por minuto.,La capacidad inspiratoria multiplicada por la frecuencia respiratoria por minuto.,La capacidad pulmonar total multiplicada por el volumen residual por minuto.,2
2023,40,Fisiología y Anatomía,Sistema Nervioso y Sentidos,¿Cuál de los siguientes es el estímulo directo para las neuronas del área quimiosensible de la zona bulbar reguladora de la respiración?:,PO2.,Concentración de protones.,PCO2.,Concentración de HCO3-.,2
2023,41,Fisiología y Anatomía,Sistema Nervioso y Sentidos,Las células que forman los nervios ópticos derivan del neuroectodermo del:,Metencéfalo.,Diencéfalo.,Mielencéfalo.,Telencéfalo.,2
2023,42,Biología Celular e Histología,"Ciclo Celular, Mitosis y Apoptosis",¿Cuál es la propiedad singular que distingue a las células troncales (stem) frente a los progenitores celulares?:,Su ilimitada capacidad de autorrenovación.,Su multipotencialidad.,Su clonogenicidad.,Su elevada tasa de proliferación.,1
2023,43,Biología Celular e Histología,Membrana y Tráfico,La vía molecular Notch/Delta/Jagged recibe y transduce en las células señales de naturaleza:,Autocrina.,Paracrina.,Yuxtacrina.,Endocrina.,3
2023,44,Fisiología y Anatomía,Endocrino y Reproductor,¿En qué región del embrión aparecen las células madre hematopoyéticas intraembrionarias definitivas?:,En el intestino posterior.,En la región aorta-gónada-mesonefros (AGM).,En las venas cardinales.,En el endocardio.,2
2023,45,Biología Celular e Histología,Histología Humana,¿Dónde se encuentran las células madre y los progenitores de los queratinocitos?:,En el estrato basal epidérmico.,En el estrato córneo epidérmico.,En el estrato granuloso epidérmico.,En la dermis.,1
2023,46,Biología Celular e Histología,Membrana y Tráfico,¿Qué determina el movimiento a través de una biomembrana de un soluto con carga?:,El gradiente electroquímico.,El potencial electrostático exclusivamente.,El gradiente de concentración exclusivamente.,La concentración de transportadores específicos para ese soluto en la membrana.,1
2023,47,Biología Celular e Histología,"Orgánulos, Citoesqueleto y Matriz",¿Qué compartimento de las mitocondrias es químicamente equivalente al citosol respecto de las moléculas pequeñas e iones que contiene?:,La matriz mitocondrial.,La membrana interna.,El espacio intermembranoso.,Todos los compartimentos muestran un contenido muy especializado por transporte selectivo.,3
2023,48,Biología Celular e Histología,Membrana y Tráfico,¿Qué tipo de vesícula media el transporte entre el aparato de Golgi y los lisosomas?:,Vesículas recubiertas de coatómeros.,"Vesículas recubiertas de COPII (COP, acrónimo de “coat protein”).","Vesículas recubiertas de COPI (COP, acrónimo de “coat protein”).",Vesículas recubiertas de clatrina.,4
2023,49,Bioquímica y Biología Molecular,Metabolismo Energético,"Según la teoría quimiosmótica de Mitchell, ¿en cuál de las siguientes condiciones experimentales se conseguirá catalizar la síntesis de ATP?:",Expresando una proteína transportadora en la membrana interna mitocondrial que permita el movimiento de protones a favor de gradiente.,Acoplando un sistema generador de gradiente de protones a la actividad de la ATP sintasa y en presencia de ADP y fosfato inorgánico.,Añadiendo a las mitocondrias agentes desacopladores del gradiente de protones como el DNP.,"En ausencia de las proteínas de la cadena de transporte electrónico, sobreexpresando la ATP sintasa y proporcionando un exceso de ADP y fosfato inorgánico.",2
2023,50,Fisiología y Anatomía,Sistema Nervioso y Sentidos,¿A través de qué receptor la adrenalina promueve la degradación de glucógeno en músculo esquelético?:,Un receptor acoplado a proteína G.,Un receptor con actividad tirosina quinasa.,Un receptor con actividad serina-treonina quinasa.,Un receptor intracelular.,1
2023,51,Biología Celular e Histología,Membrana y Tráfico,Respecto a la bomba Na+/K+ de las células eucariotas animales:,Contribuye a regular la osmolaridad (o tonicidad) del citosol.,Transporta Na+ hacia el citosol.,El transporte de Na+ y K+ es a favor de gradiente.,Es una ATPasa dependiente de Ca2+.,1
2023,52,Biología Celular e Histología,"Orgánulos, Citoesqueleto y Matriz",La enzima ATP sintasa implicada en la fosforilación oxidativa mitocondrial se encuentra en:,La matriz mitocondrial.,El espacio intermembrana mitocondrial.,La membrana mitocondrial interna.,La membrana mitocondrial externa.,3
2023,53,Bioquímica y Biología Molecular,"Proteínas, Enzimas y Aminoácidos","Respecto a los lisosomas primarios, se sabe que:",Las enzimas lisosómicas se incorporan por translocación proteica.,En el lumen lisosómico se encuentran las hidrolasas básicas.,Las ATPasas de la membrana lisosómica bombean protones del lumen lisosómico al citosol.,La mayoría de las proteínas de membrana lisosómicas están muy glucosiladas.,4
2023,54,Biología Celular e Histología,"Orgánulos, Citoesqueleto y Matriz",¿Cuál de las siguientes estructuras no está asociada a filamentos del citoesqueleto?:,Uniones comunicantes o tipo gap.,Uniones estancas (también llamadas herméticas u oclusivas).,Uniones adherentes.,Desmosomas.,1
2023,55,Biología Celular e Histología,Histología Humana,¿Cuál es el mecanismo de secreción de las glándulas sebáceas de la piel?:,Ecrina.,Apocrina.,Holocrina.,Molecular.,3
2023,56,Biología Celular e Histología,Histología Humana,¿En qué tejido es abundante el colágeno de tipo II?:,Tejido conjuntivo fibrilar denso.,Tejido cartilaginoso.,Tejido adiposo.,Tejido óseo.,2
2023,58,Biología Celular e Histología,Membrana y Tráfico,¿Cuál es la estructura de unión de los cardiomiocitos?:,Las líneas Z.,Los túbulos T.,Los discos intercalares.,Las cisternas del retículo sarcoplásmico.,3
2023,59,Biología Celular e Histología,Histología Humana,"En los husos neuromusculares se pueden distinguir dos tipos diferentes de fibras musculares modificadas, que se distinguen fácilmente por:",La disposición de sus núcleos celulares.,Porque unas reciben contactos sinápticos y otras no.,Porque unas detectan estiramiento y otras tensión.,Por su disposición en el centro o en la periferia del huso.,1
2023,60,Biología Celular e Histología,Histología Humana,En el tejido hepático los espacios de Disse se delimitan por:,Hepatocitos y canalículos biliares.,Vena centrolobulillar y sinusoides.,Células de Kupffer.,Endotelio de los sinusoides y hepatocitos.,4
2023,61,Biología Celular e Histología,Histología Humana,"En los tejidos que tienen relación con el medio externo (piel, tracto digestivo, pulmón, etc) se observan células “dendríticas”, cuya función principal es:",Renovar la sustancia fundamental del tejido conectivo.,Variar la permeabilidad de los vasos sanguíneos.,Presentar antígenos para los linfocitos.,Transmitir señales eléctricas al sistema endocrino difuso.,3
2023,62,Biología Celular e Histología,Histología Humana,Señale cuál de las siguientes estructuras NO se puede observar nunca en el cordón umbilical:,Células mesenquimales.,Arteria.,Trofoblasto.,Vena.,3
2023,63,Inmunología,Inmunidad Innata y Complemento,¿De qué células derivan las células plasmáticas?:,Linfocitos B.,Linfocitos T.,Macrófagos.,Monocitos.,1
2023,64,Fisiología y Anatomía,Renal y Digestivo,¿Qué caracteriza a las células mioepiteliales?:,Se asocian al intestino.,Son exclusivas de vasos sanguíneos de gran tamaño.,Son células asociadas a glándulas secretoras.,Son propias de órganos huecos como la vesícula biliar.,3
2023,65,Biología Celular e Histología,Histología Humana,"¿Cuáles son las capas de la epidermis denominada gruesa, como la de la palma de las manos, desde la más interna a la más externa?:","Estrato basal, lúcido, espinoso, granuloso y córneo.","Estrato basal, espinoso, lúcido, granuloso y córneo.","Estrato basal, granuloso, espinoso, lúcido y córneo.","Estrato basal, espinoso, granuloso, lúcido y córneo.",4
2023,66,Fisiología y Anatomía,Renal y Digestivo,La cápsula de Glisson recubre:,Bazo.,Hígado.,Riñón.,Pulmón.,2
2023,67,Biología Celular e Histología,Histología Humana,¿Qué epitelio es exclusivo de las vías urinarias?:,Epitelio simple cúbico.,Epitelio estratificado plano no queratinizado.,Epitelio de transición.,Epitelio simple cilíndrico.,3
2023,68,Microbiología y Parasitología,Virología,Indica cuál de las siguientes afirmaciones NO es correcta para introducir un gen exógeno en una célula diana:,La electroporación utiliza una corriente eléctrica que abre poros en la membrana de la célula diana.,La microinyección permite introducir el gen de interés a través de la membrana de la célula diana mediante una microaguja.,La utilización de detergentes suaves es un método químico que abre poros en la membrana celular para permitir el paso del gen exógeno al interior de la célula diana.,El uso de virus que contienen el gen exógeno permite aumentar la especificidad y la eficacia de la entrega en las células objetivo.,3
2023,69,Genética,Genética Mendeliana y Herencia,Las hijas de una pareja en la que solo el padre manifiesta un carácter dominante ligado al cromosoma X con 100% de penetrancia:,Nunca manifestarán el carácter.,Lo manifestarán en el 25% de los casos.,Lo manifestarán en el 50% de los casos.,Siempre manifestarán el carácter.,4
2023,70,Genética,Citogenética y Alteraciones Cromosómicas,¿Puede una persona con síndrome de Down presentar solo 46 cromosomas en su cariotipo?:,"NO, en ningún caso.","Sí, como consecuencia de ciertas translocaciones robertsonianas.","Sí, como consecuencia de ciertas deleciones.","Sí, como consecuencia de ciertas inversiones.",2
2023,71,Genética,Genética Mendeliana y Herencia,¿Puede heredarse más de un alelo de un gen que presente herencia mitocondrial?:,"No, porque el genoma mitocondrial se hereda exclusivamente de la madre.","No, porque los sistemas de reparación del ADN lo impiden.","Sí, como consecuencia de heteroplasmia materna.","Sí, pero solo en el caso de dos alelos codominantes.",3
2023,72,Estadística y Metodología,Bioestadística,En los estudios familiares de heredabilidad de caracteres cuantitativos ¿qué información proporciona la varianza de los gemelos monozigóticos?:,Exclusivamente la varianza ambiental.,Exclusivamente la varianza genética.,La suma de las varianzas genética y ambiental.,La suma de la varianza ambiental y la mitad de la genética.,1
2023,73,Bioquímica y Biología Molecular,Procesos Moleculares,¿Cuál de los siguientes fenómenos contribuye a la generación de mutaciones espontáneas?:,La presencia de codones STOP.,La isomerización de las bases nitrogenadas del ADN por tautomería.,La maduración co-transcripcional del pre- ARN mensajero.,La acumulación de colesterol en la envuelta nuclear.,2
2023,74,Bioquímica y Biología Molecular,Procesos Moleculares,Indique cuáles de las siguientes bases nitrogenadas son clasificadas como purinas:,Guanina y adenina.,Adenina y timina.,Citosina y adenina.,Citosina y timina.,1
2023,75,Biología Celular e Histología,"Ciclo Celular, Mitosis y Apoptosis",Selecciona la fase del ciclo celular donde los cromosomas se disponen en plano ecuatorial:,Profase.,Metafase.,Telofase.,Anafase.,2
2023,76,Bioquímica y Biología Molecular,Procesos Moleculares,Defina en qué consiste un microsatélite:,Región de secuencias repetitivas de ADN en el extremo de un cromosoma.,Secuencias de ADN transponibles que pueden moverse a otras localizaciones dentro del genoma.,Secuencias de ADN de 10 a 100 pares de bases de longitud que se encuentran en segmentos de aproximadamente 3000 repeticiones.,"Secuencias de ADN cortas de 10 a 40 pares de bases de longitud, moderadamente repetidas dispersas por el genoma.",4
2023,77,Genética,Citogenética y Alteraciones Cromosómicas,Escoja el tipo de cromosomas que tienen el centrómero en la mitad de su estructura:,Metacéntricos.,Acrocéntricos.,Telocéntricos.,Submetacéntricos.,1
2023,78,Genética,Citogenética y Alteraciones Cromosómicas,Seleccione la causa de síndrome de Down familiar:,Una inversión en el cromosoma 21.,Una deleción en el cromosoma 21.,Una traslocación entre el cromosoma 14 y 21.,Un cromosoma X extra.,3
2023,79,Genética,Citogenética y Alteraciones Cromosómicas,Seleccione la definición de monosomía:,Ganancia de un solo cromosoma en un genoma diploide.,Pérdida de un solo cromosoma en un genoma diploide.,Ganancia de un solo cromosoma en un genoma haploide.,Pérdida de dos cromosomas en un genoma diploide.,2
2023,80,Bioquímica y Biología Molecular,Procesos Moleculares,El experimento de Meselson y Stahl demostró que:,La transcripción es semiconservativa.,La transcripción es dispersiva.,La replicación es conservativa.,La replicación es semiconservativa.,4
2023,81,Bioquímica y Biología Molecular,"Proteínas, Enzimas y Aminoácidos",El código genético degenerado significa que:,Las mutaciones que implican un cambio en el marco de lectura son toleradas.,Un determinado aminoácido puede ser especificado por más de un codón.,El ARNm se degrada rápidamente.,El código genético no es universal en todos los organismos.,2
2023,82,Bioquímica y Biología Molecular,Procesos Moleculares,Seleccione los codones de stop:,"UAG, UAA y UGA.","UAG, UUA y UGA.","UAG, GUG y GCA.","UAG, CAG y UGA.",1
2023,83,Microbiología y Parasitología,Bacteriología,¿En qué ciclo de vida del bacteriófago se incorpora el ADN del fago en el cromosoma bacteriano?:,En el ciclo lítico.,En el ciclo lisogénico.,Tanto en el ciclo lítico como en el ciclo lisogénico.,Ni en el ciclo lítico ni en el ciclo lisogénico.,2
2023,84,Bioquímica y Biología Molecular,Procesos Moleculares,¿Qué enzima utiliza un retrovirus para realizar una copia de ADN de su genoma?:,ADN polimerasa.,ARN polimerasa.,Transcriptasa inversa.,Integrasa.,3
2023,85,Bioquímica y Biología Molecular,Procesos Moleculares,¿Cuál de las siguientes relaciones sería verdadera en una molécula de ADN bicatenario?:,A + T = G + C,A + T = G + T,A + C = G + T,A / T = G / T,3
2023,86,Bioquímica y Biología Molecular,Procesos Moleculares,"En la cadena de ADN, el fosfato conecta el carbono 3’ de una desoxirribosa con:",El carbono 5’ de la desoxirribosa adyacente.,El carbono 3’ de la desoxirribosa adyacente.,La base nitrogenada del nucleótido anterior.,La base nitrogenada del nucleótido siguiente.,1
2023,87,Bioquímica y Biología Molecular,Procesos Moleculares,¿Cuántas copias de la histona H2B se hallarán en una cromatina que contiene 50 nucleosomas?:,1.,5.,50.,100.,4
2023,88,Genética,Mutaciones y Reparación del ADN,Una mutación en un gen que revierte el fenotipo de una mutación en un gen diferente es:,Una mutación supresora intergénica.,Una mutación supresora intragénica.,Un efecto posicional.,Una mutación neutral.,1
2023,89,Bioquímica y Biología Molecular,Procesos Moleculares,La reparación de las roturas de ADN de doble cadena se realiza mediante:,La unión de extremos no homólogos.,La fotoliasa.,Reparación por escisión de nucleótidos.,No se puede reparar.,1
2023,90,Genética,Citogenética y Alteraciones Cromosómicas,El locus del gen del Retinoblastoma (RB1) está en el cromosoma:,11.,12.,13.,17.,3
2023,91,Fisiología y Anatomía,Endocrino y Reproductor,Los genes que presentan impronta se expresan de manera diferente:,En el adulto respecto al embrión.,Según el sexo del individuo.,Antes y después del desarrollo sexual.,Según provengan del gameto paterno o materno.,4
2023,92,Genética,Genética Mendeliana y Herencia,La herencia de una de las siguientes enfermedades es autosómica recesiva:,Corea de Huntington.,Síndrome de Marfan.,Alcaptonuria.,Porfiria aguda intermitente.,3
2023,93,Inmunología,Inmunopatología,En un hombre de 52 años que recibe radioterapia y quimioterapia citotóxica frente a la médula ósea para poder recibir un trasplante y combatir el cáncer que sufre. ¿Cuál de los siguientes cambios es más probable que se produzca?:,Producción normal de todas las células sanguíneas debido a la hematopoyesis extramedular compensatoria.,Disminución de la producción de linfocitos B pero no de linfocitos T.,Disminución de la producción de neutrófilos y monocitos pero no de linfocitos B.,"Disminución de la producción de linfocitos, B y T, monocitos, neutrófilos y glóbulos rojos.",4
2023,94,Hematología,Serie Blanca y Neoplasias,¿Cuál de los siguientes órganos linfoides se considera como órgano linfoide primario?:,Amígdalas.,Timo.,Placas de Peyer.,Ganglio linfático.,2
2023,95,Inmunología,Inmunidad Adaptativa,La maduración por afinidad en los centros germinales significa que:,Aparecen mutaciones en el ADN que codifican las regiones constantes de las inmunoglobulinas.,La afinidad es mayor en las respuestas primarias que en las secundarias.,"Cuando se estimula un linfocito B, puede expresar el segundo alelo parental del gen de las inmunoglobulinas.",La afinidad de los anticuerpos por el antígeno aumenta con la estimulación antigénica.,4
2023,96,Inmunología,Inmunidad Adaptativa,La molécula CD8:,Interactúa parcialmente con el antígeno presentado.,Se expresa en linfocitos B memoria.,Tiene homología estructural con TLR4.,Se expresa en linfocitos T citotóxicos.,4
2023,97,Inmunología,Inmunidad Adaptativa,¿Qué dos tipos celulares al fusionarse generan un hibridoma productor de anticuerpos monoclonales?:,Linfocito B y linfocito T.,Linfocito B y célula de mieloma.,Célula de mieloma y linfocito T.,Linfocito B y eosinófilo tumoral.,2
2023,98,Microbiología y Parasitología,Bacteriología,¿Cuál es el ligando del receptor tipo Toll 4 (TLR4)?:,ADN bacteriano.,Lipopolisacárido (LPS) bacteriano.,Material genético vírico.,Flagelina.,2
2023,99,Biología Celular e Histología,Histología Humana,¿De qué tipo de reacciones alérgicas son responsables los mastocitos presentes en la piel y mucosas?:,Mediadas por IgE.,Mediadas por inmunocomplejos.,Mediadas por reacciones citotóxicas.,Mediadas por linfocitos T.,1
2023,100,Fisiología y Anatomía,Sistema Nervioso y Sentidos,"¿Qué receptor forma la asociación de las moléculas Igβ, Igα e IgM?:",TCR.,TLR.,BCR.,RIG.,3
2023,101,Inmunología,Inmunidad Adaptativa,¿Qué tipo de anticuerpos están implicados en las reacciones alérgicas de tipo I?:,IgE.,IgG.,IgA.,IgM.,1
2023,102,Inmunología,Inmunopatología,¿Cuál de las siguientes enfermedades de base inmunológica se asocia a una reacción de hipersensibilidad inmediata o de tipo I?:,Fiebre del heno.,Tuberculosis pulmonar.,Dermatitis de contacto por niquel.,Lupus eritematoso sistémico.,1
2023,103,Inmunología,Inmunidad Adaptativa,¿Cuál de las siguientes células del sistema inmune NO es de estirpe mieloide?:,Monocitos.,Basófilos.,ILC3.,Mastocitos.,3
2023,104,Inmunología,Inmunopatología,¿Cuál de los siguientes mediadores que liberan los mastocitos durante una anafilaxia se utiliza de manera rutinaria en el diagnóstico de dicha reacción?:,Triptasa.,Leucotrienos.,PAF.,Histamina.,1
2023,105,Fisiología y Anatomía,Sistema Nervioso y Sentidos,¿Cuál de los siguientes receptores NO se encuentra en la superficie celular (membrana plasmática) de los macrófagos?:,TLR1.,TLR2.,TLR3.,TLR4.,3
2023,106,Microbiología y Parasitología,Virología,¿Cuál de los siguientes enunciados respecto a las acciones biológicas de los interferones (IFN) de tipo I es INCORRECTO?:,Los IFN de tipo I son producidos por células infectadas por virus en respuesta a señales intracelulares (TLR).,El estímulo más potente para la síntesis de IFN de tipo I es la IL-2 producida por los linfocitos T CD4.,Los IFN de tipo I son capaces de inhibir la síntesis de determinadas proteínas virales.,El defecto funcional de IFN de tipo I se ha implicado con una mayor gravedad de la enfermedad COVID-19 causada por el SARS CoV 2.,2
2023,107,Inmunología,Inmunopatología,"Son alérgenos de alimentos de declaración obligatoria (Reglamento Europeo 1169/2011; Real Decreto 126/2015) en restaurantes de España y Europa, todos los siguientes EXCEPTO:",Pescado.,Leche.,Frutas rosáceas.,Mostaza.,3
2023,108,Inmunología,Inmunidad Adaptativa,Las células Jurkat:,Son una línea celular de linfocitos B inmortalizada.,Son una línea celular de linfocitos T inmortalizada.,Proceden de un mieloma humano.,Proceden de un tumor de melanoma humano.,2
2023,109,Inmunología,Inmunidad Adaptativa,"¿Qué órgano vascularizado puede eliminar células sanguíneas viejas y dañadas, microorganismos opsonizados y está implicado en iniciar respuestas inmunitarias adaptativas frente a antígenos?:",Tejido linfoide asociado a las mucosas (MALT).,Timo.,Bazo.,Ganglio linfático.,3
2023,111,Inmunología,Inmunidad Adaptativa,¿Qué enfermedad específica de órgano de las indicadas NO se debe a la interacción de linfocitos autorreactivos T con antígenos propios?:,Esclerosis múltiple.,Diabetes de tipo 2.,Psoriasis.,Diabetes de tipo 1.,2
2023,112,Inmunología,Inmunidad Innata y Complemento,¿Qué función efectora implicada en la inmunidad innata y en la inmunidad humoral específica NO es propia del sistema del complemento?:,Estimular la inflamación.,Mediar en la fagocitosis de los microorganismos.,Evitar la opsonización.,Inducir la lisis osmótica de los microorganismos.,3
2023,113,Inmunología,Inmunopatología,¿Cómo se denomina a la reacción sistémica de hipersensibilidad inmediata con edema en muchos tejidos y bajada de la presión arterial secundaria a la vasodilatación?:,Reacción inmediata alérgica.,Desensibilización sistémica.,Hipersensibilidad de tipo III.,Anafilaxia.,4
2023,114,Inmunología,Inmunopatología,¿Cuáles de las opciones es una inmunodeficiencia secundaria?:,Enfermedad granulomatosa crónica.,Síndrome de inmunodeficiencia adquirida.,Agammaglobulinemia ligada al cromosoma X.,Síndrome de inmunodeficiencia común variable.,2
2023,115,Inmunología,Inmunopatología,¿Qué tipo de hipersensibilidad es la dermatitis alérgica por contacto?:,Tipo I o inmediata.,Tipo II o mediada por anticuerpos.,Tipo III o mediada por inmunocomplejos.,Tipo IV o retardada.,4
2023,116,Inmunología,Inmunidad Innata y Complemento,La opsonización:,Se produce por la unión de opsoninas a la superficie de los microbios.,Disminuye la fagocitosis.,Es inhibida por el complemento.,Está aumentada en individuos con deficiencia en C3.,1
2023,117,Inmunología,Inmunidad Adaptativa,¿Cuál de las siguientes moléculas de reconocimiento de patrones del sistema inmunitario innato NO es soluble?:,Receptores similares a la lectina tipo C (CLRs).,Factores del complemento.,Pentraxinas.,Colectinas.,1
2023,118,Bioquímica y Biología Molecular,Procesos Moleculares,Indique qué TLR de los siguientes reconoce moléculas de ARN bicatenario:,TLR2.,TLR3.,TLR7.,TLR9.,2
2023,120,Estadística y Metodología,Bioestadística,"En un diagrama de cajas (“Box-plot” o “Boxand-Whisker plot”) que usamos para describir un conjunto de valores cuantitativos, los valores que delimitan la caja central son:",La mediana y el cuantil 95%.,Los límites del intervalo de confianza para la media al 95%.,La media más/menos el rango intercuartílico.,El primer y el tercer cuartil.,4
2023,122,Estadística y Metodología,Bioestadística,"Como resultado de un contraste de hipótesis para testear la hipótesis nula H0, se obtiene un p-valor (o valor P) de 0.025. Entonces:",Se acepta H0 al nivel de significación 0.05 y se rechaza al 0.01.,Se rechaza H0 a los niveles de significación 0.05 y 0.01.,Se rechaza H0 al nivel de significación 0.05 y se acepta al 0.01.,Se acepta H0 a los niveles de significación 0.05 y 0.01.,3
2023,123,Estadística y Metodología,Bioestadística,Una de las hipótesis fundamentales en un modelo de regresión simple (Y=a+bX+e) es que:,Los residuos (e) son todos iguales a cero.,Los datos son independientes.,La covariable (X) es estimada por métodos mínimo-cuadráticos.,La suma de los valores respuesta (Y) es cero.,2
2023,124,Estadística y Metodología,Bioestadística,El gráfico adecuado para representar las frecuencias de una variable cuantitativa continua que hemos agrupado en intervalos de distinta longitud es:,Un diagrama de Pareto.,Un gráfico de tarta.,Un histograma.,Un diagrama de cajas (“Box-plot”).,3
2023,125,Fisiología y Anatomía,Endocrino y Reproductor,De acuerdo con la guía KDIGO 2020 para el manejo de la diabetes en la enfermedad renal crónica (ERC):,Debe emplearse glucemia basal para monitorizar el control glucémico en pacientes con diabetes y ERC.,Debe emplearse microalbuminuria para monitorizar el control glucémico en pacientes con diabetes y ERC.,NO debe emplearse hemoglobina glicosilada (HbA1c) para monitorizar el control glucémico en pacientes con diabetes y ERC.,Debe emplearse hemoglobina glicosilada (HbA1c) para monitorizar el control glucémico en pacientes con diabetes y ERC.,4
2023,126,Bioquímica y Biología Molecular,Bioquímica Clínica,Cuál de las siguientes causas NO provoca hematuria:,Nefrolitiasis.,Cistitis.,Hepatopatías.,Traumatismo.,3
2023,127,Bioquímica y Biología Molecular,Metabolismo Energético,Cuál de las siguientes enzimas NO participa en el metabolismo de la galactosa:,UDP-Galactosa-4-epimerasa.,Galactosa-1-P-Uridiltransferasa.,Galactoquinasa.,Galactosa-6-P-Uridiltransferasa.,4
2023,128,Fisiología y Anatomía,Renal y Digestivo,El déficit de Fructosa-1-P-Aldolasa se manifiesta con:,Hiperglucemia.,Hiperuricemia.,Alcalosis metabólica.,Aumento en N-glucosilación de las proteínas.,2
2023,129,Bioquímica y Biología Molecular,Bioquímica Clínica,El marcador más sensible de proteinuria tubular es:,Alfa-1-microglobulina.,Albúmina.,Alfa-2-macroglobulina.,Inmunoglobulina A.,1
2023,130,Hematología,Hemostasia y Coagulación,¿Qué tipo de anticoagulante es más idóneo para la realización de una gasometría arterial o venosa?:,Heparina no fraccionada.,Heparina sódica líquida.,Heparina de litio.,Heparina de bajo peso molecular.,3
2023,131,Hematología,Fisiología y Patología Eritrocitaria,En el organismo humano ¿Dónde se encuentra la mayor reserva de hierro útil?:,Unida a la transferrina.,Unida a la hemosiderina.,Formando parte de la hemoglobina contenida en los eritrocitos.,En forma de hierro libre en el plasma sanguíneo.,3
2023,132,Fisiología y Anatomía,Endocrino y Reproductor,¿Cuál de las siguientes hormonas se caracteriza por variar su secreción a lo largo del día?:,Aldosterona.,Androstendiona.,Hormona antidiurética.,Cortisol.,4
2023,133,Genética,Citogenética y Alteraciones Cromosómicas,"Tras sospecha obtenida por cribado prenatal, ¿qué prueba debe solicitarse en líquido amniótico para confirmar o descartar una trisomía del 21?:",Cuantificación de la alfa feto proteína (AFP).,Cuantificación de la fracción beta de la gonadotropina coriónica humana (β-HCG).,Realización de un cariotipo.,Realización del cociente o ratio lecitina / esfingomielina.,3
2023,134,Bioquímica y Biología Molecular,Bioquímica Clínica,¿Cuál de los siguientes marcadores biológicos pueden ayudar a confirmar la sospecha diagnóstica de una mucopolisacaridosis?:,Aminoácidos en plasma.,Glicosaminoglicanos en orina.,Ácidos orgánicos en orina.,Ácidos grasos de cadena muy larga en plasma.,2
2023,135,Genética,Genética Mendeliana y Herencia,"En relación a la intolerancia hereditaria a la fructosa, es CIERTO que:",Es una enfermedad de herencia autosómica dominante.,"Pueden aparecer síntomas agudos como náuseas, vómitos, sudoración y deshidratación, entre otros.",Se produce por una deficiencia de fructocinasa.,Actualmente no existe un tratamiento efectivo.,2
2023,136,Hematología,Fisiología y Patología Eritrocitaria,En las anemias regenerativas:,Hay una hipoproducción de eritroblastos en médula ósea.,Las principales causas son las hemorragias y hemólisis.,Pueden deberse a un defecto en la célula madre pluripotencial o a una alteración en la maduración eritroblástica.,"En condiciones fisiológicas, los hematíes formados en la médula ósea circulan 60 días en sangre periférica.",2
2023,137,Bioquímica y Biología Molecular,Bioquímica Clínica,"Con respecto a la galactosemia clásica, producida por déficit de galactosa-1-fosfato uridiltransferasa (GALT), es INCORRECTO:","La grave y precoz afectación hepática da lugar a colestasis, fibrosis y cirrosis progresiva.",En el cristalino se desarrolla la típica catarata nuclear “en gota de aceite”.,Es frecuente en el periodo neonatal la presencia de sepsis por Escherichia coli.,Se produce una disminución de la galactosa y galactitol plasmáticos.,4
2023,138,Bioquímica y Biología Molecular,Metabolismo Energético,En cuanto a las enfermedades por almacenamiento de glucógeno o glucogenosis:,"El diagnóstico debe basarse en la combinación de la clínica, la bioquímica y el análisis genético.",La glucogenosis tipo III se produce por déficit de alguno de los componentes del sistema enzimático de la glucosa-6-fosfatasa.,En la mayoría de las glucogenosis el objetivo del tratamiento es prevenir las hiperglucemias.,La glucogenosis tipo IV se caracteriza por intolerancia al ejercicio físico.,1
2023,139,Hematología,Fisiología y Patología Eritrocitaria,"En cuanto a las hemoglobinopatías, señale la respuesta FALSA:",Pueden deberse a alteraciones cuantitativas por disminución de la síntesis de una cadena globínica normal.,Las talasemias se caracterizan por una disminución del contenido hemoglobínico del hematíe (hipocromía).,En la β-talasemia es característica la presencia de hematíes “en forma de pez”.,En la anemia falciforme los hematíes atraviesan con facilidad la microcirculación de los tejidos.,4
2023,140,Fisiología y Anatomía,Endocrino y Reproductor,"En relación con la hormona antimülleriana (AMH), es cierto que:","Las concentraciones séricas de AMH están en relación con el tamaño de la reserva folicular ovárica, siendo por tanto un marcador de dicha reserva.","La AMH es expresada en la mujer, durante la fase reproductiva, por las células de la teca de los folículos pre ovulatorios.",En el síndrome de ovario poliquístico los valores de AMH son más bajos que los valores de referencia apropiados para la edad.,Las concentraciones séricas de AMH son indetectables en varones menores de 2 años de edad.,1
2023,141,Fisiología y Anatomía,Endocrino y Reproductor,¿Cuál de los siguientes síndromes se presenta con un perfil hormonal de hipogonadismo hipogonadotropo?:,Síndrome de Turner.,Síndrome Kallmann.,Síndrome Klinefelter.,Síndrome Ulrich Noonan.,2
2023,142,Fisiología y Anatomía,Endocrino y Reproductor,La testosterona es la principal hormona secretada por:,Las células de la teca.,Las células de Sertoli.,Las células de Leydig.,Las células de la granulosa.,3
2023,143,Fisiología y Anatomía,Renal y Digestivo,¿Cuál de las siguientes situaciones cursa con anión GAP normal hiperclorémico?:,Anemia grave.,Cetoacidosis.,Acidosis tubular renal tipo II.,Acidosis láctica.,3
2023,144,Genética,Genética Mendeliana y Herencia,"¿En relación al síndrome de Cushing, cuál de las siguientes causas podría considerarse origen del mismo?:",Hiposecreción crónica de la hormona adrenocorticotropa hipofisaria (ACTH).,Secreción de hormona adrenocorticotropa (ACTH) por tumores no hipofisarios.,Hipersecreción de prolactina.,Secreción de hormona luteinizante (LH).,2
2023,145,Bioquímica y Biología Molecular,Bioquímica Clínica,"¿Cuál de las siguientes lipoproteínas se podría encontrar en pacientes con enfermedad obstructiva biliar, desapareciendo de la circulación cuando se resuelve la colestasis que la ha originado?:",Lipoproteína a.,Lipoproteína x.,Quilomicrones.,Lipoproteínas de muy baja densidad.,2
2023,146,Bioquímica y Biología Molecular,Bioquímica Clínica,¿El incremento de qué apolipoproteína está relacionada con la hipercolesterolemia familiar heterocigota?:,Apolipoproteína E.,Apolipoproteína B.,Apolipoproteína CII.,Apolipoproteína AI.,2
2023,147,Bioquímica y Biología Molecular,Bioquímica Clínica,"En relación a los marcadores bioquímicos para el diagnóstico del infarto de miocardio, señale la respuesta CORRECTA:",La acumulación de lactato es uno de los primeros signos de isquemia muscular.,La creatin-quinasa MB (CK-MB) es el marcador de elección para el manejo del infarto de miocardio.,La troponina ultrasensible no es un marcador fiable de daño miocárdico.,La mayoría de las enzimas que se liberan inicialmente tras el infarto son de origen mitocondrial.,1
2023,148,Fisiología y Anatomía,Cardiovascular y Respiratorio,Qué parámetro de los siguientes NO se incluye en las últimas guías de la Sociedad europea de arteriosclerosis para la estimación del SCORE (Systematic Coronary Risk Estimation):,Triglicéridos.,Presión arterial.,Sexo.,Colesterol No-HDL.,1
2023,149,Fisiología y Anatomía,Endocrino y Reproductor,"Entre los objetivos de las técnicas de preparación de semen para el estudio de fertilidad, NO se incluye:","Separar los espermatozoides del plasma seminal que contiene sustancias decapacitantes, prostaglandinas y linfoquinas.",Conservar glicoproteínas y péptidos que inhiben la capacitación.,"Retirar los espermatozoides muertos, leucocitos, células redondas y agentes infecciosos.","Aportar un medio de cultivo que contenga moléculas captadoras de esteroles (albúmina) y una composición iónica que apoye la homeostasis del espermatozoide y facilite las señales de transducción (calcio, bicarbonato).",2
2023,150,Bioquímica y Biología Molecular,Bioquímica Clínica,El síndrome carcinoide se caracteriza por un incremento de los niveles circulantes de:,Calcitonina.,Serotonina.,Histamina.,Dopamina.,2
2023,151,Fisiología y Anatomía,Endocrino y Reproductor,¿Dónde se encuentra localizado en gen BRCA-2 cuya mutación predispone al desarrollo de cánceres de mama y ovario?:,13p.,13q.,17p.,17q.,2
2023,152,Genética,Mutaciones y Reparación del ADN,¿Qué gen se asocia con mayor frecuencia a mutaciones adquiridas en el melanoma?:,KRAS.,EGFR.,TP53.,BRAF.,4
2023,153,Inmunología,Inmunidad Adaptativa,¿Cuál de los siguientes parámetros se encuentra generalmente descendido en el cáncer de próstata en relación a los pacientes con hiperplasia benigna de próstata?:,Antígeno prostático específico total (PSA total).,Densidad de antígeno prostático específico (dPSA).,Porcentaje de antígeno prostático libre (PSA libre).,Antígeno prostático complex (PSA complex).,3
2023,155,Bioquímica y Biología Molecular,Bioquímica Clínica,"En un proteinograma normal, la región con el pico más elevado corresponde a la:",Fracción α1.,Fracción α2.,Albúmina.,Fracción β.,3
2023,156,Fisiología y Anatomía,Renal y Digestivo,La mayor cantidad de agua en el organismo humano se encuentra en el:,Espacio intracelular.,Espacio extracelular.,Plasma.,Espacio intersticial.,1
2023,157,Fisiología y Anatomía,Renal y Digestivo,El término clínico que define la presencia elevada de grasas en heces se denomina:,Esteatorrea.,Amenorrea.,Leucorrea.,Lipiduria.,1
2023,158,Inmunología,Inmunopatología,"En relación al test de tolerancia oral a la lactosa, tras la administración de lactosa medimos en sangre la concentración de:",Lactasa.,Lactosa.,Galactosa.,Glucosa.,4
2023,159,Bioquímica y Biología Molecular,"Proteínas, Enzimas y Aminoácidos",La determinación bioquímica de la proteína Tau en el líquido cefalorraquídeo es útil en el diagnóstico de:,Intoxicación por plomo.,Enfermedad de Alzheimer.,Neurofibromatosis tipo I.,Enfermedad de Parkinson tipo I.,2
2023,160,Inmunología,Inmunidad Adaptativa,Uno de los siguientes anticuerpos antimitocondriales (AMA) es 100% específico de la cirrosis biliar primaria:,AMA con especificidad anti-M1.,AMA con especificidad anti-M2.,AMA con especificidad anti-M5.,AMA con especificidad anti-M7.,2
2023,161,Biología Celular e Histología,Histología Humana,"Respecto a la enfermedad de Paget, es CIERTO que:",La excreción urinaria de hidroxiprolina suele estar significativamente aumentada.,La excreción urinaria de calcio y fósforo está disminuida.,"La fosfatasa alcalina sérica aumenta, pero no debe utilizarse para seguir la actividad de la fase de síntesis ósea de la enfermedad.",Las concentraciones séricas de calcio y fósforo inorgánico rara vez se mantienen normales.,1
2023,162,Fisiología y Anatomía,Renal y Digestivo,¿Cuál de los siguientes procesos es una causa frecuente de hipercalcemia?:,Insuficiencia renal crónica.,Seudohipoparatiroidismo.,Pancreatitis aguda.,Hiperparatiroidismo primario.,4
2023,163,Microbiología y Parasitología,Bacteriología,Las rickettsias constituyen un grupo heterogéneo de bacilos y cocobacilos:,"Gram negativos, cortos, pequeños, intracelulares obligados.","Gram positivos, cortos, pequeños, intracelulares obligados",Bacillus cereus es su representante más característico.,No suelen causar patología importante en el ser humano.,1
2023,164,Bioquímica y Biología Molecular,"Proteínas, Enzimas y Aminoácidos",Entre los factores de patogenicidad de Mycoplasma pneumoniae NO se encuentra:,Proteína de adherencia P1.,Polisacáridos capsulares de la pared celular.,Producción de especies reactivas de oxígeno.,Actividad superantígeno.,2
2023,165,Microbiología y Parasitología,Parasitología,La neurocisticercosis es un cuadro originado por formas larvarias de:,Taenia saginata.,Taenia solium.,Strongyloides stercoralis.,Necator americanus.,2
2023,166,Microbiología y Parasitología,Antimicrobianos y Resistencias,La sinergia del ácido clavulánico con una cefalosporina de tercera generación se usa para detectar mecanismos de resistencia del tipo:,Carbapenemasas.,Metilasas ribosómicas.,Beta-lactamasas de espectro extendido (BLEE).,Beta-lactamasas del tipo AmpC.,3
2023,167,Microbiología y Parasitología,Micología,¿Cuál de los siguientes hongos NO podría diagnosticarse mediante la prueba del β-D-glucano:,Candida albicans.,Aspergillus fumigatus.,Pneumocystis jirovecii.,Cryptococcus neoformans.,4
2023,168,Microbiología y Parasitología,Bacteriología,¿Cuál de las siguientes especies del género Streptococcus NO es beta-hemolítica:,Streptococcus agalactiae.,Streptococcus pyogenes.,Streptococcus mitis.,Streptococcus dysgalactiae subs. equisimilis.,3
2023,169,Microbiología y Parasitología,Bacteriología,Las pruebas de detección de antígenos bacterianos en muestras de orina son útiles para:,El diagnóstico de la faringitis por Streptococcus pyogenes.,El diagnótico de la neumonía por Streptococcus pneumoniae.,El diagnóstico de la meningitis por Streptococcus agalactiae.,El diagnóstico de la infección urinaria por Enterococcus faecium.,2
2023,170,Microbiología y Parasitología,Bacteriología,Respecto a Listeria monocytogenes es CIERTO que:,Se trata de un microorganismo anaerobio estricto.,Forma parte de la microbiota vaginal humana.,Puede causar infecciones transmitidas por alimentos.,Es un microorganismo resistente a vancomicina.,3
2023,171,Microbiología y Parasitología,Bacteriología,¿Qué microorganismo es el agente causal del carbunco?:,Staphylococcus aureus.,Rickettsia conorii.,Chlamydia trachomatis.,Bacillus anthracis.,4
2023,172,Microbiología y Parasitología,Antimicrobianos y Resistencias,De las siguientes especies del género Enterococcus ¿cuál es intrínsecamente resistente a la vancomicina?:,Enterococcus faecalis.,Enterococcus gallinarum.,Enterococcus faecium.,Enterococcus avium.,2
2023,173,Microbiología y Parasitología,Bacteriología,Helicobacter pylori se puede aislar mediante cultivo de:,Sangre.,Biopsia gástrica.,Heces.,Esputo.,2
2023,174,Microbiología y Parasitología,Bacteriología,¿Qué bacteria de las siguientes es causa frecuente de intoxicación alimentaria?:,Clostridioides difficile.,Clostridium butyricum.,Clostridium tetani.,Clostridium perfringens.,4
2023,175,Microbiología y Parasitología,Bacteriología,El reservorio natural de Bordetella pertussis son los:,Cánidos.,Félidos.,Seres humanos.,Óvidos.,3
2023,176,Microbiología y Parasitología,Bacteriología,¿En qué medio de cultivo crecen habitualmente las cepas de Haemophilus influenzae?:,Agar chocolate.,Agar sangre.,Agar MacConkey.,Agar Chapman-manitol.,1
2023,177,Microbiología y Parasitología,Bacteriología,Una de las principales características de Vibrio cholerae es:,La movilidad.,Ser un bacilo Gram positivo.,Dar negativa la reacción de la oxidasa.,No crecer en medios de cultivo enriquecidos.,1
2023,178,Microbiología y Parasitología,Bacteriología,Uno de los siguientes mecanismos de resistencia a quinolonas en bacterias Gram negativas NO es correcto:,Modificación de la subunidad beta de la ARN polimerasa.,Modificación de la ADN girasa.,Modificación de la topoisomerasa II.,Modificación de la topoisomerasa IV.,1
2023,179,Microbiología y Parasitología,Antimicrobianos y Resistencias,Una de las siguientes afirmaciones respecto a las carbapenemasas es FALSA:,Pueden conferir resistencia a penicilinas y cefalosporinas.,Son frecuentes en Enterococcus faecium.,"Pueden pertenecer a las clases de betalactamasas A, B o D.",Frecuentemente se localizan en elementos genéticos transferibles.,2
2023,181,Microbiología y Parasitología,Bacteriología,Respecto a la fiebre tifoidea una de las siguientes afirmaciones es FALSA:,Está causada por Salmonella enterica serotipo Typhi.,El hombre es el único reservorio.,Alrededor del 1% de las personas infectadas se convierten en portadores crónicos.,El microorganismo causante se acantona en la médula ósea.,4
2023,182,Microbiología y Parasitología,Bacteriología,Una de las siguientes afirmaciones respecto a Burkholderia cepacia es FALSA:,Es un bacilo Gram negativo no fermentador.,Causa infecciones pulmonares graves en pacientes con fibrosis quística.,Se asocia con un olor a cebolla característico.,Suele ser únicamente sensible la colistina.,4
2023,183,Microbiología y Parasitología,Bacteriología,¿Cuál de las siguientes especies es una micobacteria de crecimiento rápido?:,Mycobacterium kansasii.,Mycobacterium genavense.,Mycobacterium ulcerans.,Mycobacterium abscessus.,4
2023,184,Inmunología,Inmunidad Adaptativa,¿Cuál de los siguientes antígenos se detecta en las pruebas NO treponémicas que se utilizan para el diagnóstico serológico de la sífilis?:,Cardiolipina.,Fibronectina.,Esfingolípido.,Fosfatidil colina.,1
2023,186,Microbiología y Parasitología,Bacteriología,Cuál de las siguientes características NO está asociada a los micoplasmas:,Carecen de pared celular.,Poseen una membrana citoplasmática bilaminar.,No se visualizan con la tinción de Gram.,Poseen citoesqueleto.,2
2023,187,Microbiología y Parasitología,Virología,Señale cuál de los siguientes NO es un virus ADN:,Virus de la viruela.,Virus de la inmunodeficiencia humana tipo (VIH-2).,Virus del papiloma humano.,Parvovirus B19.,2
2023,188,Microbiología y Parasitología,Virología,Señale la opción CORRECTA sobre la epidemiología viral:,"El virus VIH, el del Zika y el de la hepatitis B se puede transmitir por vía sexual.",Los virus sin envoltura son más frágiles que aquellos que sí la poseen.,La principal vía de transmisión del virus de la hepatitis A son las transfusiones sanguíneas.,"La transmisión de los virus no está condicionada por factores geográficos, sanitarios o económicos.",1
2023,189,Microbiología y Parasitología,Virología,Cuál de las siguientes afirmaciones sobre los virus es FALSA:,Son parásitos intracelulares obligados.,Los genomas virales pueden combinar ADN y ARN a la vez.,Están formados por ácidos nucleicos y proteínas.,Son capaces de utilizar los procesos celulares del hospedador para producir sus componentes.,2
2023,190,Microbiología y Parasitología,Virología,"Respecto al virus del dengue, señale la opción FALSA:",Pertenece a la familia Flaviviridae.,Se transmite a través de mosquitos del género Aedes.,"Su distribución es mundial, aunque más frecuente en la zona de los trópicos.","En los pacientes que han tenido contacto previo con este patógeno, las reinfecciones generalmente producen cuadros leves o paucisintomáticos.",4
2023,191,Fisiología y Anatomía,Cardiovascular y Respiratorio,Señale la opción FALSA respecto al virus respiratorio sincitial:,"Es muy prevalente, casi todos los niños han tenido contacto con él antes de los dos años.",Su transmisión se produce a través de la vía respiratoria.,La infección natural evita las reinfecciones.,En los lactantes puede producir bronquiolitis.,3
2023,192,Microbiología y Parasitología,Virología,"La infección por el virus de la hepatitis A puede resultar en alguno de los siguientes cuadros clínicos, EXCEPTO:",Hepatitis aguda.,Hepatitis subclínica.,Hepatitis crónica.,Hepatitis fulminante.,3
2023,193,Microbiología y Parasitología,Virología,¿Cuál de los siguientes agentes incluye un paso de retro-transcripción en su ciclo replicativo?:,Virus de la hepatitis A.,Virus de la hepatitis B.,Virus de la hepatitis C.,Virus de la hepatitis E.,2
2023,194,Microbiología y Parasitología,Virología,¿Cuál de los siguientes agentes es un virus NO envuelto?:,Virus influenza.,Virus del sarampión.,Virus de la hepatitis E.,Virus de la inmunodeficiencia humana (VIH).,3
2023,195,Microbiología y Parasitología,Virología,El virus de la inmunodeficiencia humana tipo 1 (VIH-1) al inicio de la infección utiliza la combinación de receptores:,CD4 y CXCR4.,CD4 y CD8.,CD4 y CCR5.,CD3 y CD4.,3
2023,196,Inmunología,Inmunidad Adaptativa,La vacuna frente a la parotiditis vírica consiste en:,La proteína de fusión (F) del virus de la parotiditis.,La proteína hemaglutinina-neuraminidasa (HN) del virus de la parotiditis.,Virus de la parotiditis inactivados por formaldehído.,Una cepa atenuada del virus la parotiditis.,4
2023,197,Microbiología y Parasitología,Bacteriología,El tratamiento adecuado de la infección por Enterobius vermicularis es:,Artesunato intravenoso cada 6 horas.,"Paromomicina oral, dosis única.",Albendazol o mebendazol en 2 dosis separadas 15 días.,Ciprofloxacino cada 8 horas.,3
2023,198,Hematología,Hemostasia y Coagulación,¿Cuál de los siguientes fármacos puede desencadenar una hiperinfestación por Strongyloides stercoralis en un paciente previamente infectado?:,Aspirina.,Corticoides.,Heparina sódica.,Salbutamol.,2
2023,199,Microbiología y Parasitología,Parasitología,¿Con qué patógeno asociaría un cuadro de esteatorrea sin sangre ni moco?:,Giardia lamblia.,Ascaris lumbricoides.,Vibrio cholerae.,Escherichia coli enteroinvasivo.,1
2023,200,Microbiología y Parasitología,Parasitología,¿Qué patógeno se ha asociado a brotes de gastroenteritis provocados por aguas contaminadas?:,Strongyloides stercoralis.,Trichiuris trichiura.,Cryptosporidium parvum.,Ancylostoma duodenalis.,3
2023,201,Biología Celular e Histología,Histología Humana,¿Cómo se llama al epitelio simple plano que recubre los vasos sanguíneos?:,Endotelio.,Mesotelio.,Urotelio.,Pseudoestratificado.,1
2023,202,Fisiología y Anatomía,Cardiovascular y Respiratorio,¿Qué tipos celulares forman el alvéolo pulmonar?:,Neumocitos tipo I,Neumocitos tipo II,Neumocitos tipo I y II,"Neumocitos tipo I, II y macrófagos fijos.",3
2023,203,Estadística y Metodología,Bioestadística,"En el órgano de Corti, las células ciliadas tienen la misión de transformar las señales mecánicas en señales eléctricas (transducción). ¿Qué estructura membranosa se encarga de generar este proceso mediante el roce y la deformación de los cilios?:",Membrana de Reissner.,Membrana basilar.,Membrana basal.,Membrana tectoria.,4
2023,204,Genética,Genética Mendeliana y Herencia,La proporción fenotípica en F2 para un cruzamiento Aa x Bb con epistasia doble dominante es:,12:3:1,13:3,15:1,9:7,3
2023,205,Inmunología,Inmunidad Adaptativa,¿En qué células se expresa la molécula complejo mayor de histocompatibilidad de clase I (MHC I)?:,En los eritrocitos.,En la mayoría de las células nucleadas del organismo y en los eritrocitos.,En la mayoría de las células nucleadas del organismo.,En las células del sistema inmune exclusivamente.,3
2023,206,Estadística y Metodología,Bioestadística,"Para calcular el intervalo de confianza o el contraste de hipótesis para una proporción, usaremos:",La distribución exponencial.,La distribución ji(chi)-cuadrado.,La distribución de Poisson.,La distribución normal.,4
2023,207,Bioquímica y Biología Molecular,Metabolismo Energético,La enfermedad de Farber (lipogranulomatosis) se debe a un déficit de:,Esfingomielinasa.,Galactocerebrosidasa.,Ceramidasa.,Arilsulfatasa A.,3
2023,208,Fisiología y Anatomía,Renal y Digestivo,Cuál de las siguientes afirmaciones es CO- RRECTA respecto a la técnica espectroscopia de masas-cromatografía de gases (EM-GC):,Es la técnica de elección para la determinación rápida de drogas de abuso en orina.,La EM-GC se considera el estándar de oro para la detección y cuantificación de drogas volátiles.,Se trata de una técnica con un alto grado de fiabilidad y baja sensibilidad.,No debe usarse para la detección de creatinina y/o sus metabolitos en los líquidos corporales.,2
2023,209,Microbiología y Parasitología,Bacteriología,"La infección por el Parvovirus B19 se asocia frecuentemente con los siguientes cuadros clínicos, EXCEPTO:",Neumonía intersticial.,Exantema.,Dolor e inflamación articular.,Anemia.,1
2023,210,Microbiología y Parasitología,Parasitología,¿Qué patógeno produce la enfermedad del sueño?:,Trypanosoma cruzi.,Trypanosoma brucei.,Trichomonas vaginalis.,Trichiuris trichiura.,2
2024,1,Fisiología y Anatomía,Cardiovascular y Respiratorio,La barrera hematoencefálica:,Es permeable a todas las sustancias presentes en el plasma.,Es permeable al O2 y al CO2.,Es impermeable al etanol.,Es impermeable al agua.,2
2024,2,Fisiología y Anatomía,Sistema Nervioso y Sentidos,El espacio subaracnoideo se encuentra:,Entre la aracnoides y la duramadre.,Entre la aracnoides y la piamadre.,Lleno de sangre.,En el sistema nervioso periférico.,2
2024,3,Fisiología y Anatomía,Sistema Nervioso y Sentidos,La endolinfa:,Rellena el laberinto óseo del oído interno.,Contiene baja concentración de K+.,Rellena el laberinto membranoso del oído interno.,Contiene alta concentración de Na+.,3
2024,4,Fisiología y Anatomía,Sistema Nervioso y Sentidos,Las células olfatorias humanas:,Son células nerviosas bipolares.,Son células nerviosas multipolares.,Son células nerviosas unipolares.,Son células epiteliales.,1
2024,5,Microbiología y Parasitología,Antimicrobianos y Resistencias,La esclerosis múltiple es una patología que se caracteriza por:,Hipermielinización de los axones con pérdida del control motor y déficit sensitivos.,Desmielinización de los axones con pérdida del control motor y déficit sensitivos.,Incremento en la resistencia eléctrica axonal.,Reducción en la capacitancia axonal.,2
2024,6,Fisiología y Anatomía,Endocrino y Reproductor,¿La hormona oxitocina es?:,Un péptido.,Una amina.,Un esteroide.,Un glúcido.,1
2024,7,Bioquímica y Biología Molecular,"Proteínas, Enzimas y Aminoácidos","De las siguientes moléculas, ¿cuál actúa como señal anorexigénica?:",Neuropéptido Y.,Grelina.,Leptina.,Proteína relacionada con agutí (AGRP).,3
2024,8,Fisiología y Anatomía,Endocrino y Reproductor,La insulina:,Aumenta la lipolisis.,Disminuye la síntesis de proteínas.,Disminuye la formación de glucógeno.,Disminuye la gluconeogénesis.,4
2024,9,Fisiología y Anatomía,Endocrino y Reproductor,La secreción de glucagón es inhibida por:,Somatostatina.,Aumento de aminoácidos en sangre.,Disminución de glucosa en sangre.,Ejercicio físico.,1
2024,10,Fisiología y Anatomía,Endocrino y Reproductor,En la homeostasis del calcio y el fosfato interaccionan estrechamente dos hormonas:,Cortisol y vasopresina.,Hormona estimulante del tiroides y aldosterona.,Hormona paratiroidea y vitamina D.,Hormona antidiurética y calcitonina.,3
2024,11,Fisiología y Anatomía,Endocrino y Reproductor,La gonadotropina coriónica:,Es un esteroide.,Se secreta por la corteza suprarrenal fetal.,Estimula la secreción de progesterona y estrógenos.,Comienza a ser secretada tras la involución del cuerpo lúteo.,3
2024,12,Fisiología y Anatomía,Cardiovascular y Respiratorio,"En la fase de despolarización rápida (fase 0) del potencial de acción cardíaco, el principal ion que entra a la célula es:",Ca2+.,K+.,Na+.,Mg2+.,3
2024,13,Fisiología y Anatomía,Cardiovascular y Respiratorio,¿Cuál es la secuencia correcta del potencial de acción en el corazón?:,Nodo sinoauricular → Haz de His → Nodo auriculoventricular → Fibras de Purkinje.,Nodo sinoauricular → Nodo auriculoventricular → Haz de His → Fibras de Purkinje.,Nodo auriculoventricular → Nodo sinoauricular → Haz de His → Fibras de Purkinje.,Nodo sinoauricular → Fibras de Purkinje → Haz de His → Nodo auriculoventricular.,2
2024,14,Fisiología y Anatomía,Cardiovascular y Respiratorio,¿Qué parte del sistema cardiovascular tiene la mayor capacidad de almacenar sangre?:,Arteriolas.,Capilares.,Arterias.,Venas.,4
2024,15,Fisiología y Anatomía,Cardiovascular y Respiratorio,¿Qué genera la onda 'a' en el registro del pulso venoso?:,Contracción auricular.,Contracción ventricular.,Cierre válvula mitral.,Cierre válvula tricúspide.,1
2024,16,Fisiología y Anatomía,Endocrino y Reproductor,La hormona liberadora de gonadotropinas (GnRH) es:,Una amina de bajo peso molecular.,Secretada en la neurohipófisis.,Estimuladora de la secreción de la hormona luteinizante (LH).,Secretada en un único pico diario.,3
2024,17,Fisiología y Anatomía,Endocrino y Reproductor,En el epidídimo:,Maduran los espermatozoides.,Se produce la espermatogénesis.,Se secreta la mayoría de las prostaglandinas del semen.,Tiene lugar la capacitación del espermatozoide.,1
2024,18,Fisiología y Anatomía,Endocrino y Reproductor,Los estrógenos:,Estimulan el desarrollo de los genitales internos femeninos.,Producen natriuresis y diuresis.,Promueven la osteoporosis.,Inhiben el cierre de las placas epifisarias.,1
2024,19,Fisiología y Anatomía,Endocrino y Reproductor,En el inicio de la fase lútea ovárica:,El folículo se transforma en cuerpo albicans.,Las células luteinizadas secretan progesterona.,El endometrio comienza su proliferación.,Se estimula la ovulación.,2
2024,20,Bioquímica y Biología Molecular,Metabolismo Energético,"En la mujer, durante el embarazo, disminuye:",La volemia.,La contractilidad uterina.,La secreción de aldosterona.,El metabolismo basal.,2
2024,21,Fisiología y Anatomía,Sistema Nervioso y Sentidos,Lesiones en el hipotálamo ventromedial provocan:,Afagia y pérdida de peso.,Ingesta excesiva y obesidad.,Disminución de la ingesta hídrica.,Caquexia.,2
2024,22,Fisiología y Anatomía,Sistema Nervioso y Sentidos,"Sobre la deglución, es cierto que:",El bolo alimenticio es enviado a la orofaringe de forma involuntaria.,El paso del alimento de la faringe al esófago es un acto voluntario.,Su control nervioso (centro de la deglución) se sitúa en el bulbo raquídeo y parte inferior de la protuberancia.,Durante la fase faríngea la respiración se estimula momentáneamente.,3
2024,23,Fisiología y Anatomía,Sistema Nervioso y Sentidos,"Sobre la salivación, podemos afirmar que:","Es la única secreción digestiva que está bajo doble control, nervioso y hormonal.",Es estimulada vía parasimpática a través de los nervios facial (VII) y glosofaríngeo (IX).,Simpático y parasimpático la regulan siempre de forma antagónica.,Es inhibida por IP3/Ca2+ vía parasimpática.,2
2024,24,Fisiología y Anatomía,Renal y Digestivo,La circulación enterohepática se refiere a:,La velocidad de vaciamiento del intestino delgado y al grado de contracción del esfínter de Oddi.,El flujo de secreciones pancreáticas al duodeno.,El reflujo del contenido del intestino grueso al intestino delgado.,La reabsorción ileal de sales de ácidos biliares.,4
2024,25,Fisiología y Anatomía,Renal y Digestivo,Necesita para su absorción intestinal el factor intrínseco secretado por las células parietales u oxínticas del estómago:,Vitamina B9 o ácido fólico.,Vitamina C o ácido ascórbico.,Vitamina D (D2 o ergocalciferol y D3 o colecalciferol).,Vitamina B12 o cobalamina.,4
2024,26,Fisiología y Anatomía,Renal y Digestivo,Las estructuras implicadas en el mecanismo de filtración glomerular renal son:,"Células endoteliales, membrana basal y podocitos.","Células epiteliales del túbulo proximal, cápsula de Bowman y células mesangiales.","Tejido conjuntivo, células mesangiales, y cápsula de Bowman.","Vasa recta, células mesangiales y cápsula de Bowman.",1
2024,27,Fisiología y Anatomía,Renal y Digestivo,Respecto a la reabsorción renal de bicarbonato en el túbulo proximal es FALSO que:,"Implica un trasportador a través de la membrana apical, y otro en la membrana basolateral.",Implica un transportador a través de la membrana basolateral.,Procede del bicarbonato filtrado en una proporción 1:1.,Necesita de la actividad de la anhidrasa carbónica.,1
2024,28,Fisiología y Anatomía,Renal y Digestivo,En relación con el manejo renal del Na+ es FALSO que:,El aumento de la presión coloidosmótica glomerular favorece la filtración de Na+.,La filtración glomerular de Na+ es favorecida por la menor resistencia en la arteriola aferente que en la eferente.,El mayor porcentaje del Na+ filtrado se reabsorbe en el túbulo proximal de la nefrona.,La aldosterona regula la concentración plasmática de Na+ actuando a nivel del túbulo distal y colector.,1
2024,29,Fisiología y Anatomía,Cardiovascular y Respiratorio,La estimulación de la actividad simpática provoca:,Aumento de la resistencia arteriolar aferente y disminución del flujo sanguíneo glomerular.,Aumento de la presión hidrostática en la cápsula de Bowman y de la filtración glomerular.,Aumento de la presión coloidosmótica en capilares glomerulares y de la filtración glomerular.,Disminución de la resistencia arteriolar aferente y aumento de la presión hidrostática capilar glomerular.,1
2024,30,Fisiología y Anatomía,Renal y Digestivo,Son respuestas a la alcalosis metabólica:,"Aumento de la presión parcial de CO2, de la bicarbonaturia y de la cetonemia.","Disminución de la presión parcial de CO2, de la bicarbonaturia y de la cetonemia.",Disminución de la kalemia y aumento de la natremia.,Aumento de la presión parcial de O2 y disminución de la bicarbonaturia y de la cetonuria.,1
2024,31,Fisiología y Anatomía,Renal y Digestivo,¿Cuál es la osmolaridad (mOsm/l) de una solución que contiene NaCl 150 milimolar y KCl 50 milimolar?:,200.,250.,300.,400.,4
2024,32,Hematología,Hemostasia y Coagulación,¿Qué vía de coagulación comienza con tromboplastina tisular?:,Vía extrínseca.,Vía intrínseca.,Vía común.,Estabilización de la fibrina.,1
2024,33,Hematología,Banco de Sangre e Inmunohematología,Sólo un grupo sanguíneo contiene aglutininas anti-A y anti-B:,0.,A.,B.,AB.,1
2024,34,Hematología,Banco de Sangre e Inmunohematología,"¿Qué unidad de sangre comporta los menores riesgos de inducir una reacción transfusional inmediata en un receptor B, Rh+ (B, rhesus positivo)?:","Sangre completa A, Rh+.","Sangre completa O, Rh+.","Sangre completa AB, Rh+.","Concentrados de eritrocitos O, Rh+.",4
2024,35,Fisiología y Anatomía,Renal y Digestivo,"Sobre los líquidos corporales, es CIERTO que:",El efecto Donnan es atribuible a los cationes no ionizados.,Los aniones no difusibles son principalmente extracelulares.,El plasma y el líquido intersticial no difieren esencialmente en sus concentraciones iónicas.,La mayor cantidad de K+ se encuentra en el plasma.,3
2024,36,Fisiología y Anatomía,Cardiovascular y Respiratorio,Se denomina distensibilidad pulmonar:,Al volumen que se expanden los pulmones por cada aumento unitario de presión transpulmonar.,Al volumen residual.,Al volumen de reserva menos el volumen corriente.,Al volumen de reserva inspiratoria.,1
2024,37,Fisiología y Anatomía,Cardiovascular y Respiratorio,"La cantidad máxima de aire que puede expulsar una persona, tras llenar los pulmones hasta su máxima dimensión y espirando la máxima cantidad, se denomina:",Capacidad pulmonar total.,Capacidad residual funcional.,Capacidad vital.,Capacidad inspiratoria.,3
2024,38,Fisiología y Anatomía,Cardiovascular y Respiratorio,El cociente de la tasa de producción de CO2 respecto a la tasa de captación de O2 se denomina:,Cociente de intercambio respiratorio.,Cociente alveolar.,Cociente residual funcional.,Cociente de reserva inspiratoria.,1
2024,39,Fisiología y Anatomía,Cardiovascular y Respiratorio,La excesiva insuflación pulmonar activa una respuesta de retroalimentación que desconecta la rampa respiratoria impidiendo la inspiración adicional. Este hecho se denomina:,Ley de Henry.,Efecto Bohr.,Reflejo de insuflación de Hering-Breuer.,Efecto Haldane.,3
2024,40,Fisiología y Anatomía,Cardiovascular y Respiratorio,La diferencia entre la presión que hay en el interior de los alvéolos y la que hay en las superficies externas de los pulmones se denomina:,Presión transpulmonar.,Presión alveolar.,Presión neta.,Presión pleural.,1
2024,41,Biología Celular e Histología,Histología Humana,¿A partir de qué tejido se desarrollan las valvas de las válvulas atrioventriculares cardíacas?:,Cresta neural.,Endodermo.,Miocardio.,Endocardio.,4
2024,42,Bioquímica y Biología Molecular,Procesos Moleculares,¿La expresión de qué factor de transcripción marca el inicio de la diferenciación de progenitores pancreáticos a partir del endodermo?:,Pdx1.,Scl/Tal1.,p53.,Pu.1.,1
2024,43,Genética,Genética Mendeliana y Herencia,¿Qué proceso celular media la aparición del fenotipo ectomesenquimático y migratorio en las células de la cresta neural?:,Transición epitelio-mesénquima.,Transición mesénquima-epitelio.,Apoptosis.,Autofagia.,1
2024,44,Biología Celular e Histología,Histología Humana,¿En qué dominios específicos se encuentran las células madre intestinales de las que depende la renovación del epitelio digestivo?:,En los villi (vellosidades) intestinales.,En la pared de los vasos sanguíneos subendodérmicos.,En el tejido conectivo de la mucosa intestinal.,En las criptas intestinales.,4
2024,45,Fisiología y Anatomía,Endocrino y Reproductor,¿De la interacción entre qué dos tejidos depende el desarrollo embrionario de los folículos pilosos?:,Dermis y vasos sanguíneos.,Epidermis y sistema nervioso periférico.,Epidermis y dermis.,Estratos basales y córneos de la epidermis.,3
2024,46,Biología Celular e Histología,Membrana y Tráfico,¿Cómo se llama el proceso mediante el cual el agua se mueve a través de las membranas celulares siguiendo el gradiente de concentración de solutos?:,Difusión facilitada.,Transporte activo.,Ósmosis.,Endocitosis.,3
2024,47,Bioquímica y Biología Molecular,"Proteínas, Enzimas y Aminoácidos",¿Qué molécula es esencial para la importación de proteínas grandes al núcleo a través del poro nuclear en células eucariotas?:,GTP.,ATP.,ARN mensajero.,ADP,1
2024,48,Fisiología y Anatomía,Sistema Nervioso y Sentidos,¿Qué mecanismo actúa para transmitir la señal en un receptor acoplado a un canal iónico localizado en una sinapsis neuronal?:,"Reciben la señal de un neurotransmisor, cambian de conformación y activan a una proteína G.",La unión de un neurotransmisor activa a una enzima acoplada al receptor que bombea iones en contra de gradiente.,Actúan directamente sobre la expresión génica de la neurona postsináptica.,Transducen la señal química de un neurotransmisor en una señal eléctrica (cambio de voltaje de la membrana plasmática).,4
2024,49,Bioquímica y Biología Molecular,"Proteínas, Enzimas y Aminoácidos",¿Cuál es la enzima que termina la señalización mediada por el AMP cíclico?:,AMP cíclico fosfodiesterasa.,Adenililciclasa.,ATPasa.,Fosfolipasa C.,1
2024,50,Biología Celular e Histología,"Orgánulos, Citoesqueleto y Matriz",¿Cuál de los siguientes NO es de la familia de los filamentos intermedios?:,Filamentos de queratina.,Filamentos de vimentina.,Neurofilamentos.,Microfilamentos de actina.,4
2024,51,Biología Celular e Histología,Membrana y Tráfico,Acerca del transportador de glucosa dependiente de Na+ de la membrana de las células eucariotas animales:,El transporte de glucosa es contra gradiente.,Transporta Na+ al exterior de la célula.,El transporte es de tipo antiporte acoplado.,Es una ATPasa dependiente de Ca2+.,1
2024,52,Bioquímica y Biología Molecular,Metabolismo Energético,La enzima ATP sintasa implicada en la fosforilación oxidativa mitocondrial:,Bombea protones al espacio intermembrana mitocondrial para sintetizar ATP.,"Está formada por dos subunidades, una central y otra periférica.",Puede actuar como ATPasa bombeando protones al espacio intermembrana mitocondrial.,Se localiza en el espacio intermembrana mitocondrial.,3
2024,53,Biología Celular e Histología,Membrana y Tráfico,Las cohesinas:,Condensan filamentos de colágeno.,Aglutinan vesículas citoplásmicas.,Mantienen cromátidas hermanas unidas.,Forman haces de filamentos de colágeno.,3
2024,54,Bioquímica y Biología Molecular,"Proteínas, Enzimas y Aminoácidos",Respecto a las proteínas SNARE se sabe que:,Al unirse las SNAREv con las SNAREt se acercan las membranas de la zona de fusión de la vesícula (v) y la diana (t).,La separación de las SNAREv y SNAREt requiere Ca2+.,Las SNAREv impiden el recubrimiento de clatrina.,Las SNAREv y SNAREt atraen moléculas de agua a la zona de fusión.,1
2024,55,Inmunología,Inmunidad Adaptativa,¿Qué tipo celular es el responsable de producir anticuerpos?:,Fibroblastos.,Células plasmáticas o plasmocitos.,Macrófagos.,Células cebadas o mastocitos.,2
2024,56,Biología Celular e Histología,Histología Humana,¿Qué tipo de colágeno es el más abundante en el tejido óseo?:,Tipo I.,Tipo II.,Tipo III.,Tipo IV.,1
2024,57,Fisiología y Anatomía,Sistema Nervioso y Sentidos,¿Qué componentes forman la tríada en el músculo estriado esquelético?:,Dos túbulos T y una cisterna terminal del retículo sarcoplasmático.,Dos cisternas terminales del retículo sarcoplasmático y un túbulo T.,Dos sarcómeras y un túbulo T.,Dos túbulos T y una sarcómera.,2
2024,58,Fisiología y Anatomía,Sistema Nervioso y Sentidos,¿Qué componente celular forma los grumos o gránulos de Nissl de las neuronas?:,Aparato de Golgi.,Lisosomas.,Retículo endoplásmico rugoso y ribosomas libres.,Retículo endoplásmico liso.,3
2024,59,Fisiología y Anatomía,Endocrino y Reproductor,Señale cuál de las siguientes opciones justifica que la pancreatitis sea especialmente grave:,Su localización en el cuadrante superior izquierdo del marco intestinal la hace inaccesible para la cirugía.,Su carácter exclusivamente endocrino y la abundancia de enzimas digestivas como la ptialina en sus productos de secreción.,La liberación autolítica de enzimas como el tripsinógeno.,Su escaso árbol vascular y la falta de vasos linfáticos.,3
2024,60,Fisiología y Anatomía,Sistema Nervioso y Sentidos,En el sistema nervioso el periodo refractario absoluto:,Ocurre tras el periodo refractario relativo.,Es el periodo durante el cual para generar un nuevo potencial de acción se requiere un estímulo de mayor intensidad.,Ocurre simultáneamente con el periodo refractario relativo.,"Es el periodo durante el cual no se puede generar un nuevo potencial de acción, aunque el estímulo sea de gran intensidad.",4
2024,61,Fisiología y Anatomía,Sistema Nervioso y Sentidos,Cuando la luz alcanza la retina ¿que atraviesa en primer lugar?:,Coroides.,Capa de los conos y bastones.,Capa de células pigmentarias.,Capa de las fibras del nervio óptico.,4
2024,62,Fisiología y Anatomía,Sistema Nervioso y Sentidos,El sistema nervioso central necesita aclarar sus productos catabólicos hacia el líquido cefalorraquídeo (LCR) que circula por los ventrículos cerebrales y el espacio subaracnoideo. ¿Cómo se reabsorbe el LCR?:,Se drena a los vasos linfáticos del conducto torácico.,Lo reabsorben los propios plexos coroideos.,Se reabsorbe mediante vellosidades aracnoideas.,Mediante vasos linfáticos del sistema nervioso central.,3
2024,63,Fisiología y Anatomía,Cardiovascular y Respiratorio,Los vasos sanguíneos de diámetro mayor que los capilares están constituidos por:,Una túnica íntima solamente.,Una túnica íntima y otra media.,"Una túnica íntima, una media y otra adventicia.","Una túnica íntima, una media (que puede faltar en vasos delgados) y otra adventicia.",4
2024,64,Fisiología y Anatomía,Renal y Digestivo,Los corpúsculos de Hasall son propios de:,La corteza del linfonodo.,La médula del riñón.,La corteza del cerebro.,La médula del timo.,4
2024,65,Fisiología y Anatomía,Renal y Digestivo,El aparato yuxtaglomerular renal lo forman:,Las células yuxtaglomerulares.,Las células mesangiales extraglomerulares y las células yuxtaglomerulares.,"Las células mesangiales extraglomerulares, las células yuxtaglomerulares y la mácula densa.","Las células mesangiales extraglomerulares, las células yuxtaglomerulares, la mácula densa y el glomérulo renal.",3
2024,66,Fisiología y Anatomía,Cardiovascular y Respiratorio,Las células de Clara son propias de:,Tráquea.,Alveolos.,Bronquios.,Bronquiolos.,4
2024,67,Fisiología y Anatomía,Renal y Digestivo,El espacio de Disse se encuentra en:,Bazo.,Hígado.,Páncreas.,Riñón.,2
2024,68,Inmunología,Inmunidad Adaptativa,¿Cuál de las siguientes es una definición adecuada de memoria inmunológica?:,El mecanismo por el cual un organismo impide el desarrollo de una respuesta inmunitaria contra los tejidos propios del huésped.,El mecanismo por el que un organismo evita la exposición a microbios.,"La persistencia de anticuerpos y linfocitos específicos de un patógeno una vez eliminada la infección original, de modo que se puede prevenir la reinfección.",El proceso de reducción o eliminación de un patógeno.,3
2024,69,Inmunología,Inmunidad Adaptativa,Indique cuál de los siguientes órganos se considera sistema inmune primario:,Médula ósea.,Ganglios linfáticos.,Bazo.,Mucosa intestinal.,1
2024,70,Inmunología,Inmunidad Innata y Complemento,¿Cuál de los siguientes eventos NO se considera dentro del proceso de la inflamación?:,Secreción de citocinas.,Secreción de quimiocinas.,Reclutamiento de células inmunitarias innatas.,Constricción de los vasos sanguíneos.,4
2024,71,Inmunología,Inmunidad Innata y Complemento,¿Qué molécula de reconocimiento inmunitario innato permite a los macrófagos reconocer y fagocitar bacterias?:,FcRγ.,C3b.,C7.,IL2R.,2
2024,72,Inmunología,Inmunidad Adaptativa,¿Cuál de estas células puede presentar antígeno?:,Linfocito B.,Linfocito T.,Linfocito citotóxico.,Hemocitoblasto.,1
2024,73,Inmunología,Inmunidad Adaptativa,¿Existe alguna célula que pueda expresar los marcadores CD4 y CD8 simultáneamente?:,"No, ninguna.","Si, en linfocitos B.","Si, en cierto estadio de los timocitos.",En un tipo de linfocito de mucosa.,3
2024,74,Biología Celular e Histología,Histología Humana,El tejido linfoideo asociado a mucosas de tipo “GALT”:,Se encuentra en el timo.,Se asocia a células denominadas M epiteliales.,Está compuesto exclusivamente de células epiteliales.,Se asocia al tejido adiposo.,2
2024,75,Inmunología,Inmunidad Innata y Complemento,¿Cuál es la principal función de las células NK?:,Citotoxicidad natural.,Producción de anticuerpos.,Presentación de antígenos.,Fagocitosis.,1
2024,76,Inmunología,Inmunidad Adaptativa,¿Qué moléculas presentan antígenos a los linfocitos T?:,Inmunoglobulinas.,Receptores Toll.,MHC.,Complemento.,3
2024,77,Inmunología,Inmunidad Adaptativa,¿Qué clase de inmunidad es mediada por los linfocitos T citotóxicos?:,Inmunidad humoral.,Inmunidad celular.,Inmunidad innata.,Inmunidad pasiva.,2
2024,78,Inmunología,Inmunidad Adaptativa,¿Cuál es el principal objetivo de la selección clonal en los linfocitos?:,Aumentar la especificidad de anticuerpos.,Eliminar antígenos de origen bacteriano.,Generar un repertorio de células específicas para antígenos.,Presentar antígenos a los linfocitos T.,3
2024,79,Inmunología,Inmunidad Innata y Complemento,¿Qué citocina es crucial para la activación de los macrófagos?:,IFN-γ.,IL-4.,TNF-α.,IL-10.,1
2024,80,Inmunología,Inmunidad Innata y Complemento,¿Cuál es la función principal del sistema del complemento?:,Activar la inmunidad adaptativa.,Opsonizar y destruir patógenos.,Producir citocinas.,Regular la producción de anticuerpos.,2
2024,81,Inmunología,Inmunidad Adaptativa,¿Cuál es el principal mecanismo por el cual los linfocitos T CD8+ eliminan células infectadas?:,Citotoxicidad mediada por perforinas y granzimas.,Producción de anticuerpos.,Activación del complemento.,Fagocitosis.,1
2024,82,Inmunología,Inmunidad Adaptativa,¿Cuál de las siguientes células del sistema inmune NO es de estirpe linfoide?:,Células de Langerhans.,Células NK.,ILC.,Células plasmáticas.,1
2024,83,Inmunología,Inmunidad Adaptativa,¿Cuál de los siguientes mecanismos inmunológicos NO forma parte de la tolerancia periférica a los autoantígenos en los linfocitos T?:,Apoptosis de células efectoras.,Edición del receptor de los linfocitos B.,Anergia (falta de respuesta funcional) de las células efectoras.,Supresión de células efectoras por células T reguladoras.,2
2024,84,Inmunología,Inmunidad Innata y Complemento,¿Qué tipo de célula es la principal responsable de la respuesta inmune adaptativa?:,Macrófago.,Neutrófilo.,Eosinófilo.,Linfocito.,4
2024,85,Inmunología,Inmunidad Adaptativa,"El paso de los anticuerpos maternos al feto que permite a los recién nacidos combatir las infecciones, se considera:",Inmunización adaptativa humoral.,Inmunización pasiva.,Inmunización mixta.,Inmunización activa.,2
2024,86,Fisiología y Anatomía,Sistema Nervioso y Sentidos,¿Cuál de las siguientes señales NO es producida tras la unión del ligando al receptor tipo I para el TNF?:,Inhibición de la transcripción génica de mediadores inflamatorios y de supervivencia.,Activación del NF-B.,La inducción de la muerte celular por apoptosis.,Activación de la cinasa (quinasa) MAP.,1
2024,87,Inmunología,Inmunopatología,La tolerancia central a lo propio es un proceso que se adquiere durante el desarrollo de:,Los linfocitos T.,Los linfocitos T y B.,Las células dendríticas.,Los linfocitos T y las células dendríticas.,2
2024,88,Biología Celular e Histología,Membrana y Tráfico,¿Cómo se denomina al síndrome relacionado con mutación en LYST que conlleva a un defecto en la exocitosis de gránulos secretores y en la función lisosómica de muchos tipos celulares?:,Síndrome de Kostmann.,Enfermedad granulomatosa crónica.,Neutropenia congénita severa.,Síndrome de Chédiak-Higashi.,4
2024,89,Inmunología,Inmunopatología,¿Qué correceptores principales están implicados en la infección por el virus causante del síndrome de inmunodeficiencia humana?:,CD5 y CCR5.,CD5 y CXCR4.,CXCR5 y CXCR4.,CXCR4 y CCR5.,4
2024,90,Inmunología,Inmunidad Innata y Complemento,¿Qué célula es la principal secretora de histamina al activarse?:,Mastocitos.,Eosinófilos.,Neutrófilos.,Macrófagos.,1
2024,91,Inmunología,Inmunidad Adaptativa,¿Cuál es el principal isotipo de inmunoglobulina presente en las secreciones mucosas?:,IgA.,IgE.,IgG.,IgM.,1
2024,92,Inmunología,Inmunidad Adaptativa,¿Cuál es el mecanismo de acción principal de los anticuerpos biespecíficos tipo BiTE (Bi-specific T-cell Engager) en la inmunoterapia contra el cáncer?:,Bloquean la señalización de los receptores PD-1 en las células T para potenciar la respuesta inmune contra los tumores.,Inducen apoptosis en células tumorales mediante la activación de receptores de muerte celular Fas.,"Unen simultáneamente a células T y células tumorales, activando las células T y dirigiéndolas a eliminar las células tumorales.",Neutralizan citocinas proinflamatorias en el microambiente tumoral para reducir la inflamación crónica.,3
2024,93,Inmunología,Inmunidad Adaptativa,¿Cuál de las siguientes interleucinas participa en la diferenciación de los linfocitos T CD4+ en células Th17?:,IL-4.,IL-12.,IL-6.,IL-10.,3
2024,94,Inmunología,Inmunidad Adaptativa,Indique cuál de los siguientes es un interferón (IFN) de tipo II:,IFNα.,IFNω.,IFNγ.,IFNβ.,3
2024,95,Fisiología y Anatomía,Sistema Nervioso y Sentidos,¿Cuál de los siguientes NO es un receptor de membrana para PAMP (Pathogen Associated Molecular Patterns) o DAMP (Danger Associated Molecular Patterns)?:,TLR.,LRP5.,NLR.,CLR.,2
2024,96,Estadística y Metodología,Bioestadística,"El z-score, puntuación z o puntuación estandarizada (𝒛𝒊 =(𝒙𝒊−𝒙̅)/𝒔 donde 𝒙̅ es la media y 𝒔 la desviación típica) de una observación es 2, entonces:",La distribución de la variable X NO es normal.,La observación está por encima del cuantil 98%.,La observación está por encima de la media más dos veces su desviación típica.,La observación está por debajo de la media 2 menos dos veces su desviación típica.,3
2024,97,Estadística y Metodología,Bioestadística,El modelo de distribución más apropiado para analizar el número de infectados mensuales que acuden a un servicio de urgencias de una zona concreta es:,La distribución de Poisson.,La distribución binomial.,La distribución binomial negativa.,La distribución uniforme discreta.,1
2024,98,Estadística y Metodología,Bioestadística,"En un informe se ha aplicado un test Chicuadrado a una tabla de contingencia 2x3 donde el valor mínimo de las frecuencias esperadas en cada celda es 15 obteniéndose un p-valor de 0,49. Entonces:",La conclusión es que hay dependencia positiva entre las categorías por filas y por columnas de la tabla.,"El valor mínimo de las frecuencias esperadas es demasiado bajo y por tanto, el test que se ha aplicado no es apropiado en este contexto.",Algo se ha hecho incorrectamente ya que no es posible obtener un p-valor tan elevado.,La conclusión es que las categorías por filas y por columnas de la tabla se pueden aceptar como independientes.,4
2024,99,Estadística y Metodología,Bioestadística,"Si tenemos dos eventos aleatorios A y B que son independientes, entonces:",Su intersección (la probabilidad de que ocurran los dos a la vez) es cero.,"Su unión (la probabilidad de que ocurra alguno de ellos) es la suma de las probabilidades de los eventos, esto es, P(A)+P(B).","Su intersección (la probabilidad de que ocurran los dos a la vez) es el producto de las probabilidades de los dos eventos, esto es, P(A)xP(B).",Su unión (la probabilidad de que ocurra alguno de ellos) es la suma de la probabilidad del mayor más la probabilidad de la intersección.,3
2024,100,Estadística y Metodología,Bioestadística,Se ha construido una recta de regresión (regresión lineal simple) entre las variables X e Y (Y=a+bX+e) que han sido previamente estandarizadas (tienen media cero y varianza unidad). Entonces:,La correlación lineal (r) entre X e Y es cero.,El parámetro pendiente (b) es cero.,El parámetro ordenada en el origen (a) es cero.,El parámetro pendiente (b) es igual a uno.,3
2024,101,Bioquímica y Biología Molecular,Procesos Moleculares,¿Cuál es la diferencia entre un desoxinucleótido y un didesoxinucleótido?:,Al desoxinucleótido le falta un grupo 3'- hidroxilo en su azúcar.,Al didesoxinucleótido le falta un grupo 3'- hidroxilo en su azúcar.,Al desoxinucleótido le falta un grupo 5'- fosfato.,Al didesoxinucleótido le falta un grupo 5'- fosfato.,2
2024,102,Bioquímica y Biología Molecular,"Proteínas, Enzimas y Aminoácidos",¿Cuál es la cantidad aproximada de genes que codifican proteínas (genes codificantes) presentes en el genoma humano?:,2.000.,20.000.,200.000.,1.200.000.,2
2024,103,Bioquímica y Biología Molecular,Procesos Moleculares,¿Cuál es la mejor descripción del cambio genético siguiente: c.1138G>A?:,Transcripción.,Transversión.,Transición.,Traducción.,3
2024,104,Genética,Mutaciones y Reparación del ADN,"¿Qué término describe mejor las siguientes unidades genéticas en humanos: LINE‐ 1, SINE y Alu?:",Elementos transponibles.,Genes HOX.,Elementos P.,Genes Homeobox.,1
2024,105,Biología Celular e Histología,"Ciclo Celular, Mitosis y Apoptosis",¿En qué momento ocurre la recombinación (entrecruzamiento) durante la meiosis?:,Mitosis.,Meiosis I.,Meiosis II.,Citocinesis.,2
2024,106,Bioquímica y Biología Molecular,Procesos Moleculares,¿Qué se analiza al secuenciar el transcriptoma?:,ADN.,Metabolitos.,Proteínas.,ARN.,4
2024,107,Genética,Citogenética y Alteraciones Cromosómicas,¿Cuál es el cromosoma humano más pequeño?:,1.,21.,22.,Y.,2
2024,108,Genética,Citogenética y Alteraciones Cromosómicas,¿Cuál de los siguientes conceptos se refiere a la presencia de dos o más poblaciones de células con información genética diferente en un individuo?:,Heterocigosidad.,Aneuploidía.,Mosaicismo.,Deleción.,3
2024,109,Bioquímica y Biología Molecular,Procesos Moleculares,Si una persona manifiesta un carácter codificado por un gen que se localiza en el ADN mitocondrial ¿cuáles de sus ancestros deben haberlo manifestado?:,Su abuela materna y su madre.,Su abuelo paterno y su padre.,Sus dos abuelos maternos.,Sus dos abuelas.,1
2024,110,Bioquímica y Biología Molecular,Procesos Moleculares,¿Qué transcribe la ARN polimerasa II?:,Los ARN de transferencia y algunos ARN ribosómicos.,Los ARN ribosómicos y algunos ARN de transferencia.,Los ARN mensajeros y algunos ARN ribosómicos.,Los ARN mensajeros y algunos ARN no codificantes.,4
2024,111,Genética,Citogenética y Alteraciones Cromosómicas,La inactivación del cromosoma X:,Origina fenotipos en mosaico.,Favorece su inestabilidad cromosómica.,Incrementa las tasas de mutación de sus genes.,Impide su recombinación meiótica.,1
2024,112,Genética,Citogenética y Alteraciones Cromosómicas,Si un gen se localiza en el 13q14 significa que:,Está situado en el brazo largo del cromosoma 13.,Está situado en el cromosoma 13 y en el 14.,Está situado en el brazo largo del cromosoma 14.,Está situado en el brazo corto del cromosoma 14.,1
2024,113,Genética,Genética Mendeliana y Herencia,Cuando la expresión de un gen o de un par de genes enmascaran o modifican la expresión de otro gen o par génico se denomina:,Endogamia.,Eugenesia.,Euploidía.,Epistasia.,4
2024,114,Genética,Genética Mendeliana y Herencia,La expresividad es:,La gravedad de la expresión del fenotipo en individuos que presentan el mismo genotipo causante de la enfermedad.,Probabilidad de que un gen presente cualquier nivel de expresión fenotípica.,El fenómeno de la diferente expresión de alelos dependiendo del progenitor de origen.,Rasgo que solo se expresa en un sexo.,1
2024,115,Biología Celular e Histología,"Orgánulos, Citoesqueleto y Matriz",El orgánulo más asociado con herencia extranuclear es:,El ribosoma.,La mitocondria.,El aparato de Golgi.,Los lisosomas.,2
2024,116,Genética,Genética Mendeliana y Herencia,El gen CHD7 implicado en el Síndrome de CHARGE se localiza en la región cromosómica:,8q12.,18q12.,8p12.,8q34.,1
2024,117,Hematología,Fisiología y Patología Eritrocitaria,La anemia falciforme es una enfermedad:,Autosómica dominante.,Autosómica recesiva.,Ligada al cromosoma X dominante.,Ligada al cromosoma X recesiva.,2
2024,118,Bioquímica y Biología Molecular,Procesos Moleculares,"Se separan por electroforesis fragmentos de ADN de 500, 1.000 y 2.000 pares de bases (pbs) de longitud. ¿Qué fragmento migrará más lejos en el gel?:",El fragmento de 500 pbs.,El fragmento de 1.000 pbs.,El fragmento de 2.000 pbs.,Los tres migrarán a la misma distancia.,1
2024,119,Genética,Citogenética y Alteraciones Cromosómicas,Una inversión paracéntrica:,Incluye el centrómero en la región invertida.,No incluye el centrómero en la región invertida.,Contiene dos regiones invertidas adyacentes.,Incluye el telómero en la región invertida.,2
2024,120,Genética,Genética Mendeliana y Herencia,Una niña nacida con el Síndrome de Angelman tiene una deleción del gen AS (UBE3A). ¿De qué parental puede principalmente heredar la deleción?:,De la madre.,Del padre.,Puede haberla heredado de cualquiera de los dos.,De ninguno de los dos.,1
2024,121,Genética,Genética Mendeliana y Herencia,La herencia de una de las siguientes enfermedades es autosómica recesiva:,Síndrome de Rett.,Enfermedad de Tay-Sachs.,Retinoblastoma.,Corea de Huntington.,2
2024,122,Genética,Genética Mendeliana y Herencia,¿Qué enfermedad con herencia autosómica dominante es causada por una mutación o duplicación del gen PMP22?:,Distrofia muscular de Duchenne.,Enfermedad de Crohn.,Fibrosis quística.,Enfermedad de Charcot-Marie-Tooth tipo 1A.,4
2024,123,Genética,Genética Mendeliana y Herencia,¿Cuál de los siguientes síndromes de tumor hereditario se asocia con mutaciones del gen PTEN?:,Poliposis adenomatosa familiar (PAF).,Mama/ovario familiar.,Li-Fraumeni.,Cowden.,4
2024,124,Hematología,Serie Blanca y Neoplasias,El mecanismo más frecuente que induce la activación del protooncogen BCL2 en el linfoma folicular es:,Mutación puntual.,Amplificación génica.,Inversión.,Translocación.,4
2024,125,Fisiología y Anatomía,Cardiovascular y Respiratorio,"Un aumento de los niveles de 2,3- bisfosfoglicerato:",Disminuiría la afinidad de la hemoglobina por el O2.,Disminuiría la afinidad de la hemoglobina y de la mioglobina por el O2.,Disminuiría la liberación de O2 de la hemoglobina en los capilares de los tejidos.,Estabilizaría la estructura cuaternaria de la oxihemoglobina.,1
2024,126,Biología Celular e Histología,"Orgánulos, Citoesqueleto y Matriz",En relación con el colágeno podemos afirmar que:,Tiene alto contenido en glicina lo que favorece su estructura secundaria mayoritaria de hélice-alfa.,Para la acción de la prolina hidrolasa se requiere vitamina C.,Se caracteriza por carecer del aminoácido prolina en su composición.,Hay formación de enlaces cruzados entre lisinas de moléculas de tropocolágeno cercanas.,4
2024,127,Bioquímica y Biología Molecular,"Proteínas, Enzimas y Aminoácidos","Se aísla un enzima de cuatro bacterias diferentes, los cuatro catalizan la misma reacción, pero muestran diferentes valores de Km, ¿cuál tendrá mayor afinidad para el sustrato?:","El que tiene una Km de 0,15 mM.",El que tiene una Km de 150 mM.,El que tiene una Km de 15000 pM.,"El que tiene una Km de 1,5 nM.",4
2024,128,Bioquímica y Biología Molecular,Metabolismo Energético,La transformación de piruvato en lactato:,Reduce el piruvato con un aporte de electrones procedente del NADH.,Promueve el consumo de glucosa en situación de aerobiosis.,Es esencial para la reoxidación del coenzima NADPH.,Oxida el piruvato a lactato en situación de anaerobiosis.,1
2024,129,Fisiología y Anatomía,Renal y Digestivo,¿Cuál es la función de la movilización del glucógeno hepático?:,Proporcionar la gran energía requerida por el tejido hepático en situación de ayuno.,Exportar la glucosa a otros tejidos cuando disminuyen los niveles sanguíneos.,Exportar la glucosa a otros tejidos cuando se produce un aumento en los niveles de insulina sanguíneos.,Utilización de la glucosa 6-P en diferentes rutas metabólicas.,2
2024,130,Fisiología y Anatomía,Renal y Digestivo,La lipoproteínalipasa o LPL:,Participa en la degradación de los triglicéridos almacenados intracelularmente para proporcionar ácidos grasos como combustible energético.,"Se expresa mayoritariamente en el hígado, donde constituye la principal vía de captación de ácidos grasos.",Hidroliza los trigliceroles de las lipoproteínas que contengan apoC-II.,"Cataliza la entrada, por endocitosis, de los quilomicrones y VLDL en el tejido adiposo.",3
2024,131,Bioquímica y Biología Molecular,Metabolismo Energético,"La molécula de carnitina es necesaria para el organismo, ya que:",Es necesaria para la transferencia de ácidos grasos de cadena larga hacia el interior de la mitocondria.,Interviene en la síntesis de ácidos grasos.,Es necesaria para la β-oxidación al ser un cofactor de la acil-CoA deshidrogenasa.,"Interviene en la salida de acetil-CoA de la mitocondria, siendo por ello imprescindible para la síntesis de ácidos grasos.",1
2024,132,Fisiología y Anatomía,Renal y Digestivo,Los cuerpos cetónicos se sintetizan:,En el tejido hepático y el tejido adiposo cuando se acumula acetil-CoA y se exportan en forma de β-hidroxibutirato.,En el tejido hepático y el tejido adiposo cuando se acumula acetil-CoA y se exportan en forma de acetoacetil-CoA.,En el tejido hepático en situación de ayuno prolongado a partir del acetil-CoA.,En el tejido hepático y constituyen el principal combustible metabólico de los eritrocitos en situación de ayuno prolongado.,3
2024,133,Bioquímica y Biología Molecular,Metabolismo Energético,¿Cuál es la vitamina cuya deficiencia causa el escorbuto?:,Vitamina A.,Vitamina C.,Vitamina D.,Vitamina E.,2
2024,134,Fisiología y Anatomía,Sistema Nervioso y Sentidos,¿Qué enfermedad se produce por una acumulación de esfingomielina en el cerebro como consecuencia de un defecto genético en la enzima esfingomielinasa?:,La enfermedad de Niemann-Pick.,La enfermedad de Fabry.,La enfermedad Tay-Sachs.,La enfermedad de Sandhoff.,1
2024,135,Bioquímica y Biología Molecular,"Proteínas, Enzimas y Aminoácidos",¿Cuál es la enzima que cataliza la transformación de glutatión oxidado en glutatión reducido?:,Catalasa.,Glutatión peroxidasa.,Glutatión reductasa.,Superóxido dismutasa.,3
2024,136,Fisiología y Anatomía,Renal y Digestivo,¿Qué aminoácido transporta amoniaco desde los músculos esqueléticos al hígado?:,Glicina.,Leucina.,Alanina.,Glutamato.,3
2024,137,Bioquímica y Biología Molecular,Bioquímica Clínica,¿Qué marcadores bioquímicos de inflamación/infección son recomendados para el diagnóstico de sepsis?:,Proteína C reactiva (PCR) y haptoglobina.,Procalcitonina (PCT) y calprotectina.,Procalcitonina (PCT) y proteína C reactiva (PCR).,Haptoglobina y calprotectina.,3
2024,138,Bioquímica y Biología Molecular,"Proteínas, Enzimas y Aminoácidos",Señale la respuesta CORRECTA. El amonio y el perfil de aminoácidos en plasma son marcadores biológicos empleados en la práctica clínica para el diagnóstico bioquímico de una de las siguientes enfermedades metabólicas:,Mucopolisacaridosis tipo I.,Deficiencia de ornitina transcarbamilasa (OTC).,Glucogenosis tipo V.,Gangliosidosis GM2.,2
2024,139,Fisiología y Anatomía,Renal y Digestivo,Respecto a la enfermedad de la orina con olor a jarabe de arce señale la repuesta CORRECTA:,"Es una enfermedad metabólica hereditaria que se produce por un defecto en el catabolismo de cistina, prolina y leucina.","Es una enfermedad metabólica hereditaria que se produce por un defecto en el catabolismo de los aminoácidos ramificados (leucina, isoleucina y valina).",Es una enfermedad metabólica hereditaria que se produce por un defecto en el catabolismo de lisina y triptófano.,"Es una enfermedad metabólica hereditaria que se produce por un defecto en el catabolismo de lisina, triptófano y valina.",2
2024,140,Bioquímica y Biología Molecular,Bioquímica Clínica,"La hemólisis, la ictericia y la lipemia son las interferencias analíticas endógenas más frecuentes en la práctica clínica. Una de las siguientes afirmaciones al respecto es CIERTA:",Los únicos dos mecanismos de interferencia debidos a la hemólisis son la interferencia espectrofotométrica y la interferencia química.,"En muestras hemolizadas, parámetros analíticos como la aspartatoaminotransferasa (AST), la lactato deshidrogenasa (LDH) y el potasio están disminuidos.","La ictericia es una interferencia analítica condicionada por un estado patológico del propio paciente y, por tanto, es inevitable.",La ultracentrifugación (100.000 x g – 2.000.000 x g) es una metodología ineficaz para separar las diversas lipoproteínas contenidas en la muestra y eliminar la interferencia por lipemia.,3
2024,141,Bioquímica y Biología Molecular,Metabolismo Energético,"De las siguientes lipoproteínas, ¿Cuáles son las que contienen una mayor proporción de triglicéridos en su composición química?:",Quilomicrones y VLDL.,VLDL y LDL.,Quilomicrones y HDL.,Quilomicrones y LDL.,1
2024,142,Bioquímica y Biología Molecular,Bioquímica Clínica,El proteinograma plasmático de un paciente con cirrosis hepática se caracteriza por:,Aumento de albúmina y disminución de la fracción gamma.,Disminución de albúmina y de la fracción gamma.,Disminución de albúmina y aumento de la fracción gamma.,Aumento de albúmina y de la fracción gamma.,3
2024,143,Bioquímica y Biología Molecular,Bioquímica Clínica,"El paciente con hipotiroidismo primario compensado o subclínico, sin tratamiento sustitutivo, presenta en sangre:",Tirotropina (TSH) y tiroxina (T4) aumentadas.,TSH dentro de los valores de referencia y T4 ligeramente disminuida.,TSH y T4 ligeramente disminuidas.,TSH aumentada y T4 dentro de los valores de referencia.,4
2024,144,Fisiología y Anatomía,Renal y Digestivo,Los cristales con forma hexagonal observados al microscopio óptico en una muestra de orina reciente son de:,Leucina.,Tirosina.,Cistina.,Colesterol.,3
2024,145,Bioquímica y Biología Molecular,Bioquímica Clínica,La prueba bioquímica con una mayor precisión para el diagnóstico de ascitis secundaria a hipertensión portal es:,El gradiente de la concentración de albúmina en suero-líquido ascítico.,La cuantificación de proteínas totales en líquido ascítico.,El cociente de la concentración de lactato deshidrogenasa en líquido ascítico/suero.,La cuantificación de lactato deshidrogenasa en líquido ascítico.,1
2024,146,Hematología,Hemostasia y Coagulación,"En la práctica clínica habitual en hematología, el anticoagulante de elección que mejor conserva la morfología celular para realizar los hemogramas es:",El fluoruro.,El ácido etilenodiaminatetraacético (EDTA).,El citrato.,La heparina.,2
2024,147,Fisiología y Anatomía,Endocrino y Reproductor,La hormona luteinizante (LH) estimula la secreción de testosterona en:,La teca.,La médula adrenal.,Las células de Leydig.,Las células de Sertoli.,3
2024,148,Fisiología y Anatomía,Endocrino y Reproductor,"En la enfermedad de Cushing, el aumento de la secreción de cortisol por la corteza suprarrenal es secundario al aumento de la secreción de:",El propio cortisol por un mecanismo de retroalimentación positiva.,Hormona luteinizante (LH).,Hormona adrenocorticotrópica (ACTH).,Hormona antidiurética (ADH).,3
2024,149,Biología Celular e Histología,Histología Humana,Cursa con depósitos excesivos de cobre en los tejidos:,La enfermedad de Wilson.,Enfermedad de Von Gierke o glucogenosis tipo I.,Enfermedad de Mcardle o glucogenosis tipo V.,Glucogenosis tipo III.,1
2024,150,Bioquímica y Biología Molecular,Bioquímica Clínica,El marcador más precoz en el infarto agudo de miocardio es:,La troponina I.,La troponina T.,La mioglobina.,La isoenzima MB de la creatin-cinasa (CK-MB).,3
2024,151,Bioquímica y Biología Molecular,Procesos Moleculares,Respecto a la duplicación del ADN:,Todas las copias de ADN parten de una sola cadena molde.,Es una duplicación semiconservativa.,"La cadena orientada que deja libre una posición 3´para la polimerasa es la proveniente de la madre, y es la cadena molde preferente, solo si hay alguna interrupción en la lectura el organismo reproduce la cadena complementaria.",En la mitosis de una célula eucariota las mitocondrias son las primeras en duplicarse.,2
2024,152,Bioquímica y Biología Molecular,Procesos Moleculares,El ADN fetal que circula en el plasma de la gestante:,Representa todo el ADN plasmático que se extrae de la sangre materna.,"Es útil únicamente para trastornos que afecten al cromosoma Y, para evitar confundirlo con el ADN materno.",Solo circula ADN fetal en la gestante cuando existe sufrimiento fetal o placentario.,Es un porcentaje pequeño respecto al ADN que circula en el plasma materno y se necesitan técnicas de amplificación y diferenciación del ADN fetal respecto al materno para que tenga utilidad diagnóstica.,4
2024,153,Bioquímica y Biología Molecular,Procesos Moleculares,¿Cuál es la respuesta CORRECTA en relación con la acción reguladora de los microRNAs en las células eucariotas?:,Se acoplan a regiones del ARN ribosómico inactivando la traducción cuando está sobrepasada la célula.,Actúan directamente sobre la región promotora del ADN acoplándose a dicha región e inactivándola.,Se sintetizan por células cancerígenas para bloquear los desmosomas en las células vecinas.,Regulan la expresión génica por medio de apareamiento de bases con secuencias complementarias en los RNA mensajeros diana.,4
2024,154,Bioquímica y Biología Molecular,Técnicas de Biología Molecular,¿Cuál de las siguientes afirmaciones sobre los cebadores o primers usados en la reacción de PCR es FALSA?:,Los cebadores deben tener una longitud de entre 15 y 30 nucleótidos.,"No deben tener secuencias internas autocomplementarias, porque daría lugar a formación de estructuras secundarias (""rizos"", ""bucles"").",No deben ser complementarios entre ellos.,"Deben tener, al menos, 16 parejas timina/adenina (TA).",4
2024,155,Bioquímica y Biología Molecular,Procesos Moleculares,"En la técnica de PCR, seleccione la opción INCORRECTA con respecto a la ""temperatura de melting"":","Es también denominada ""temperatura de fusión"" o ""de desnaturalización"".",Es característica de la longitud y de la secuencia de nucleótidos de la cadena de ADN que estemos analizando.,Es aquella temperatura a la que se encuentran desnaturalizadas 2/3 de las moléculas de ADN.,"Es complementaria a la ""temperatura de annealing"", o de alineamiento.",3
2024,156,Genética,Citogenética y Alteraciones Cromosómicas,¿Qué es una aneuploidía?:,Se usa este término para definir la carga correcta de cromosomas en una especie.,"La aparición de uno o más cromosomas adicionales o faltantes que conducen a un complemento cromosómico desequilibrado, o cualquier número de cromosomas que no sea un múltiplo exacto del número haploide.",Es un sinónimo de triploidía.,Es muy frecuente en humanos (50% de los embarazos a término).,2
2024,157,Genética,Mutaciones y Reparación del ADN,La hemocromatosis por mutaciones en el gen HFE es un tipo de enfermedad:,Autosómica dominante.,Autosómica recesiva.,Ligada al cromosoma X.,La hemocromatosis no es hereditaria,2
2024,158,Genética,Genética Mendeliana y Herencia,Una fórmula cromosómica 47XXY indica la presencia de un sujeto:,De sexo masculino con síndrome de Klinefelter.,De sexo femenino con síndrome de Turner.,De sexo masculino con síndrome de Swyer.,Es la fórmula cromosómica normal en varones.,1
2024,159,Bioquímica y Biología Molecular,Procesos Moleculares,"En la replicación del ADN desde un origen de replicación, la ADN-polimerasa necesita:",Un cebador en la hebra continua y un cebador en la hebra discontinua.,Un cebador en la hebra continua y un cebador para cada fragmento de Okazaki en la hebra discontinua.,La ADN-polimerasa NO necesita cebadores.,Varios cebadores en la hebra continua y varios cebadores en la hebra discontinua.,2
2024,160,Bioquímica y Biología Molecular,Procesos Moleculares,¿Qué enzima se encarga de unir los fragmentos cortos de ADN producidos durante la replicación de la cadena retardada del ADN?:,Helicasa.,Primasa.,Ligasa.,ADN polimerasa.,3
2024,161,Bioquímica y Biología Molecular,Procesos Moleculares,¿En cuál de los siguientes procesos intervienen ARN pequeños nucleares (ARNsn)?:,Procesamiento y modificación química del ARN ribosómico en el nucleolo.,Regulación de la expresión génica mediante degradación de ARN mensajeros selectivos.,Eliminación de intrones durante el procesamiento del ARN mensajero.,Inactivación del cromosoma X en las células femeninas.,3
2024,162,Biología Celular e Histología,"Ciclo Celular, Mitosis y Apoptosis",La activación del complejo ciclina B-CDK 1:,Se produce cuando la célula va a replicar el ADN.,Promueve la separación de las cromátidas hermanas.,"Se produce por daño en el ADN, bloqueando la progresión del ciclo.",Induce la entrada de la célula en mitosis.,4
2024,163,Microbiología y Parasitología,Antimicrobianos y Resistencias,¿Cuál de los siguientes antimicrobianos actúa a nivel de la membrana plasmática?:,Daptomicina.,Doxiciclina.,Ceftriaxona.,Levofloxacino.,1
2024,164,Microbiología y Parasitología,Antimicrobianos y Resistencias,¿Cuál de los siguientes antimicrobianos no es un beta-lactámico?:,Aztreonam.,Acido clavulánico.,Ertapenem.,Levofloxacino.,4
2024,165,Microbiología y Parasitología,Bacteriología,En relación a Streptococcus pyogenes es FALSO que:,Suelen ser muy sensibles a penicilina.,No es un agente productor de toxinas.,Produce cuadros superficiales del tipo impétigo o erisipela.,La proteína M de la superficie permite clasificar los aislamientos clínicos en más de 200 genotipos.,2
2024,166,Microbiología y Parasitología,Bacteriología,Una de las características de ceftarolina es:,Su posología estrictamente oral.,Su notable actividad frente a Staphylococcus aureus resistente a meticilina.,Su capacidad de inhibir el complejo ribosomal 30S-ARNm.,Su notable actividad frente a microorganismos como Pseudomonas aeruginosa.,2
2024,167,Microbiología y Parasitología,Antimicrobianos y Resistencias,¿Cuál de los siguientes mecanismos NO se asocia a resistencia antibiótica a linezolid?:,Alteraciones de las proteínas fijadoras de penicilina (PBPs).,Mutaciones en el gen que codifica el 23S-ARNr bacteriano.,Presencia de una metiltransferasa del 23S-ARNr codificada por el gen cfr.,Cambios en las proteínas ribosomales L3 y L4.,1
2024,168,Microbiología y Parasitología,Bacteriología,Señale la asociación CORRECTA:,Chlamydia pneumoniae- colonias rugosas en medio de agar sangre.,Listeria monocytogenes- productor de beta-hemólisis en medio de agar sangre.,Bacillus cereus- agente causal del carbunco.,Mycoplasma genitalium- agente causal del linfogranuloma venéreo.,2
2024,169,Microbiología y Parasitología,Bacteriología,Señale la respuesta INCORRECTA respecto a los microorganismos del género Chlamydia:,Chlamydia trachomatis es un agente causal de enfermedad inflamatoria pélvica.,Chlamydia trachomatis es el agente causal del tracoma.,Chlamydia psittaci es una causa frecuente de infecciones de transmisión sexual.,Los microorganismos de este género son bacterias intracelulares obligadas.,3
2024,170,Microbiología y Parasitología,Antimicrobianos y Resistencias,Señale la asociación INCORRECTA respecto a los microorganismos del género Corynebacterium:,Corynebacterium striatum- zoonosis.,Corynebacterium urealyticum- infección urinaria.,Corynebacterium minutissimum- eritrasma.,Corynebacterium jeikeium- resistencia a múltiples antibióticos.,1
2024,171,Microbiología y Parasitología,Bacteriología,Señale la asociación INCORRECTA:,Streptococcus mitis- endocarditis.,Streptococcus agalactiae- faringitis.,Streptococcus pneumoniae- meningitis.,Streptococcus pyogenes- fascitis necrosante.,2
2024,172,Microbiología y Parasitología,Antimicrobianos y Resistencias,¿Cuál es el tratamiento de elección de la uretritis gonocócica?:,Vancomicina.,Ceftriaxona.,Penicilina.,Trimetoprim-Sulfametoxazol.,2
2024,173,Microbiología y Parasitología,Bacteriología,El diagnóstico de una infección respiratoria por Haemophilus influenzae se realiza mediante:,Tinción de Gram y cultivo de muestra respiratoria.,Detección del antígeno capsular en orina.,Inmunofluorescencia indirecta de muestra respiratoria.,Detección de anticuerpos en sangre,1
2024,174,Microbiología y Parasitología,Bacteriología,"Respecto a las infecciones por Legionella pneumophila, una de las siguientes afirmaciones es FALSA:",Se asocian a la inhalación de aerosoles de reservorios húmedos contaminados.,Ocurren principalmente en niños pequeños.,Su diagnóstico puede realizarse mediante detección de antígeno en orina.,Hay casos con poca afectación clínica.,2
2024,175,Microbiología y Parasitología,Bacteriología,"Respecto a Francisella tularensis, ¿cuál de las siguientes es FALSA?:",Es un cocobacilo Gram-negativo.,Entre sus reservorios se encuentran los pequeños roedores.,No hay casos autóctonos en España.,Es un patógeno intracelular.,3
2024,176,Microbiología y Parasitología,Bacteriología,"En la actualidad, ¿cuál de las siguientes NO es una infección prevenible mediante vacunación?:",Hepatitis por el virus de la hepatitis C.,Meningitis por Neisseria meningitidis.,Neumonía por Streptococcus pneumoniae.,Tos ferina (Bordetella pertussis).,1
2024,177,Microbiología y Parasitología,Bacteriología,"Respecto a la brucelosis, ¿cuál de las siguientes es FALSA?:",No requiere tratamiento antibiótico.,Para su diagnóstico se puede usar la aglutinación en porta del Rosa de Bengala.,Puede transmitirse a partir de productos lácteos no pasteurizados.,Brucella melitensis es una bacteria cultivable en el laboratorio.,1
2024,178,Microbiología y Parasitología,Bacteriología,Respecto a las infecciones entéricas causadas por Campylobacter jejuni es CIERTO que:,Son zoonosis con reservorio exclusivo en ganado bovino o vacuno.,Se asocian a la inhalación de aerosoles contaminados.,Se recomienda tratamiento antibiótico en todos los casos.,Son causa frecuente de diarrea en población infantil.,4
2024,179,Microbiología y Parasitología,Bacteriología,Una de las siguientes asociaciones entre especies de Yersinia y patología producida es FALSA:,Yersinia pestis – peste.,Yersinia tuberculosis – tuberculosis.,Yersinia enterocolitica – enteritis.,Yersinia pseudotuberculosis - adenitis mesentérica.,2
2024,180,Biología Celular e Histología,Histología Humana,La fiebre tifoidea:,Está causada por Rickettsia typhi.,Es una zoonosis.,Una pequeña proporción de las personas infectadas se convierten en portadores crónicos.,El microorganismo causante se acantona característicamente en la médula ósea.,3
2024,181,Microbiología y Parasitología,Antimicrobianos y Resistencias,Una de las siguientes características de Stenotrophomonas maltophilia es FALSA:,Suele ser sensible al cotrimoxazol.,Es positiva para la prueba de la oxidasa.,Suele ser resistente a múltiples antibióticos.,Es una de las causas frecuentes de neumonía en unidades de cuidados intensivos.,2
2024,182,Microbiología y Parasitología,Bacteriología,Entre las enterobacterias causantes de gastroenteritis en el viajero se encuentra:,Enterobacter cloacae.,Escherichia coli.,Enterococcus faecalis.,Giardia lamblia.,2
2024,183,Microbiología y Parasitología,Micología,¿Cuál es el principal factor de virulencia de Cryptococcus neoformans que protege al hongo de la respuesta inmunitaria del huésped?:,La capacidad de crecer a 30ºC.,La producción de ergosterol.,La producción de una gruesa cápsula de polisacárido.,La producción de catalasa.,3
2024,184,Microbiología y Parasitología,Bacteriología,¿Cuál de las siguientes especies de Mycobacterium NO crece a 35-37ºC?:,M. tuberculosis complex.,M. scrofulaceum.,M. kansasii.,M. ulcerans.,4
2024,185,Inmunología,Inmunidad Adaptativa,¿Cuál es el método más común actualmente para diagnosticar la leptospirosis en la práctica clínica?:,Cultivo en un medio rico en albúmina y hemoglobina.,Detección de anticuerpos mediante pruebas serológicas.,Secuenciación masiva.,Microscopía de campo oscuro.,2
2024,186,Microbiología y Parasitología,Micología,¿Cómo se reproducen asexualmente los hongos que pertenecen al orden Mucorales?:,Por la formación de esporangiosporas.,Mediante gemación.,Por fisión binaria.,Por fragmentación de hifas.,1
2024,187,Microbiología y Parasitología,Micología,¿Cuál de los siguientes hongos no produce microconidias?:,Trichophyton mentagrophytes.,Microsporum canis.,Trichophyton verrucosum.,Epidermophyton floccosum.,4
2024,188,Bioquímica y Biología Molecular,Procesos Moleculares,¿Cuál es el mecanismo de acción de los análogos de nucleósidos/nucleótidos en el tratamiento antiviral?:,Bloquean la salida del virus de la célula infectada.,Inhiben la actividad de la proteasa viral.,Bloquean la síntesis del ácido nucleico y la replicación del virus.,Bloquean la unión del virus a la célula huésped.,3
2024,189,Microbiología y Parasitología,Virología,¿Qué células son el lugar de latencia más frecuente del virus de Epstein-Barr (VEB)?:,Células T.,Células epiteliales.,Linfocitos B.,Hepatocitos.,3
2024,190,Microbiología y Parasitología,Virología,¿Cuál es la característica principal del estado de latencia en los herpesvirus?:,El virus replica activamente sin causar síntomas.,El virus induce la apoptosis de las células infectadas.,El virus se integra en el ADN del huésped como un provirus.,"El genoma viral permanece en el núcleo de las células del huésped, pero no integrado al ADN celular.",4
2024,191,Microbiología y Parasitología,Virología,"¿Cuál de los siguientes enterovirus se asocia comúnmente a brotes de enfermedad de manos, pies y boca?:",Enterovirus D68.,Coxsackievirus A.,Poliovirus.,Echovirus 11.,2
2024,192,Microbiología y Parasitología,Virología,¿Cuál de las siguientes descripciones sobre la estructura de un virión de Poliovirus es CORRECTA?:,Virus no envuelto con ARN monocatenario de polaridad positiva.,Virus envuelto con ARN monocatenario de polaridad negativa.,Virus envuelto con ADN bicatenario lineal.,Virus no envuelto con ADN monocatenario circular.,1
2024,193,Microbiología y Parasitología,Virología,"¿Cuál es el principal mecanismo de acción de los inhibidores de la neuraminidasa, como oseltamivir y zanamivir, en el tratamiento del virus de la gripe?:",Bloquean la entrada del virus en la célula huésped.,Inhiben la liberación de nuevas partículas virales de las células infectadas.,Interfieren en la síntesis del ARN viral.,Inhiben la replicación del ADN viral.,2
2024,194,Microbiología y Parasitología,Virología,¿Qué proteínas virales están principalmente implicadas en la deriva antigénica de los virus de la gripe A?:,Proteínas de matriz M1 y M2.,Hemaglutinina (HA) y neuraminidasa (NA).,"Proteínas subunidades de la polimerasa (PB1, PB2 y PA).",Proteína no estructural (NS1).,2
2024,195,Microbiología y Parasitología,Virología,El diagnóstico de la hepatitis A se lleva a cabo habitualmente mediante:,Detección de IgMs específica en suero/plasma mediante pruebas de enzimo(quimio) inmunoanálisis.,Detección del antígeno de cápside en las heces mediante pruebas de enzimo(quimio) inmunoanálisis.,Detección de ARN viral en las heces mediante PCR en tiempo real.,Detección de ARN viral en suero/plasma mediante PCR en tiempo real.,1
2024,196,Microbiología y Parasitología,Virología,¿Cuál de los siguientes virus utiliza una transcriptasa inversa para replicar su genoma?:,Virus de la hepatitis C.,Virus de la hepatitis B.,Virus de la hepatitis E.,Virus de la hepatitis delta.,2
2024,197,Microbiología y Parasitología,Antimicrobianos y Resistencias,Indique la diana molecular del fármaco antirretroviral maraviroc:,Transcriptasa inversa.,Integrasa.,Proteasa.,Correceptor CCR5.,4
2024,199,Microbiología y Parasitología,Parasitología,¿Qué forma de trasmisión de la tripanosomiasis americana o enfermedad de Chagas puede darse en una zona no endémica?:,Por triatominos.,Por Anopheles.,Por garrapatas.,Vertical.,4
2024,201,Fisiología y Anatomía,Sistema Nervioso y Sentidos,El neurotransmisor que liberan las neuronas simpáticas postganglionares:,Es siempre acetilcolina independientemente del tipo de célula diana.,Es siempre noradrenalina independientemente del tipo de célula diana.,"Generalmente es acetilcolina, aunque hay excepciones como las glándulas sudoríparas que están inervadas por neuronas simpáticas que liberan noradrenalina.","Generalmente es noradrenalina, aunque hay excepciones como las glándulas sudoríparas que están inervadas por neuronas simpáticas que liberan acetilcolina.",4
2024,203,Biología Celular e Histología,Histología Humana,El epitelio pseudoestratificado columnar se caracteriza por:,Todas las células contactan con la lámina basal.,"No apoya en una lámina basal ya que no se observa siempre, solo cuando es necesaria para su función.","Mostrar varias capas celulares, todas planas.",Todas las células llegan a la superficie apical.,1
2024,204,Inmunología,Inmunidad Innata y Complemento,De los siguientes componentes del complemento ¿cuál puede actuar como opsonina?:,C2.,C4b.,C7.,Factor B.,2
2024,205,Inmunología,Inmunidad Adaptativa,¿Cuál de estos receptores se expresa en la superficie de los linfocitos B?:,TCR.,BCR.,CD8.,KIR.,2
2024,207,Biología Celular e Histología,"Orgánulos, Citoesqueleto y Matriz",¿Cuál de los siguientes procesos tiene lugar después de la liberación del citocromo c del espacio intermembrana de la mitocondria?:,Las proteínas proapoptóticas Bax y Bak forman poros en la membrana externa mitocondrial.,Inhibición de la unión de Apaf-1 a las caspasas.,Activación de las caspasas mediante fosforilación por la proteína Bcl-2.,Activación de las caspasas mediante la formación del apoptosoma.,4
2024,208,Genética,Genética Mendeliana y Herencia,¿Qué gen supresor de tumores se relaciona con la poliposis adenomatosa familiar del colon?:,RB1.,EGFR.,BRAF.,APC.,4
2024,209,Microbiología y Parasitología,Virología,¿Cuál es la función principal de las glicoproteínas virales en la envoltura de un virus?:,Facilitar la entrada del virus en la célula huésped por fusión con la membrana celular.,Permitir el reconocimiento del sistema inmunitario del huésped.,Formar la cápside que protege el genoma viral.,Proporcionar rigidez estructural al virión.,1
2024,210,Microbiología y Parasitología,Bacteriología,Respecto a Vibrio cholera es FALSO que:,Es un bacilo Gram-negativo móvil con forma curvada.,Produce patología mediante la invasión del tejido entérico.,Su mecanismo de transmisión es fecaloral.,Puede dar lugar a brotes y epidemias.,2
2025,1,Fisiología y Anatomía,Sistema Nervioso y Sentidos,En las fibras mielínicas la vaina de mielina está formada por:,Células de Schwann en el sistema nervioso central y oligodendrocitos en el sistema nervioso periférico.,Células de Schwann tanto en el sistema nervioso central como en el periférico.,Oligodendrocitos tanto en el sistema nervioso central como en el periférico.,Células de Schwann en el sistema nervioso periférico y oligodendrocitos en el sistema nervioso central.,4
2025,2,Fisiología y Anatomía,Sistema Nervioso y Sentidos,La tetrodotoxina:,Bloquea selectivamente los canales de Na+.,Bloquea selectivamente los canales de Cl-.,Bloquea selectivamente los canales de K+.,Bloquea tanto los canales de Cl- como de Na+.,1
2025,3,Fisiología y Anatomía,Sistema Nervioso y Sentidos,La perilinfa del oído:,Tiene una composición similar a la del líquido intracelular.,Tiene una composición similar a la del líquido cefalorraquídeo y a la de otros líquidos extracelulares.,Se encuentra en el conducto coclear o rampa media.,Posee el mismo voltaje que la endolinfa.,2
2025,5,Bioquímica y Biología Molecular,Bioquímica Clínica,El líquido cefalorraquídeo:,Tiene una composición idéntica a la del plasma sanguíneo.,Es secretado por las células epiteliales de los plexos coroideos.,En humanos se producen 100 mL/día.,NO intercambia sustancias con el líquido intersticial del encéfalo.,2
2025,6,Fisiología y Anatomía,Endocrino y Reproductor,La hormona liberadora de tirotropina (TRH) activa la secreción de:,Hormona adrenocorticotropa (ACTH).,Hormona luteinizante (LH).,Prolactina (PRL).,Hormona de crecimiento (GH).,3
2025,7,Fisiología y Anatomía,Endocrino y Reproductor,La estructura de la hormona tiroxina (T4) contiene:,Boro (B).,Flúor (F).,Yodo (I).,Litio (Li).,3
2025,8,Fisiología y Anatomía,Endocrino y Reproductor,¿Cuál de los siguientes factores estimula la secreción de insulina?:,Cortisol.,Agonistas -adrenérgicos.,Ayuno.,Somatostatina.,1
2025,9,Fisiología y Anatomía,Sistema Nervioso y Sentidos,El receptor de la hormona liberadora de hormona de crecimiento (GHRH):,Es un receptor intracelular nuclear específico.,Tiene como segundo mensajero principal al GMPc citosólico.,Se asocia con actividad tirosina quinasa de la membrana celular.,Su activación produce un aumento de la concentración de calcio citosólico.,4
2025,10,Fisiología y Anatomía,Endocrino y Reproductor,¿Qué hormona se secreta en la corteza suprarrenal?:,Oxitocina.,Progesterona.,Glucagón.,Aldosterona.,4
2025,11,Fisiología y Anatomía,Cardiovascular y Respiratorio,En condiciones normales el marcapasos propio del corazón se encuentra en:,El nodo aurículoventricular.,Las fibras de Purkinje.,El haz de His.,El nodo sinoauricular o sinusal.,4
2025,12,Fisiología y Anatomía,Cardiovascular y Respiratorio,Las válvulas semilunares cardiacas:,Permiten el flujo de sangre unidireccional desde las aurículas a los ventrículos evitando el flujo retrógrado.,Favorecen el flujo de sangre retrógrado desde los ventrículos hacia las aurículas.,Permiten el flujo de sangre unidireccional desde los ventrículos a la aorta y a la arteria pulmonar evitando el flujo retrógrado.,Favorecen el flujo de sangre retrógrado desde la aorta y la arteria pulmonar a los ventrículos.,3
2025,13,Fisiología y Anatomía,Sistema Nervioso y Sentidos,Acerca del efecto cronotrópico del sistema nervioso autónomo en el corazón:,"La estimulación del sistema nervioso simpático tiene efecto cronotrópico positivo, mientras que la estimulación del parasimpático tiene efecto cronotrópico negativo.","La estimulación del sistema nervioso simpático tiene efecto cronotrópico negativo, mientras que la estimulación del parasimpático tiene efecto cronotrópico positivo.",Solo el sistema nervioso simpático tiene efectos cronotrópicos.,Solo el sistema nervioso parasimpático tiene efectos cronotrópicos.,1
2025,14,Fisiología y Anatomía,Cardiovascular y Respiratorio,En relación con la regulación de la presión arterial mediante el sistema reninaangiotensina-aldosterona:,El incremento de la presión arterial induce la secreción de renina.,La renina es una enzima que cataliza la conversión de angiotensina I en angiotensina II.,La angiotensina II estimula la secreción de aldosterona.,La aldosterona reduce la reabsorción renal de Na+.,3
2025,15,Fisiología y Anatomía,Cardiovascular y Respiratorio,"En relación con el sistema linfático, ¿cuál de las siguientes afirmaciones es FALSA?:",Permite la recuperación de líquido intersticial hacia la sangre.,NO participa en la recuperación de proteínas hacia la sangre.,Los vasos linfáticos tienen músculo liso en su pared.,Los capilares linfáticos tienen válvulas unidireccionales.,2
2025,16,Fisiología y Anatomía,Endocrino y Reproductor,Las células de Sertoli:,Inhiben la espermatogénesis.,Carecen de receptores para la hormona folículo estimulante (FSH).,Secretan inhibina.,Facilitan la difusión libre de solutos plasmáticos hasta las espermátidas.,3
2025,17,Fisiología y Anatomía,Endocrino y Reproductor,En el ciclo endometrial:,La progesterona es responsable de la fase proliferativa.,La fase secretora se inicia tras la ovulación.,La elevación de progesterona induce la menstruación.,La fase proliferativa finaliza con la menstruación.,2
2025,18,Fisiología y Anatomía,Endocrino y Reproductor,La secreción de hormona luteinizante (LH) se inhibe por:,Testosterona.,Activina.,Estradiol al final de la fase folicular ovárica.,La secreción pulsátil de hormona liberadora de gonadotropinas (GnRH).,1
2025,19,Fisiología y Anatomía,Endocrino y Reproductor,La progesterona:,Reduce la actividad contráctil uterina.,Potencia la galactopoyesis inducida por la prolactina.,Circula disuelta libre en plasma en un 90%.,"En el embrión, es la hormona responsable del desarrollo testicular.",1
2025,20,Bioquímica y Biología Molecular,Metabolismo Energético,La somatomamotropina coriónica humana:,Inhibe el crecimiento.,Reduce la utilización de glucosa por la embarazada.,Aumenta el depósito de ácidos grasos en adipocitos.,Sus niveles séricos maternos caen al avanzar el embarazo.,2
2025,21,Fisiología y Anatomía,Renal y Digestivo,Los vómitos o emesis:,Inducen acidosis metabólica.,Es un reflejo regulado desde el hipotálamo.,Pueden generar alcalosis metabólica.,"La anestesia general, morfina y algunos fármacos, como los digitálicos, los inhiben.",3
2025,22,Fisiología y Anatomía,Renal y Digestivo,La acción de la somatostatina a nivel gástrico es:,Inhibir la secreción de ácido clorhídrico.,Estimular la secreción de gastrina.,"Estimular la adenilato ciclasa, elevando el AMPc.",Potenciar la liberación de histamina.,1
2025,23,Bioquímica y Biología Molecular,"Proteínas, Enzimas y Aminoácidos",La obstrucción de los conductos pancreáticos por tapones mucosos en la fibrosis quística se debe a:,Un aumento de la secreción hidroelectrolítica pancreática.,Un déficit congénito de canales epiteliales de Cl- en la membrana apical.,"Un incremento de la secreción pancreática orgánica, fundamentalmente de bicarbonato.",Un exceso del componente enzimático de la secreción pancreática.,2
2025,24,Biología Celular e Histología,Membrana y Tráfico,"Con respecto a la vesícula biliar, es CIER- TO que:",Sintetiza las sales biliares y los pigmentos de la bilis.,Almacena la bilis y la diluye secretando agua y reabsorbiendo iones.,Pueden aparecer cálculos biliares o cristales de colesterol (colelitiasis o litiasis biliar) por falta de sales biliares.,"El principal pigmento que produce, la bilirrubina, es responsable de la digestión y absorción de grasas.",3
2025,25,Fisiología y Anatomía,Renal y Digestivo,"A nivel intestinal, es CIERTO que:",En el íleon y el intestino grueso se produce secreción de bicarbonato y absorción de Cl-.,"En diarreas extremas, secretoras o infecciosas, se inhibe la formación de AMPc, lo que potencia la apertura de canales de Cl- en el epitelio intestinal.","A nivel intestinal, la aldosterona potencia la absorción de K+ y la secreción de Na+.",El Na+ es transportado pasivamente a través de la membrana intestinal.,1
2025,26,Bioquímica y Biología Molecular,Metabolismo Energético,"En relación con la Vitamina D, señale la función más importante:",Estimular la absorción digestiva de Ca2+.,Inhibir el depósito óseo de Ca2+.,Estimular la reabsorción renal de Na+.,Estimular la excreción renal de Ca2+.,1
2025,27,Fisiología y Anatomía,Renal y Digestivo,Señale qué determinación de aclaramiento renal es la más adecuada para estimar la tasa de filtración glomerular:,Inulina.,Urea.,Glucosa.,Ácido paraaminohipúrico.,1
2025,28,Fisiología y Anatomía,Endocrino y Reproductor,Señale la sustancia fisiológicamente más importante para regular la osmolaridad del plasma:,Arginina vasopresina u hormona antidiurética (ADH).,Péptido natriurético atrial.,Aldosterona.,Angiotensina II.,1
2025,29,Fisiología y Anatomía,Renal y Digestivo,Señale el mecanismo implicado en el concepto “transporte tubular máximo” de la glucosa en el riñón:,Saturación del cotransportador Na+- glucosa.,Inhibición de la ATPasa de Ca2+.,Estimulación de la secreción tubular de glucosa.,Saturación del intercambio Na+- H+.,1
2025,30,Fisiología y Anatomía,Renal y Digestivo,Señale la respuesta fisiológica ante una situación de alcalosis metabólica:,Aumento de la presión parcial de CO2 y de la bicarbonaturia.,"Disminución de la presión parcial de CO2, de la bicarbonaturia y de la cetonemia.",Disminución de la concentración plasmática de K+ (kalemia) y aumento de la de Na+ (natremia).,"Aumento de la presión parcial de O2, de la bicarbonatemia y de la cetonuria.",1
2025,31,Fisiología y Anatomía,Renal y Digestivo,¿Cuál es la osmolaridad (mOsm/L) de una solución que contiene NaCl 100 milimolar y CaCl₂ 50 milimolar?:,200.,300.,350.,400.,3
2025,32,Hematología,Hemostasia y Coagulación,¿Cuál de los siguientes factores se asocia más comúnmente con un tiempo de protrombina (TP) prolongado y un tiempo de hemorragia normal?:,Enfermedad hepática crónica.,Deficiencia del factor VIII.,Uso de aspirina.,Trombocitopenia congénita.,1
2025,33,Bioquímica y Biología Molecular,"Proteínas, Enzimas y Aminoácidos",¿Qué enzima eritrocítica facilita el transporte de CO2?:,Mieloperoxidasa.,Globina reductasa.,Anhidrasa carbónica.,Superóxido dismutasa.,3
2025,34,Hematología,Fisiología y Patología Eritrocitaria,"Después de situar a una persona en una atmósfera con bajo contenido de O2, ¿cuánto tiempo tardan en desarrollarse cifras altas de reticulocitos?:",6 horas.,1 día.,3 días.,2 semanas.,3
2025,35,Inmunología,Inmunidad Adaptativa,¿Cuál es el tratamiento apropiado para un lactante nacido con una forma grave de la eritroblastosis fetal (EHRN)?:,Transfusión de intercambio con sangre de Rh(D) negativo.,Inmunización con antígeno Rh(D).,Transfusión de intercambio con sangre de Rh(D) positivo.,Inmunización pasiva con inmunoglobulina anti-Rh(D).,1
2025,36,Fisiología y Anatomía,Cardiovascular y Respiratorio,¿Qué efecto tiene la acidosis metabólica sobre la ventilación?:,Hipoventilación compensadora.,Estimulación de quimiorreceptores centrales para disminuir la ventilación.,Estimulación de quimiorreceptores periféricos para aumentar la ventilación.,Disminución del volumen minuto del aire inspirado.,3
2025,37,Fisiología y Anatomía,Cardiovascular y Respiratorio,¿Cuál es el principal determinante de la difusión de O₂ a través de la membrana alveolocapilar?:,El gradiente de presión de CO₂.,El hematocrito.,La solubilidad del O₂ en plasma.,La diferencia de presión parcial de O₂.,4
2025,38,Fisiología y Anatomía,Cardiovascular y Respiratorio,¿Qué ocurre con la ventilación alveolar si aumenta el espacio muerto fisiológico?:,Aumenta la eficiencia del intercambio gaseoso.,Disminuye la ventilación de los alveolos que participan en el intercambio efectivo de gases.,Mejora la oxigenación arterial.,NO se ve afectada la ventilación alveolar efectiva.,2
2025,39,Fisiología y Anatomía,Cardiovascular y Respiratorio,¿Cuál de los siguientes factores desplaza la curva de disociación oxígenohemoglobina hacia la derecha?:,Disminución de la temperatura.,Aumento del pH.,"Disminución de la concentración de 2,3- BPG.",Aumento de la presión parcial de CO₂.,4
2025,40,Fisiología y Anatomía,Cardiovascular y Respiratorio,¿Cuál de los siguientes factores limita principalmente la difusión de O₂ desde los alvéolos a la sangre capilar pulmonar durante el ejercicio máximo en un individuo sano?:,Disminución del gradiente de presión parcial de O₂.,Aumento del grosor de la membrana alveolocapilar.,Reducción del tiempo de tránsito capilar.,Disminución de la superficie alveolar disponible.,3
2025,41,Fisiología y Anatomía,Endocrino y Reproductor,"Dentro de los períodos del desarrollo intrauterino en el humano, ¿hasta qué momento se extiende el período embrionario?:",Hasta el momento del nacimiento.,Hasta que el embarazo se considera a término (a partir de la semana 38).,Hasta la octava semana del desarrollo.,Hasta la implantación del embrión en la segunda semana de desarrollo.,3
2025,42,Fisiología y Anatomía,Renal y Digestivo,¿Cuál de las siguientes estructuras ocupa transitoriamente el espesor del cordón umbilical durante el desarrollo humano (hernia umbilical fisiológica)?:,Hígado.,Intestino.,Bazo.,Riñones.,2
2025,43,Biología Celular e Histología,Histología Humana,¿Cuál de las siguientes estructuras participa en la formación del esqueleto facial humano?:,El primer arco faríngeo (branquial).,El cuerpo últimofaringeo (últimobranquial).,La tercera hendidura faríngea (branquial).,La tercera bolsa faríngea (branquial).,1
2025,44,Fisiología y Anatomía,Cardiovascular y Respiratorio,"Durante el desarrollo cardíaco humano, ¿a qué se corresponde el agujero oval (foramen oval)?:",Al orificio de comunicación interventricular.,Al orificio de comunicación interauricular.,Al orificio de comunicación aurículoventricular.,Al orificio de comunicación entre ventrículo izquierdo y arteria aorta.,2
2025,45,Fisiología y Anatomía,Renal y Digestivo,¿Cuál de las siguientes estructuras deriva embriológicamente de los conductos paramesonéfricos (de Müller) en el humano?:,Estómago.,Recto.,Testículo.,Útero.,4
2025,46,Fisiología y Anatomía,Renal y Digestivo,¿Cómo se introduce la glucosa en las células epiteliales del intestino delgado desde el lumen intestinal?:,Por difusión simple.,"Por difusión facilitada, a través del uniportador GLUT5.",Mediante el simportador de Na+/glucosa.,"Por transporte activo, mediante bombas de tipo V.",3
2025,47,Bioquímica y Biología Molecular,"Proteínas, Enzimas y Aminoácidos",¿Cuál de las siguientes proteínas nuclea la generación de ramificaciones en los filamentos de actina?:,La -actinina.,El complejo Arp2/3.,La profilina.,La cofilina.,2
2025,48,Bioquímica y Biología Molecular,"Proteínas, Enzimas y Aminoácidos",¿En cuál de los siguientes procesos interviene la partícula de reconocimiento de señal (SRP)?:,Direccionamiento de ribosomas que están sintetizando un polipéptido desde el citosol hacia la membrana del retículo endoplasmático rugoso.,Translocación completa del polipéptido a través de la membrana del retículo endoplasmático durante la traducción.,Escisión de la secuencia señal de proteínas recién sintetizadas que se produce en el interior del retículo endoplasmático.,Unión en el lumen del retículo endoplasmático a segmentos del polipéptido en translocación para evitar su retroceso hacia el citoplasma.,1
2025,49,Bioquímica y Biología Molecular,"Proteínas, Enzimas y Aminoácidos","En el contexto de la señalización celular, ¿cómo se activan las proteínas de unión a GTP o proteínas G?:","Por la acción de proteínas quinasas específicas, que fosforilan a la proteína G.","Por la acción de las GAP (proteína activadora de la actividad GTPasa), que promueven un aumento de la actividad GTPasa de la proteína G.","Por la acción de las GEF (factor intercambiador de nucleótidos de guanina), que promueven que la proteína G se disocie de GDP.","La activación de las proteínas G NO está regulada, ya que son activas de forma constitutiva.",3
2025,50,Biología Celular e Histología,Membrana y Tráfico,"En el contexto del tráfico vesicular, ¿qué mecanismo regula que una vesícula se dirija a un compartimento diana específico?:",Las proteínas de cubierta como la clatrina se unen a receptores del compartimento diana.,La interacción de proteínas Rab activas con efectores presentes en el compartimento diana.,El reconocimiento directo de proteínas de carga por receptores de membrana del compartimento diana.,El transporte vesicular NO requiere mecanismos específicos de direccionamiento.,2
2025,51,Bioquímica y Biología Molecular,"Proteínas, Enzimas y Aminoácidos",Las enzimas lisosómicas se fosforilan en:,El compartimento trans-Golgi.,El compartimento cis-Golgi.,El compartimento intermedio-Golgi.,El retículo endoplasmático rugoso.,2
2025,52,Bioquímica y Biología Molecular,Procesos Moleculares,El complejo promotor de la fase M se activa:,Tras el alineamiento cromosómico durante la mitosis.,En la transición de G2 a M.,En la fase G1.,En la transición de la fase S a G2.,2
2025,53,Biología Celular e Histología,"Orgánulos, Citoesqueleto y Matriz",Una pequeña proporción de las proteínas mitocondriales es sintetizada en los ribosomas:,Del retículo endoplasmático rugoso.,De la envoltura nuclear.,De la matriz mitocondrial.,Del núcleo celular.,3
2025,54,Bioquímica y Biología Molecular,"Proteínas, Enzimas y Aminoácidos",La proteína clave que nuclea el ensamblaje de microtúbulos en el centrosoma es:,La β-tubulina.,La α- tubulina.,La γ-tubulina.,La αβ-tubulina.,3
2025,55,Biología Celular e Histología,Histología Humana,¿Cómo se clasifica el epitelio de la tráquea?:,Epitelio cilíndrico simple ciliado con células caliciformes.,Epitelio cilíndrico seudoestratificado ciliado con células caliciformes.,Epitelio cilíndrico seudoestratificado con chapa estriada con células caliciformes.,Epitelio cilíndrico simple con chapa estriada con células caliciformes.,2
2025,56,Biología Celular e Histología,"Orgánulos, Citoesqueleto y Matriz",¿Qué tipo de colágeno forma las fibras reticulares?:,Tipo I.,Tipo II.,Tipo III.,Tipo IV.,3
2025,57,Biología Celular e Histología,Histología Humana,¿Qué tipo de cartílago tienen la epiglotis y el pabellón auricular?:,Cartílago elástico.,Fibrocartílago.,Cartílago hialino.,Cartílago endocondral.,1
2025,58,Fisiología y Anatomía,Sistema Nervioso y Sentidos,¿Dónde almacenan Ca2+ los miocitos del músculo estriado esquelético?:,En la sarcómera.,En los túbulos T.,En el retículo sarcoplasmático.,En el Golgi.,3
2025,59,Biología Celular e Histología,Histología Humana,El término específico endotelio se aplica al:,Epitelio simple cilíndrico con microvellosidades que tapiza el intestino delgado.,Epitelio simple plano que tapiza los vasos sanguíneos y linfáticos.,Epitelio seudoestratificado que tapiza las vías urinarias.,Epitelio cilíndrico ciliado que tapiza el oviducto.,2
2025,60,Biología Celular e Histología,"Orgánulos, Citoesqueleto y Matriz",¿Cuál de las siguientes células puede sintetizar fibras de colágeno y demás componentes de la matriz extracelular del tejido conjuntivo?:,Fibroblastos.,Mastocitos.,Adipocitos.,Células plasmáticas.,1
2025,61,Biología Celular e Histología,Histología Humana,Indique la respuesta VERDADERA acerca del tejido muscular esquelético:,La membrana plasmática o sarcolema de las células musculares esqueléticas presenta invaginaciones llamadas caveolas.,Las células musculares esqueléticas se asocian entre sí mediante complejos de unión denominados discos intercalares o intercalados.,La unidad funcional contráctil básica de las células musculares esqueléticas es el sarcómero o sarcómera.,Los miofilamentos finos están insertados en los cuerpos densos que son estructuras asociadas al citoplasma y a la membrana plasmática.,3
2025,62,Biología Celular e Histología,Histología Humana,¿Cuál de las siguientes células del hueso deriva de células progenitoras hematopoyéticas mononucleares?:,Células osteoprogenitoras o preosteoblastos.,Osteoblastos.,Osteocitos.,Osteoclastos.,4
2025,63,Inmunología,Inmunidad Innata y Complemento,Los tipos de agranulocitos de la sangre son:,Basófilos y monocitos.,Eosinófilos y linfocitos.,Neutrófilos y basófilos.,Linfocitos y monocitos.,4
2025,64,Fisiología y Anatomía,Renal y Digestivo,Las Placas de Peyer son propias de:,Estómago.,Esófago.,Íleon.,Colon.,3
2025,65,Biología Celular e Histología,Histología Humana,El epitelio del endocardio se caracteriza por:,Presentar varias capas de células planas.,Presentar células cilíndricas en una sola capa.,Presentar células ciliadas en algunas ocasiones.,Presentar una capa de células planas.,4
2025,66,Biología Celular e Histología,"Orgánulos, Citoesqueleto y Matriz",El fibroblasto es la célula más abundante de:,Tejido conectivo.,Tejido epitelial.,Sangre.,Tejido muscular.,1
2025,67,Hematología,Serie Blanca y Neoplasias,Los pericitos son:,Estructuras linfoides propias de la cavidad bucal.,Células de sostén asociadas a folículos pilosos.,Células presentes en el epitelio traqueal.,Células que rodean a ciertos vasos sanguíneos.,4
2025,68,Inmunología,Inmunidad Adaptativa,¿Cuál de los siguientes tipos celulares es un fagocito?:,Célula plasmática.,Célula endocítica.,Linfocito T CD4+.,Neutrófilo.,4
2025,69,Inmunología,Inmunidad Adaptativa,¿Cuál de las siguientes inmunoglobulinas (Ig) participa en la opsonización clásica?:,Ig D.,Ig E.,Ig G.,Ig R.,3
2025,70,Fisiología y Anatomía,Sistema Nervioso y Sentidos,¿De las siguientes moléculas cuál sería un receptor de macrófagos que permite fagocitar bacterias?:,TLR3.,CR3.,C9.,IL6R.,2
2025,71,Inmunología,Inmunidad Adaptativa,¿Cuál de las siguientes afirmaciones sobre la tolerancia inmunológica a uno mismo (autotolerancia) es CORRECTA?:,"La autotolerancia de los linfocitos B, pero no de los linfocitos T, se adquiere en las primeras etapas de su desarrollo, antes de la expresión del receptor de antígeno (BCR).","La autotolerancia de los linfocitos T, pero no de los linfocitos B, se adquiere en las primeras etapas de su desarrollo, antes de la expresión del receptor de antígeno (TCR).","La autotolerancia de los linfocitos T y B se adquiere en las últimas etapas de su desarrollo, pero es independiente de la exposición a antígenos.",La autotolerancia de los linfocitos se adquiere en las últimas etapas de su desarrollo y depende de la exposición a antígenos propios.,4
2025,72,Inmunología,Inmunidad Adaptativa,¿Cuál es la función principal de los linfocitos T reguladores (Treg)?:,Favorecer la activación de linfocitos B.,Inhibir respuestas inmunitarias excesivas y mantener la tolerancia periférica.,Estimular la producción de anticuerpos IgE.,Activar macrófagos en respuesta a infecciones intracelulares.,2
2025,73,Inmunología,Inmunopatología,¿Cuál es el principal mediador inflamatorio liberado por los mastocitos en reacciones de hipersensibilidad inmediata (tipo I)?:,Interferón γ.,IL-2.,Histamina.,Factor de necrosis tumoral β.,3
2025,74,Fisiología y Anatomía,Sistema Nervioso y Sentidos,¿Cuál de los siguientes receptores reconoce patrones moleculares asociados a patógenos (PAMPs)?:,Receptor de células T (TCR).,Receptor de células B (BCR).,Receptores tipo Toll (TLR).,CD28.,3
2025,75,Inmunología,Inmunidad Adaptativa,La recombinación somática de genes en los linfocitos B y T depende de:,RAG1/RAG2.,TAP.,CD3.,CD45.,1
2025,76,Inmunología,Inmunidad Adaptativa,¿Qué molécula o tipo celular media las reacciones de hipersensibilidad tipo IV o retardada?:,Anticuerpos IgM.,Complemento.,Mastocitos.,Linfocitos T.,4
2025,77,Inmunología,Inmunopatología,"¿Cuál de los siguientes mediadores que liberan los mastocitos durante una anafilaxia, se encuentra preformado en los gránulos de dicha célula?:",Leucotrienos C4.,Prostaglandinas.,Triptasa.,Tromboxanos.,3
2025,78,Inmunología,Inmunidad Adaptativa,¿Cuál de los siguientes enunciados respecto a una reacción alérgica es INCO- RRECTO?:,En las reacciones alérgicas es clave la activación de linfocitos T productores de IL17.,Es una reacción inmunológica que ocurre típicamente en dos fases: fase de sensibilización y fase efectora.,"Las reacciones alérgicas pueden manifestarse clínicamente desde prurito y afectación cutánea aislada, hasta shock anafiláctico.",Se trata típicamente de una respuesta inmune efectora de tipo 2.,1
2025,80,Fisiología y Anatomía,Sistema Nervioso y Sentidos,¿Cuál de los siguientes receptores “Tolllike” o TLRs NO se encuentra en la superficie celular (membrana plasmática) en células de mamíferos?:,TLR1.,TLR2.,TLR3.,TLR4.,3
2025,81,Inmunología,Inmunidad Adaptativa,¿Cuál de los siguientes mecanismos inmunológicos NO forma parte típicamente de la tolerancia central a los autoantígenos en los linfocitos T y/o B?:,Apoptosis de células T inmaduras que reconocen autoantígenos.,Edición de receptores de los linfocitos B.,Cambio de isotipo de autoanticuerpos por parte de los linfocitos B.,Desarrollo de linfocitos T CD4+ reguladores con función supresora.,3
2025,82,Inmunología,Inmunopatología,Las alergias alimentarias a muchas proteínas diferentes se deben mayoritariamente a respuestas inmunitarias:,IgE independientes.,"Th2, IgE dependientes.",IgA dependientes.,M1 dependientes.,2
2025,83,Inmunología,Inmunidad Adaptativa,"¿Qué tipo de linfocitos se expanden predominantemente y se asocian con la respuesta inmunitaria adaptativa inicial, específica frente a péptidos del VIH, en la infección por este retrovirus?:",T CD4+.,NK.,T CD8+.,T CD4+ naïve.,3
2025,84,Inmunología,Inmunidad Adaptativa,¿Qué nombre recibe el proceso de eliminación de linfocitos que subyace al evento de tolerancia central frente a los antígenos propios?:,Selección positiva.,Progresión aclonal.,Selección negativa.,Progresión clonal.,3
2025,85,Bioquímica y Biología Molecular,Procesos Moleculares,"¿Identifique uno de los factores principales implicado en la regulación negativa de las vías de señalización JAK-STAT, que actúa de adaptador para la actividad de la E3-ligasa?:",SOCS.,TYK2.,NF-κB.,Runx2.,1
2025,86,Inmunología,Inmunidad Adaptativa,¿Cómo se denomina la inmunodeficiencia causada por la deficiencia en el complejo mayor de histocompatibilidad (MHC) clase Il?:,Síndrome de Omenn.,Síndrome linfoproliferativo.,Inmunodeficiencia severa combinada PNP.,Síndrome del linfocito desnudo.,4
2025,87,Inmunología,Inmunidad Adaptativa,¿Cuál de las siguientes moléculas de membrana NO actúa como molécula correceptora para la señalización del receptor de las células T (TCR)?:,CD4.,CD8α.,CD8β.,MHC-II.,4
2025,88,Inmunología,Inmunidad Adaptativa,¿Cuál es considerado un linfocito T no convencional?:,Linfocitos T reguladores (Treg).,Linfocitos CD8αβ.,Linfocitos T.,Linfocitos Th1.,3
2025,89,Inmunología,Inmunidad Adaptativa,¿Para qué subtipo de célula T se ha encontrado una relación entre su hiperfuncionalidad y la inducción de artritis reumatoide?:,Treg.,Th2.,Th3.,Th17.,4
2025,90,Inmunología,Inmunidad Innata y Complemento,"¿Qué tipo de célula linfoide innata secreta las citoquinas IL-4, IL-5 e IL-13 y juega un papel relevante en la propagación temprana de la respuesta alérgica?:",Th2.,Treg.,ILC2.,ILC3.,3
2025,91,Hematología,Serie Blanca y Neoplasias,¿Qué tipo de célula linfoide ha sido descrita clásicamente como una potente fuente de la citoquina inmunomoduladora IL-10?:,Célula plasmática.,Células T reguladoras (Treg).,Macrófagos de tipo M1.,Células dendríticas convencionales de tipo 1 (DC1).,2
2025,92,Inmunología,Inmunidad Adaptativa,Indique la opción CORRECTA sobre los linfocitos T reguladores inducidos por inmunización oral o nasal:,No expresan FOXP3.,Son linfocitos T reguladores que se inducen a nivel de mucosa y actúan a nivel sistémico.,Se inducen gracias a la acción de IL-6 e IL-23 junto con el ácido retinoico.,Su inducción se emplea como tratamiento clínico aprobado frente a enfermedades autoinmunes como la esclerosis múltiple.,2
2025,93,Bioquímica y Biología Molecular,Procesos Moleculares,¿Cuál de los siguientes es un factor de transcripción que identifica las células B extrafoliculares?:,BCL-2.,ICOS.,BLIMP1.,CTLA-4.,3
2025,94,Inmunología,Inmunidad Adaptativa,Un linfocito B puede activarse al reconocer un antígeno extraño a través de los siguientes receptores/moléculas de superficie EXCEPTO:,Receptor de complemento 2 (CR2).,Receptor de la célula B.,Receptores tipo Toll.,CD18.,4
2025,96,Inmunología,Inmunidad Adaptativa,Respecto a los adyuvantes indique la opción CORRECTA:,Estimulan de forma potente las respuestas de linfocitos T frente a antígenos proteicos purificados.,Se emplean de forma profusa en el diseño de vacunas con microorganismos vivos atenuados.,No modulan la expresión de moléculas de histocompatibilidad en las células presentadoras de antígeno.,El adyuvante completo de Freund se utiliza en el desarrollo de vacunas de gripe.,1
2025,97,Estadística y Metodología,Bioestadística,"De una muestra de 100 casos de una variable categórica, hemos calculado la proporción (p) de los que cumplen una condición que resulta cercana al 10%. El error estándar (o desviación típica del estimador) de p es:",𝒑(𝟏−𝒑).,√𝒑(𝟏−𝒑)/𝟏𝟎𝟎.,𝒑(𝟏−𝒑)/𝟏𝟎.,𝒑/𝟏𝟎.,2
2025,98,Estadística y Metodología,Bioestadística,La distribución apropiada para modelar una variable que consiste en contar el número de defectos que se observan en una muestra de tejido es:,La distribución de Poisson.,La distribución Normal estándar.,La distribución Binomial Negativa.,La distribución Binomial.,1
2025,99,Estadística y Metodología,Bioestadística,La distribución que debemos utilizar para calcular la región de aceptación/rechazo para un test de hipótesis de igualdad de varianzas entre dos poblaciones normales con n1 y n2 datos respectivamente es:,La distribución t de Student con n1+n2-2 grados de libertad.,La distribución Chi-cuadrado con n1+n2- 2 grados de libertad.,La distribución normal con media cero y varianza igual a n1/n2.,La distribución F con n1-1 y n2-1 grados de libertad.,4
2025,100,Inmunología,Inmunidad Adaptativa,"La prevalencia de una enfermedad en una región es del 10%. Afortunadamente, disponemos de una vacuna muy efectiva ya que la probabilidad de sufrir la enfermedad habiendo sido vacunado es del 0,01. El proceso de vacunación ha cubierto al 90% de la población. Con estas condiciones, ¿cuál es la probabilidad de haber sido vacunado para un individuo que sabemos sufre la enfermedad?:","0,10.","0,09.","0,03.","0,01.",2
2025,101,Microbiología y Parasitología,Bacteriología,Indica cuál de las siguientes afirmaciones sobre los plásmidos es VERDADERA:,Son fragmentos de ARN que se integran en el genoma bacteriano y no pueden replicarse por sí mismos.,Son moléculas circulares de ADN que se replican independientemente del ADN cromosómico y pueden portar genes de resistencia a antibióticos.,Solo se encuentran en organismos eucariotas y no tienen aplicación en biotecnología.,"No pueden transferirse entre bacterias, ya que están ligados permanentemente a una sola célula.",2
2025,102,Bioquímica y Biología Molecular,"Proteínas, Enzimas y Aminoácidos",Indica cuál de las siguientes afirmaciones sobre las enzimas de restricción es VER- DADERA:,Las enzimas de restricción tipo I cortan el ADN exactamente en el sitio de reconocimiento.,"La abreviatura ""Eco"" en EcoRI indica que la enzima proviene de la cepa R de Haemophilus influenzae.",Las enzimas de restricción tipo III cortan el ADN a más de 1.000 pares de bases del sitio de reconocimiento.,Las enzimas de restricción tipo II son las más utilizadas en ingeniería genética porque cortan dentro del sitio de reconocimiento.,4
2025,103,Bioquímica y Biología Molecular,Procesos Moleculares,¿Cuál de los siguientes componentes es esencial para llevar a cabo una reacción de amplificación de ADN como la PCR?:,Una secuencia de ARN mensajero de al menos 3.000 bp.,Una ADN polimerasa que se inactiva a temperaturas superiores a 50ºC.,Dos cebadores complementarios a regiones flanqueantes de la secuencia objetivo.,Un tampón de reacción que contiene factores de transcripción.,3
2025,104,Bioquímica y Biología Molecular,Procesos Moleculares,¿Cuál de las siguientes afirmaciones sobre las ADN polimerasas utilizadas en la PCR es CORRECTA?:,"La Taq polimerasa posee actividad correctora 3'→5', lo que garantiza una alta fidelidad en la replicación.","La ADN polimerasa Pfu, utilizada en la PCR, carece de actividad correctora, pero añade adeninas al final de las cadenas.",Todas las ADN polimerasas termoestables provienen de bacterias del dominio Bacteria.,Las ADN polimerasas termoestables permiten automatizar el ciclo de PCR sin necesidad de añadir enzima en cada ciclo.,4
2025,105,Bioquímica y Biología Molecular,Procesos Moleculares,¿Cuál de las siguientes afirmaciones sobre la transcripción del ADN es CORRECTA?:,La ARN polimerasa lee la cadena codificante en dirección 3’→5’ y sintetiza el ARNm en dirección 5’→3’.,"La ARN polimerasa se desplaza en dirección 5’→3’ sobre la cadena codificante, pero lee la cadena molde en dirección 3’→5’.",La secuencia del ARNm es complementaria a la cadena codificante del ADN.,"La ARN polimerasa sintetiza el ARNm en dirección 3’→5’, igual que la lectura de la cadena molde.",2
2025,106,Genética,Genética Mendeliana y Herencia,Respecto a la descendencia de una pareja en la que el padre manifiesta en heterocigosis un carácter dominante ligado al cromosoma X y la madre no presenta dicho carácter:,Nunca manifestarán el carácter.,Lo manifestarán en el 25% de los casos.,Lo manifestarán en el 50% de los casos.,Siempre manifestarán el carácter.,3
2025,107,Genética,Genética de Poblaciones y Evolución,¿Qué valor numérico obtendremos para la heredabilidad de un carácter cuantitativo en una población donde los genes y el ambiente contribuyen en igual medida a la varianza observada para ese carácter?:,"2,0.","0,5.","-0,5.","-2,0.",2
2025,108,Genética,Genética de Poblaciones y Evolución,¿Cuál es la principal causa de que las poblaciones de pequeño tamaño tiendan a perder diversidad alélica?:,El efecto más intenso de la selección natural en estas poblaciones.,La mayor tasa de mutación en estas poblaciones.,El efecto más intenso de la deriva genética en estas poblaciones.,La menor endogamia de estas poblaciones respecto a poblaciones de mayor tamaño.,3
2025,109,Genética,Mutaciones y Reparación del ADN,¿Qué es una mutación supresora?:,Aquella que elimina una mutación anterior.,Aquella que NO afecta al efecto fenotípico de una mutación anterior.,Aquella que potencia el efecto fenotípico de una mutación anterior.,Aquella que anula el efecto fenotípico de una mutación anterior.,4
2025,110,Biología Celular e Histología,"Ciclo Celular, Mitosis y Apoptosis",Como resultado de la recombinación homóloga que ocurre en la meiosis:,"Se producen heterodúplices, pero después solo en algunos casos se intercambian fragmentos entre cromosomas homólogos.","Se intercambian fragmentos entre cromosomas homólogos, pero después solo en la mitad de los casos se producen heterodúplices.","Se producen heterodúplices, pero NO se intercambian fragmentos entre cromosomas homólogos.","Se intercambian fragmentos entre cromosomas homólogos, pero NO se producen heterodúplices.",1
2025,111,Bioquímica y Biología Molecular,Procesos Moleculares,La enzima primasa es necesaria para la replicación porque produce un fragmento corto de:,ARN que proporciona un extremo 5' adecuado sobre el que la polimerasa III puede empezar la polimerización.,ARN que proporciona un extremo 3' adecuado sobre el que la polimerasa III puede empezar la polimerización.,ADN que proporciona un extremo 3' adecuado sobre el que la polimerasa III puede empezar la polimerización.,ADN que proporciona un extremo 5' adecuado sobre el que la polimerasa III puede empezar la polimerización.,2
2025,112,Genética,Citogenética y Alteraciones Cromosómicas,La alopecia androgénica es un rasgo:,Influenciado por el sexo.,Ligado al cromosoma 22.,Ligado al cromosoma Y.,Epistásico.,1
2025,113,Microbiología y Parasitología,Virología,El experimento de Alfred Hershey y Martha Chase demostró:,Con arqueas que el material genético se localiza en el ADN.,Con bacteriófagos que el material genético se localiza en las proteínas.,Que el ADN es de doble cadena.,Con bacteriófagos que el material genético se localiza en el ADN.,4
2025,114,Genética,Citogenética y Alteraciones Cromosómicas,Una inversión que incluye el centrómero se denomina:,Translocación recíproca.,Paracéntrica.,Pericéntrica.,Deleción.,3
2025,115,Genética,Mutaciones y Reparación del ADN,La luz ultravioleta produce principalmente:,Dímeros de timina.,Dímeros de guanina.,Dímeros de citosina.,Monómeros de guanina.,1
2025,116,Biología Celular e Histología,"Ciclo Celular, Mitosis y Apoptosis",Los telómeros son necesarios en eucariotas para:,Asegurar la correcta segregación de los cromosomas durante la mitosis y meiosis.,Que puedan producirse los entrecruzamientos entre cromosomas.,El inicio de la replicación de los cromosomas.,Proteger y estabilizar los extremos de los cromosomas.,4
2025,117,Genética,Genética Mendeliana y Herencia,"La fórmula cromosómica 45, X corresponde a un:",Síndrome de Edwards.,Síndrome de Klinefelter.,Síndrome de Patau.,Síndrome de Turner.,4
2025,118,Bioquímica y Biología Molecular,Procesos Moleculares,"En humanos, los dímeros de ciertas bases nitrogenadas son reparados por:",Las alquiltransferasas.,Las fotoliasas.,Reparación por escisión de nucleótidos.,NO se pueden reparar.,3
2025,119,Genética,Genética Mendeliana y Herencia,"Al hacer un cruzamiento de prueba con un individuo dihíbrido para dos genes en configuración trans (o de repulsión) que se encuentran a 20 u.m. uno del otro, se obtiene en la descendencia:",Un 0% de homocigotos recesivos.,Un 10% de homocigotos recesivos.,Un 40% de homocigotos recesivos.,Un 50% de homocigotos recesivos.,2
2025,120,Bioquímica y Biología Molecular,Procesos Moleculares,La partícula central del nucleosoma está compuesta por ADN y:,"Un tetrámero de histonas H1, H2, H3 y H4.","Un octámero de dos histonas H1, dos histonas H2, dos histonas H3 y dos histonas H4.","Un octámero de dos histonas H2A, dos histonas H2B, dos histonas H3 y dos histonas H4.",Un octámero de ocho histonas H1.,3
2025,121,Genética,Genética Mendeliana y Herencia,¿Qué técnica genética podría utilizar para diagnosticar con fiabilidad un Síndrome de Smith-Magenis?:,Reacción en cadena de la polimerasa (PCR).,Hibridación in situ con fluorescencia (FISH) con sonda locus específica.,Hibridación in situ con fluorescencia (FISH) con sonda centromérica.,Citogenética convencional (cariotipo de bandas G).,2
2025,122,Genética,Genética Mendeliana y Herencia,El gen PMP22 implicado en la enfermedad de Charcot-Marie-Tooth tipo 1A se localiza en la región cromosómica:,17q11.2.,18p11.2.,18q11.2.,17p11.2.,4
2025,123,Genética,Genética Mendeliana y Herencia,¿Cuál de los siguientes síndromes de cáncer hereditario se asocia típicamente con mutaciones del gen TP53?:,Lynch II.,Mama/ovario familiar.,Li-Fraumeni.,Retinoblastoma familiar.,3
2025,124,Hematología,Serie Blanca y Neoplasias,El mecanismo más frecuente que induce la activación del protooncogen MYC en el linfoma de Burkitt es:,Translocación.,Amplificación génica.,Duplicación.,Mutación puntual.,1
2025,125,Fisiología y Anatomía,Renal y Digestivo,¿Qué órgano o tejido NO puede usar los cuerpos cetónicos como combustible?:,Hígado.,Riñón.,Cerebro.,Corazón.,1
2025,126,Bioquímica y Biología Molecular,"Proteínas, Enzimas y Aminoácidos",¿Cuál de los siguientes aminoácidos NO puede ser sintetizado a partir del 3- fosfoglicerato?:,Serina.,Glutamato.,Glicina.,Cisteína.,2
2025,127,Bioquímica y Biología Molecular,"Proteínas, Enzimas y Aminoácidos",La alcaptonuria es un defecto hereditario del catabolismo de la fenilalanina en el que el enzima defectuoso es:,Fenilalanina hidroxilasa.,Tirosina aminotransferasa.,Homogentisato dioxigenasa.,Hidroxifenilpiruvato dioxigenasa.,3
2025,128,Biología Celular e Histología,Membrana y Tráfico,¿Cuál de las siguientes isoformas del transportador GLUT presenta una mayor afinidad por la glucosa?:,GLUT1.,GLUT2.,GLUT3.,GLUT4.,3
2025,129,Bioquímica y Biología Molecular,Metabolismo Energético,¿Cuál es la vitamina cuya deficiencia causa el beriberi?:,B1.,B2.,B3.,B5.,1
2025,130,Biología Celular e Histología,"Orgánulos, Citoesqueleto y Matriz",¿Cuál de las siguientes afirmaciones sobre el colágeno es CORRECTA?:,Solo contiene residuos de prolina no hidroxilados.,Es una proteína globular intracelular.,En su modificación postraduccional interviene la vitamina A.,Está formado por tres cadenas polipeptídicas que se enrollan entre sí formando una estructura helicoidal estable.,4
2025,131,Hematología,Fisiología y Patología Eritrocitaria,¿Cuál de las siguientes afirmaciones sobre la hemoglobina es CORRECTA?:,"El 2,3-BPG aumenta la afinidad de la hemoglobina por el O2.",Una disminución del pH reduce la afinidad de la hemoglobina por el O2.,La hemoglobina tiene mayor afinidad por el O2 que la mioglobina en los tejidos.,"Una molécula de hemoglobina se une a dieciséis moléculas de O2, cuatro por subunidad.",2
2025,132,Fisiología y Anatomía,Renal y Digestivo,"En condiciones de hipoglucemia, el hígado NO utiliza la glucosa como fuente de energía debido a:",Una constante de Michaelis-Menten baja para la glucoquinasa.,Una constante de Michaelis-Menten alta para la glucoquinasa.,Una regulación de la fosfofructoquinasa-1 por fosforilación.,Una reducción del número de transportadores de glucosa en la membrana plasmática.,2
2025,133,Bioquímica y Biología Molecular,"Proteínas, Enzimas y Aminoácidos",¿Qué proteína podría estar defectuosa en una niña con valores de triglicéridos plasmáticos de 750 mg/dL y niveles elevados de quilomicrones y VLDL?:,Apolipoproteína B100.,Apolipoproteína B48.,Apolipoproteína CII.,Lecitin-colesterol aciltransferasa (LCAT).,3
2025,134,Bioquímica y Biología Molecular,Metabolismo Energético,¿Cuál de las siguientes vías se bloquea como mecanismo de acción de los fármacos antiinflamatorios no esteroideos?:,La síntesis de prostaglandinas.,La síntesis de leucotrienos.,Toda la síntesis de eicosanoides.,La liberación de ácido araquidónico de la membrana.,1
2025,135,Bioquímica y Biología Molecular,Procesos Moleculares,"Al sintetizar la cadena complementaria de un ADN monocatenario con 20% A, 25% T, 30% G y 25% C, ¿cuál será el contenido de T?:",20%.,"22,5%.",25%.,30%.,1
2025,136,Bioquímica y Biología Molecular,Metabolismo Energético,Un paciente con una mutación del ADN mitocondrial reduce la actividad del complejo I de la cadena transportadora de electrones. ¿Qué paso de la transferencia de electrones se verá afectado?:,Succinato al complejo III.,Coenzima Q al complejo III.,NADH a la coenzima Q.,Coenzima Q al oxígeno.,3
2025,137,Biología Celular e Histología,Histología Humana,¿Dónde se sintetiza el grupo hemo?:,Exclusivamente en el tejido eritroide.,De modo preferente en el sistema nervioso central y periférico.,"En la mayoría de las células, fundamentalmente en los tejidos eritroide y hepático.",Exclusivamente en el tejido hepático.,3
2025,138,Hematología,Fisiología y Patología Eritrocitaria,Indique cuál de las siguientes determinaciones orientan al diagnóstico de anemia hemolítica:,"Hemoglobina baja, presencia de esquistocitos en el frotis sanguíneo, bilirrubina y LDH elevadas.",Hemoglobina baja y déficit de vitamina B12.,Hemoglobina baja con disminución de reticulocitos.,Hemoglobina baja con déficit de hierro.,1
2025,139,Bioquímica y Biología Molecular,Bioquímica Clínica,"En el cribado prenatal de cromosomopatías del primer trimestre del embarazo, ¿Qué marcadores bioquímicos de utilizan?:",La α-fetoproteina (AFP) y la fracción libre de la β-gonadotropina coriónica humana (β-HCG).,La proteína plasmática asociada al embarazo (PAPP-A) y la fracción libre de la β-HCG.,La AFP y la PAPP-A.,La AFP y el estriol no conjugado (uE3).,2
2025,140,Bioquímica y Biología Molecular,Técnicas de Biología Molecular,¿Cuál de los siguientes parámetros analíticos se utiliza para evaluar el estado nutricional de un paciente?:,Procalcitonina.,Transferrina.,Prealbúmina.,PCR.,3
2025,141,Bioquímica y Biología Molecular,Bioquímica Clínica,"Paciente de 39 años que consulta para conocer su riesgo vascular. Su padre sufrió un infarto de miocardio sin aparentes factores de riesgo a edad temprana. En el perfil lipídico la lipoproteína (a) está muy elevada, 600 nmol/L (valor normal hasta 125 nmol/L). Respecto a esta lipoproteína, señale la respuesta INCORRECTA:",Es un factor de riesgo independiente para la enfermedad vascular aterosclerótica.,Las concentraciones plasmáticas elevadas habitualmente son de origen genético.,El tratamiento con dieta y ejercicio reduce las concentraciones plasmáticas de la lipoproteína (a) a valores normales.,Dado que es un factor heredable habitualmente sólo se necesita medir una vez en la vida.,3
2025,142,Bioquímica y Biología Molecular,Bioquímica Clínica,¿Cuál de los siguientes parámetros séricos se cuantifica en primer lugar como prueba de cribado para detectar disfunciones tiroideas en pacientes ambulatorios?:,Tiroxina libre.,Triyodotironina total.,Tirotropina.,Tiroglobulina.,3
2025,143,Bioquímica y Biología Molecular,Bioquímica Clínica,"Respecto al test de O’Sullivan utilizado en el cribado de la diabetes gestacional, señale la opción CORRECTA:","Consiste en una prueba diagnóstica basada en la administración de 100 g de glucosa oral con determinaciones de glucemia basal a las 1, 2 y 3 horas, siendo diagnóstico de diabetes gestacional si dos o más valores están alterados.","Consiste en una prueba de cribado basado en la administración de 50 g de glucosa oral, considerándose positiva si la glucemia es superior a 140 mg/dL a la hora.","Forma parte de un protocolo diagnóstico de un solo paso recomendado universalmente por la OMS. Consiste en administrar 50 g de glucosa, diagnosticando diabetes gestacional si la glucemia es ≥ 140 mg/dL a los 120 minutos.","Es una prueba de cribado que se realiza en mujeres embarazadas exclusivamente con factores de riesgo, administrando 75 g de glucosa oral, siendo positiva si es superior a 200 mg/dL a la hora.",2
2025,144,Fisiología y Anatomía,Cardiovascular y Respiratorio,"En un paciente con cáncer de pulmón y una elevación de la enolasa neuronal específica en suero, ¿Qué tipo histológico de cáncer de pulmón sospecharía?:",Adenocarcinoma.,Escamoso.,De células grandes.,De células pequeñas.,4
2025,145,Bioquímica y Biología Molecular,Bioquímica Clínica,"En cuanto al pH en líquido pleural, ¿Cuál es la afirmación CORRECTA?:","Un pH inferior a 7,3 en un derrame pleural maligno sugiere que la enfermedad está avanzada.","Un pH inferior a 7,3 en un derrame pleural paraneumónico indica que es un empiema.","Un pH inferior a 7,3 es uno de los criterios de Light de exudado pleural.","Un pH inferior a 7,3 es frecuente en los trasudados pleurales.",1
2025,146,Fisiología y Anatomía,Endocrino y Reproductor,¿En qué tipo de cáncer de tiroides se puede utilizar la calcitonina sérica como marcador tumoral?:,Folicular.,Medular.,Papilar.,Anaplásico.,2
2025,147,Bioquímica y Biología Molecular,Bioquímica Clínica,¿Cuál de las siguientes representa la principal causa de falsos positivos en la determinación sérica del marcador tumoral CA 125?:,Prostatitis.,Pancreatitis.,Derrames serosos.,Hipertiroidismo.,3
2025,148,Bioquímica y Biología Molecular,Bioquímica Clínica,La determinación en suero de la isoenzima CK-MB se ha usado clásicamente para:,Evaluar daño muscular esquelético crónico.,Diagnosticar pancreatitis aguda.,Detectar necrosis miocárdica aguda.,Monitorizar función renal.,3
2025,149,Hematología,Fisiología y Patología Eritrocitaria,"En una anemia hemolítica, tras la determinación de haptoglobina, sus niveles se encontrarán:",Disminuidos.,Aumentados ligeramente.,No se ven alterados.,Exageradamente elevados.,1
2025,150,Fisiología y Anatomía,Renal y Digestivo,En qué enfermedad esperamos encontrar niveles elevados de cobre en hígado:,Enfermedad de Parkinson.,Enfermedad de Addison.,Nunca se miden niveles de cobre en el organismo.,Enfermedad de Wilson.,4
2025,151,Fisiología y Anatomía,Endocrino y Reproductor,Es un buen indicador de los niveles medios de glucosa en sangre durante un periodo de tiempo de varias semanas:,La insulina.,El glucagón.,El almidón sérico.,La hemoglobina glicada.,4
2025,152,Bioquímica y Biología Molecular,Bioquímica Clínica,"Dentro de los marcadores de inflamación, es altamente sensible y específico para la detección de sepsis bacteriana:",El propéptido natriurético cerebral N- terminal (NT-proBNP).,La calcitonina.,La procalcitonina.,La miosina.,3
2025,153,Bioquímica y Biología Molecular,"Proteínas, Enzimas y Aminoácidos",¿Qué consecuencia tiene la activación de la respuesta a las proteínas mal plegadas en el retículo endoplasmático de las células de mamíferos?:,Aumento global de la síntesis de proteínas.,Activación de la muerte celular por necrosis.,Expansión del retículo endoplasmático.,Inhibición de las chaperonas.,3
2025,154,Bioquímica y Biología Molecular,"Proteínas, Enzimas y Aminoácidos",La direccionalidad del transporte de proteínas a través de los poros nucleares está determinada por:,La GTPasa Ran.,La GTPasa Rab.,Las importinas y las exportinas.,Las carioferinas.,1
2025,155,Bioquímica y Biología Molecular,Procesos Moleculares,¿Cuál es la función principal de los activadores de la transcripción en la regulación génica de eucariotas?:,"Fosforilar las histonas H2A y H2B, lo que permite que el promotor sea reconocido por los factores generales de transcripción.",Reclutar coactivadores que acetilan histonas y facilitan la apertura de la cromatina.,Reclutar la ARN polimerasa II al promotor sin necesidad de factores generales.,"Fosforilar la ARN polimerasa II, iniciando la elongación de la transcripción.",2
2025,156,Fisiología y Anatomía,Endocrino y Reproductor,El cortisol:,Se une a receptores intracelulares de las células diana.,Es una molécula señalizadora pequeña e hidrofílica.,Es el segundo mensajero en la señalización paracrina.,Activa la cascada de la proteína quinasa activada por mitógenos (MAPK).,1
2025,157,Bioquímica y Biología Molecular,"Proteínas, Enzimas y Aminoácidos",¿Qué tipo de proteína es la quinesina?:,Proteína motora asociada a microfilamentos.,Proteína motora asociada a microtúbulos.,Proteína estabilizadora de los microtúbulos.,Proteína de anclaje de los filamentos de actina.,2
2025,158,Biología Celular e Histología,"Ciclo Celular, Mitosis y Apoptosis",¿Cuál es el principal complejo inductor del inicio de la mitosis en vertebrados?:,Ciclina A-cdk2.,Ciclina B-cdk1.,Ciclina D-cdk4.,Ciclina E-cdk2.,2
2025,159,Hematología,Serie Blanca y Neoplasias,¿Qué mecanismo de activación de un oncogén se relaciona con la leucemia mieloide crónica?:,Amplificación.,Reordenamiento cromosómico.,Mutación puntual.,Silenciamiento epigenético.,2
2025,160,Biología Celular e Histología,Histología Humana,Respecto al diagnóstico genético en el tejido canceroso de mutaciones asociadas a tratamientos dirigidos o resistencia a los mismos:,"Se debe hacer, en cualquier cáncer extirpado, toda la batería de mutaciones conocidas para cualquier cáncer.","Se recomienda hacer test genéticos dirigidos en el tejido canceroso biopsiado para decidir el tratamiento más adecuado y valorar pronóstico, especialmente cuando se conocen las mutaciones buscadas y el beneficio de conocerlas.",Se recomienda hacer el exoma completo a cualquier paciente que haya sufrido un cáncer.,Se recomienda hacer el genoma completo a todo paciente de cáncer para decidir el tratamiento.,2
2025,161,Bioquímica y Biología Molecular,Procesos Moleculares,Cuando un gen es traducido a proteína se necesitan otros ácidos nucleicos en el proceso:,Debe utilizarse la cadena “reverse” del ADN para ser copiada por una helicasa en ARN circular.,Solo se necesitan las polimerasas y el ARN mensajero junto con los microRNAs reguladores.,Se necesita el ADN complementario para retrotranscribirlo y luego poder formar una proteína.,"Se necesitan cadenas de ARN mensajero, el ARN transferente y el ARN de los ribosomas.",4
2025,162,Bioquímica y Biología Molecular,Procesos Moleculares,En relación con los mecanismos de reparación del ADN dañado por apareamientos erróneos:,"Los sistemas de reparación por escisión de bases retiran de manera directa la base dañada (interpretada como la última sintetizada, tomando de molde la más antigua) y la sustituyen en el ADN.",El ADN dañado es eliminado produciendo deleciones cromosómicas que al no ocurrir en las gónadas no se heredarán.,"El ADN dañado es testado por la célula produciendo proteínas que, si proporcionan ventajas evolutivas, se conservarán.","Cuando el ADN es dañado por un cambio de base mal apareada, se induce la apoptosis celular.",1
2025,163,Microbiología y Parasitología,Bacteriología,Señale cuál de los siguientes géneros NO pertenece al orden Enterobacterales:,Morganella.,Citrobacter.,Stenotrophomonas.,Providencia.,3
2025,164,Microbiología y Parasitología,Virología,¿Cuál de los siguientes virus NO pertenece al orden Mononegavirales?:,Virus de la rabia.,Virus de las paperas.,Virus del sarampión.,Virus influenza.,4
2025,165,Microbiología y Parasitología,Bacteriología,Una de las siguientes afirmaciones respecto a los patotipos de Escherichia coli que producen infecciones gastrointestinales es FALSA:,E. coli enterohemorrágico se asocia con la producción de las toxinas Shiga.,E. coli enterotoxigénico es una causa frecuente de la diarrea del viajero.,E. coli enteroinvasivo se asocia con la producción de enterotoxinas termoestables y termolábiles.,E. coli enteropatógeno es una causa frecuente de diarrea del lactante.,3
2025,166,Bioquímica y Biología Molecular,"Proteínas, Enzimas y Aminoácidos",¿Cuál es el mecanismo de acción de las equinocandinas?:,"Inhibición de la síntesis de 1,3-β-D- glucano.",Inhibición de la síntesis de ergosterol.,Inhibición de la síntesis de ADN.,Inhibición de la síntesis de proteínas.,1
2025,167,Inmunología,Inmunidad Adaptativa,¿Cuál es el método microbiológico más común para el diagnóstico de las dermatofitosis?:,Detección de anticuerpos específicos en suero por técnicas de enzimoinmunoensayo.,Detección por PCR en tiempo real en el exudado de las lesiones.,Microscopía tras preparación con KOH y cultivo del raspado cutáneo.,Microscopía tras tinción de Giemsa y detección de antígeno específico en el raspado cutáneo.,3
2025,168,Microbiología y Parasitología,Antimicrobianos y Resistencias,Las β-lactamasas de clase B o metalo-β- lactamasas se caracterizan por:,Conferir resistencia a todos los antibióticos de la familia de los macrólidos.,Ser capaces de hidrolizar vancomicina.,Se inhiben en presencia de EDTA.,A este grupo pertenecen las β- lactamasas tipo OXA.,3
2025,169,Microbiología y Parasitología,Bacteriología,La combinación antibiótica imipenemrelebactam:,Posee una excelente actividad frente a Pseudomonas aeruginosa.,Dada su reciente comercialización NO existen mecanismos de resistencia a la misma.,Posee una excelente actividad frente a Staphylococcus aureus resistente a meticilina (SARM).,NO tiene actividad frente a Enterobacterales.,1
2025,170,Microbiología y Parasitología,Bacteriología,Acinetobacter baumannii se caracteriza por:,Visualizarse como cocos Gram positivos aislados en la tinción de Gram.,Su extraordinaria sensibilidad a la penicilina.,Ser el principal agente causal de infección del tracto urinario en la comunidad.,Ser resistente a los antibióticos carbapenémicos por la producción de enzimas del tipo OXA.,4
2025,171,Microbiología y Parasitología,Bacteriología,¿Qué características de Streptococcus pneumoniae permite diferenciarlo de estreptococos del grupo viridans?:,Resistencia a la optoquina y β-hemólisis.,Crecimiento en bilis-esculina y α- hemólisis.,Sensibilidad a la optoquina y solubilidad en sales biliares.,Reacciones de catalasa y oxidasa negativas.,3
2025,172,Microbiología y Parasitología,Bacteriología,"Con relación al carbunco, es FALSO que:",Se adquiere por contacto con herbívoros infectados.,Es una zoonosis causada por Bacillus anthracis.,La transmisión NO ocurre por inhalación de aerosoles.,El suelo de un prado puede ser reservorio.,3
2025,173,Microbiología y Parasitología,Bacteriología,"En relación a la difteria, es FALSO que:",La infección se adquiere principalmente por vía oral.,Se produce por cepas toxigénicas de Corynebacterium diphteriae.,El ser humano es el único reservorio del agente etiológico.,Se forman pseudomembranas que contribuyen a la obstrucción de la vía aérea.,1
2025,174,Microbiología y Parasitología,Parasitología,Indica la opción FALSA sobre las rickettsias:,Se transmiten por vectores artrópodos.,La bacteriemia que causan puede detectarse con hemocultivos.,Invaden las células del endotelio vascular.,Las rickettsiosis se tratan con tetraciclinas.,2
2025,175,Fisiología y Anatomía,Cardiovascular y Respiratorio,"Respecto a Bordetella pertussis, es FALSO que:",Suele causar infecciones del tracto respiratorio superior.,La mayoría de los cuadros graves se observan en niños menores de 6 meses.,Se considera erradicada en España tras la introducción de la vacunación sistemática en niños.,Puede causar infección en adultos sanos.,3
2025,177,Microbiología y Parasitología,Antimicrobianos y Resistencias,¿Cuál de los siguientes NO sería un tratamiento antibiótico correcto de un absceso intraabdominal polimicrobiano?:,Vancomicina + daptomicina.,Cefotaxima + metronidazol.,Piperacilina-tazobactam.,Meropenem.,1
2025,178,Microbiología y Parasitología,Bacteriología,"Respecto a Francisella tularensis, ¿cúal de las siguientes es FALSA?:",Es el agente causal de la zoonosis conocida como tularemia.,Se considera un agente potencial de bioterrorismo.,NO existe tratamiento antibiótico efectivo para las infecciones causadas por F. tularensis.,Presenta distribución mundial.,3
2025,179,Microbiología y Parasitología,Bacteriología,"Respecto a Brucella melitensis, ¿cuál de las siguientes es CORRECTA?:",La brucelosis es una zoonosis endémica de los países desarrollados.,La principal fuente de transmisión de la brucelosis es la leche de ovejas o cabras contaminada.,"Es una bacteria intracelular, no cultivable en el laboratorio.",La infección del sistema nervioso central es la manifestación clínica más frecuente.,2
2025,180,Microbiología y Parasitología,Bacteriología,¿Cuál de los siguientes microorganismos causa otitis media aguda?:,Staphylococcus aureus.,Neumococo.,Pseudomonas aeruginosa.,Aspergillus niger.,2
2025,181,Microbiología y Parasitología,Bacteriología,"Respecto a Clostridioides difficile, ¿cuál de las siguientes es CORRECTA?:",Es causa frecuente de brotes comunitarios de toxinfección alimentaria.,Es un bacilo Gram negativo esporulado.,Causa infecciones que no requieren tratamiento antibiótico.,Se asocia a infecciones relacionadas con el ámbito sanitario.,4
2025,182,Microbiología y Parasitología,Antimicrobianos y Resistencias,"Respecto a las carbapenemasas en enterobacterias, una de las siguientes afirmaciones es FALSA:","Pueden conferir resistencia a penicilinas, cefalosporinas y carbapenemas.",Las carbapenemasas más frecuentes son las pertenecientes a la clase C.,Los monobactámicos como el aztreonam son activos frente a las carbapenemasas de clase B.,Suelen estar codificadas en elementos genéticos transferibles como plásmidos y/o transposones.,2
2025,183,Microbiología y Parasitología,Bacteriología,El bacilo de Calmette-Guérin (BCG) es una cepa atenuada de:,Mycobacterium tuberculosis.,Mycobacterium bovis.,Mycobacterium avium.,Mycobacterium leprae.,2
2025,184,Microbiología y Parasitología,Bacteriología,Una característica importante del diagnóstico de laboratorio de Actinomyces israelii es que:,Crece rápidamente en medios comunes.,Produce fluorescencia en luz ultravioleta.,Requiere cultivo prolongado en condiciones anaerobias.,Es ácido-alcohol resistente débil.,3
2025,185,Microbiología y Parasitología,Bacteriología,¿Cuál de las siguientes manifestaciones corresponde a la sífilis secundaria?:,Chancro duro.,Ausencia de síntomas.,Neurosífilis y aortitis.,Lesiones mucocutáneas y condilomas planos.,4
2025,186,Microbiología y Parasitología,Virología,"Según la naturaleza de su genoma y la presencia de envoltura lipídica, ¿cómo se clasifican los virus parainfluenza?:",Virus de ADN monocatenario sin envoltura.,Virus de ARN bicatenario con envoltura.,Virus de ARN monocatenario de polaridad positiva sin envoltura.,Virus de ARN monocatenario de polaridad negativa con envoltura.,4
2025,187,Microbiología y Parasitología,Bacteriología,"Respecto al diagnóstico de la infección por rotavirus en niños, señale la afirmación CORRECTA:",El diagnóstico clínico por sí solo es suficiente para confirmar la etiología de la infección.,"La confirmación definitiva requiere pruebas de laboratorio, siendo los inmunoensayos para la detección de antígeno vírico en heces las técnicas de elección, por su sensibilidad y bajo coste.","La confirmación definitiva se lleva a cabo mediante detección serológica de anticuerpos específicos contra las proteínas de la membrana externa de rotavirus, por su especificidad y bajo coste.",El cultivo celular se emplea rutinariamente como principal herramienta diagnóstica para detectar rotavirus.,2
2025,188,Microbiología y Parasitología,Virología,"Respecto a la transmisión de la infección por virus del herpes simple (VHS) en el recién nacido, señale la afirmación CO- RRECTA:",La mayoría de las infecciones neonatales se adquieren durante el paso por el canal del parto.,La vía más frecuente de transmisión es intrauterina (congénita).,La transmisión postnatal es la principal causa de infección neonatal.,El contagio transplacentario ocurre en más del 50% de los casos.,1
2025,189,Microbiología y Parasitología,Virología,"Respecto a la fiebre hemorrágica por virus del dengue, señale la afirmación CORRECTA:",Solo se presenta en infecciones primarias por un único serotipo del virus del dengue.,El principal factor de riesgo es una infección secundaria por un serotipo diferente al de la infección previa.,Aparece exclusivamente en adultos inmunocomprometidos.,Es causada únicamente por el serotipo DENV-4.,2
2025,190,Microbiología y Parasitología,Virología,¿Cuál de los siguientes factores favorece la aparición de resistencia a los antivirales?:,Baja frecuencia de mutación del virus y tratamientos de corta duración.,Alta fidelidad de la enzima polimerasa en la replicación viral.,Alta tasa de replicación viral y presión farmacológica subinhibidora.,Escasa variabilidad genética en la población viral.,3
2025,191,Microbiología y Parasitología,Virología,Señale la afirmación INCORRECTA de entre las siguientes:,El virus de la hepatitis delta (VHD) contiene ARN monocatenario con actividad ribozima.,La superficie de la partícula infectiva del VHD es la proteína HBsAg del virus de la Hepatitis B.,La detección de ARN del VHD en el plasma es un signo de infección activa por este virus.,El VHD utiliza una polimerasa codificada en su genoma para replicarse.,4
2025,192,Inmunología,Inmunidad Adaptativa,¿Qué proteína del virus de la inmunodeficiencia humana (VIH) se detecta en los enzimoinmunoensayos “combo” (detección mixta de antígeno y anticuerpos)?:,gp41.,gp120.,p24.,p66.,3
2025,193,Microbiología y Parasitología,Virología,¿Cuál de los siguientes marcadores serológicos se correlaciona mejor con la actividad replicativa del virus de la hepatitis B?:,HBsAg.,HBeAg.,HBcAc.,HBcAg.,2
2025,194,Microbiología y Parasitología,Virología,La integrasa del virus de la inmunodeficiencia humana (VIH) tipo 1 está codificada en uno de los siguientes genes:,gag.,tat.,env.,pol.,4
2025,195,Microbiología y Parasitología,Virología,Señale la respuesta CORRECTA respecto al SARS-CoV-2:,Es un virus con alta estacionalidad.,Patógeno estrictamente humano.,Virus ARN monocatenario de polaridad positiva.,Virus ARN bicatenario de polaridad negativa.,3
2025,196,Microbiología y Parasitología,Parasitología,"De las especies de Plasmodium que infectan al hombre, ¿cuáles pueden generar recidivas a partir de las formas hepáticas?:",P. vivax y P. ovale.,P. falciparum y P. malariae.,P. malariae.,Cualquier especie de Plasmodium con capacidad de infectar al hombre.,1
2025,197,Fisiología y Anatomía,Renal y Digestivo,Podemos encontrar en orina como causa de infección:,Huevos de Schistosoma haematobium.,Huevos de Schistosoma mansoni.,Larvas de Strongyloides stercoralis.,Huevos de Ascaris lumbricoides.,1
2025,198,Microbiología y Parasitología,Parasitología,Respecto a la leishmaniasis es FALSO:,El flebotomo inocula formas promastigote.,Las formas amastigote tienen localización intracelular.,En la leishmaniasis visceral se pueden observar formas promastigote en una extensión de médula ósea teñida con Giemsa.,Leishmania spp. puede crecer en medios específicos de cultivo en el laboratorio.,3
2025,199,Microbiología y Parasitología,Parasitología,Acerca de Echinococcus granulosus es FALSO:,El hospedador definitivo puede ser el perro.,El hombre es hospedador intermediario.,La oveja es hospedador intermediario.,El quiste hidatídico contiene un escólex.,4
2025,200,Microbiología y Parasitología,Parasitología,Uno de los siguientes criterios NO sirve para diferenciar Taenia solium de Taenia saginata:,Morfología de las proglótides grávidas.,Morfología de los huevos.,Presencia o ausencia de ganchos en el escólex.,Número de ramificaciones uterinas de las proglótides.,2
2025,201,Microbiología y Parasitología,Bacteriología,Las células M (microfold cells) tienen importancia en el procesamiento antigénico y se encuentran en relación con:,Placas de Peyer.,Ganglios linfáticos cervicales.,Medula ósea.,"La sangre circulante, pero solo si hay una infección.",1
2025,202,Biología Celular e Histología,"Orgánulos, Citoesqueleto y Matriz","En relación con la polimerización de los filamentos de actina, los monómeros de actina:",Se añaden únicamente en el extremo (+) del filamento.,"Se añaden en ambos extremos del filamento, siendo la incorporación más rápida en el extremo (+).",Se añaden únicamente en el extremo (-) del filamento.,"Se añaden en ambos extremos del filamento, siendo la incorporación más rápida en el extremo (-).",2
2025,203,Fisiología y Anatomía,Sistema Nervioso y Sentidos,¿Qué tipo celular de la glía tiene la función de fagocitar los restos celulares en el sistema nervioso central?:,Astrocitos.,Oligodendrocitos.,Células microgliales o microgliocitos.,Células de Schwann.,3
2025,204,Inmunología,Inmunidad Adaptativa,¿Qué opción hace referencia a una inmunoglobulina pentamérica?:,Ig D.,Ig E.,Ig G.,Ig M.,4
2025,205,Hematología,Serie Blanca y Neoplasias,"Un cariotipo de médula ósea 46,XY,t(12;21)(p13;q22) puede corresponder a un varón con:",Leucemia aguda mieloide.,Leucemia linfocítica aguda.,Sarcoma de Ewing.,Linfoma del manto.,2
2025,206,Estadística y Metodología,Bioestadística,¿Cuál de las siguientes condiciones asegura que el parámetro pendiente (b) de una recta de regresión entre las variables X e Y (Y=a+bX+e) vale cero?:,La media de Y es cero.,La media de X es cero.,La correlación entre X e Y es cero.,Las variables X e Y están estandarizadas.,3
2025,207,Fisiología y Anatomía,Renal y Digestivo,"Con respecto a la α-amilasa en la pancreatitis aguda, ¿Cuál es la afirmación CO- RRECTA?:","No se produce hiperamilasuria, sólo hiperamilasemia.",Se produce hiperamilasemia que supera tres veces el límite superior de referencia.,La isoenzima S de la α-amilasa pasa a la orina y se produce hiperamilasuria.,Se produce hiperamilasemia por un aumento de la actividad de las isoenzimas S y P de la α-amilasa.,2
2025,208,Fisiología y Anatomía,Endocrino y Reproductor,"En el hipotiroidismo autoinmune, uno de los primeros hallazgos analíticos, son los valores de la hormona estimulante del tiroides (TSH):",Elevados.,Disminuidos.,Indetectables.,Normales.,1
2025,209,Microbiología y Parasitología,Bacteriología,"¿Cuál es la asociación CORRECTA entre bacteria, reservorio y patología?:",Enterococcus spp. / intestino / enteritis.,Streptococcus pyogenes / faringe / fascitis necrotizante.,Bacillus cereus / reservorio animal / toxiinfección alimentaria.,Streptococcus agalactiae / piel / sepsis neonatal.,2
2025,210,Microbiología y Parasitología,Bacteriología,El mecanismo más frecuente de resistencia a quinolonas en bacterias Gram negativas es:,Modificación de la subunidad β de la ARN polimerasa.,Modificación del ARN ribosómico 23S.,Modificación de la ADN polimerasa.,Modificación de la ADN girasa.,4
